player_id,player_name,position,prior_team,target_season,target_age,prior_seasons,prior_games,full_prior_seasons,latest_games,role_bucket,role_rank,contract_rebound_research,generic_role_eq17,identity_raw_eq17,identity_shrunk_eq17,identity_state_eq17,identity_guardrail_eq17,identity_contract_eq17,forecast_team,forecast_position,current_roster_match,target_position,target_team,target_role,prior_role,target_room_ordinal,depth_verified,target_role_source,priorTeam,targetTeam,newTeam,priorQuarterbackId,targetQuarterbackId,targetQuarterback,newQuarterback,quarterbackRateDeltaPct,quarterbackFactor,priorSchemeValue,destinationSchemeValue,schemeDeltaPct,schemeFactor,newHeadCoach,newOffensiveCoordinator,offensiveContinuity,coachContinuityScore,coachingNote,seasonMatchupIndex,seasonMatchupFactor,nextOpponent,nextMatchupIndex,nextMatchupFactor,combinedFactor,role_generic_rate,last_year_raw_rate,last_year_rate,last_year_context_rate,last_year_games,last_year_reported_rate,older_fallback_rate,last_year_sample_weight,projection_blend_weight,context_eligible,projected_games_v21,role_generic_total,last_season_total,last_season_context_total,productionChanged,last_season_rate,last_season_context_rate,careerStateUsed,contractContextUsed,playerName,team,primaryMetric,role,roleSource,officialProjection,candidateProjection,delta,actualGames,candidateRemainingGames,nextGameRate,newsSignal,newsModifier,newsApplied,lastYearTouchdowns,lastYearTouchdownsPerGame,touchdownProjectionAdjustment,projectedTouchdownsPerGame,actualTouchdowns,candidateTouchdowns,nextGameTouchdownRate
00-0033106,Jared Goff,QB,DET,2026.0,31.883591,3.0,51.0,3.0,17.0,STARTER,1.0,False,4165.0,4587.953424,4552.989539,4552.989539,4552.989539,4552.989539,DET,QB,True,QB,DET,STARTER,STARTER,1,True,Ourlads depth chart,DET,DET,False,00-0033106,4597679,Luke Altmyer,False,0.0,1.0,34.1176470588,34.1176470588,0.0,1.0,False,True,MEDIUM,,Head coach retained; offensive coordinator changed.,0.965270502,0.9913176255,NO,0.8733913129,0.9683478282,0.9913176255,245.0,268.7417645,266.130170405,263.8195285993,17.0,268.470588,271.182353,0.9,0.89,True,16.8,4165.0,4470.986862804,4432.1680804684,False,266.130170405,263.8195285993,False,False,Jared Goff,DET,passingYards,STARTER,Ourlads depth chart,1784.0,4432.1680804684,2648.1680804684,0.0,16.8,255.4690675615,,1.0,False,34.0,2.0,0.9827,1.9654,0.0,33.02,1.9031
00-0033077,Dak Prescott,QB,DAL,2026.0,33.093746,3.0,42.0,3.0,17.0,STARTER,1.0,False,4165.0,4440.583314,4411.593461,4411.593461,4411.593461,4411.593461,DAL,QB,True,QB,DAL,STARTER,STARTER,1,True,Ourlads depth chart,DAL,DAL,False,00-0033077,4360698,Joe Milton III,False,-82.9141036982,1.0,36.7058823529,36.7058823529,0.0,1.0,False,True,MEDIUM,,Head coach retained; offensive coordinator changed.,1.0414720152,1.0103680038,NYG,1.0181711079,1.004542777,1.0103680038,245.0,266.3571325,264.007847925,266.7450822945,17.0,267.764706,253.688971,0.9,0.89,True,15.747,4165.0,4157.331581275,4200.4348108918,False,264.007847925,266.7450822945,False,False,Dak Prescott,DAL,passingYards,STARTER,Ourlads depth chart,1743.0,4200.4348108918,2457.4348108918,0.0,15.747,267.9568457097,,1.0,False,30.0,1.7647,0.9962,1.758,0.0,27.68,1.766
00-0036971,Trevor Lawrence,QB,JAX,2026.0,26.906076,3.0,43.0,3.0,17.0,STARTER,1.0,False,4165.0,3887.127555,3881.554974,3881.554974,3881.554974,3881.554974,JAX,QB,True,QB,JAX,STARTER,STARTER,2,True,Ourlads depth chart,JAX,JAX,False,00-0036971,4360310,Trevor Lawrence,False,0.0,1.0,33.1176470588,33.1176470588,0.0,1.0,False,False,HIGH,,Offensive leadership retained.,1.0462923615,1.0115730904,CLE,0.8346437367,0.96,1.0115730904,245.0,234.2127938,235.29151442,238.0145643816,17.0,235.705882,220.775,0.9,0.9,True,15.918,4165.0,3745.3703265376,3788.7158358261,False,235.29151442,238.0145643816,False,False,Trevor Lawrence,JAX,passingYards,STARTER,Ourlads depth chart,1611.0,3788.7158358261,2177.7158358261,0.0,15.918,228.4939818063,,1.0,False,29.0,1.7059,1.0098,1.7226,0.0,27.42,1.6537
00-0026498,Matthew Stafford,QB,LAR,2026.0,38.566822,3.0,48.0,3.0,17.0,STARTER,1.0,False,4165.0,4460.65038,4470.748222,4470.748222,4470.748222,4470.748222,LAR,QB,True,QB,LAR,STARTER,STARTER,1,True,Ourlads depth chart,LAR,LAR,False,00-0026498,12483,Matthew Stafford,False,0.0,1.0,35.1176470588,35.1176470588,0.0,1.0,False,True,MEDIUM,,Head coach retained; offensive coordinator changed.,0.9972726735,0.9993181684,SF,1.0760306643,1.0190076661,0.9993181684,245.0,273.7289094,270.568729366,270.3842470468,17.0,276.882353,245.347917,0.9,0.89,True,16.557,4165.0,4479.8064521129,4476.7519783536,False,270.568729366,270.3842470468,False,False,Matthew Stafford,LAR,passingYards,STARTER,Ourlads depth chart,2407.0,4476.7519783536,2069.7519783536,0.0,16.557,275.5236205236,,1.0,False,46.0,2.7059,0.9765,2.6424,0.0,43.75,2.6926
00-0040676,Cam Ward,QB,TEN,2026.0,24.27221,1.0,17.0,1.0,17.0,STARTER,1.0,False,4165.0,3169.0,3528.259875,3528.259875,3528.259875,3528.259875,TEN,QB,True,QB,TEN,STARTER,STARTER,1,True,Ourlads depth chart,TEN,TEN,False,00-0040676,4688380,Cam Ward,False,0.0,1.0,33.5294117647,33.5294117647,0.0,1.0,True,True,LOW,,New head coach and offensive staff.,1.0415336171,1.0103834043,NYJ,0.997750088,0.999437522,1.0103834043,245.0,192.2705885,198.070823765,200.127473201,17.0,186.411765,245.0,0.9,0.89,True,16.8,4165.0,3327.589839252,3362.1415497768,False,198.070823765,200.127473201,False,False,Cam Ward,TEN,passingYards,STARTER,Ourlads depth chart,1416.0,3362.1415497768,1946.1415497768,0.0,16.8,200.0149058977,,1.0,False,15.0,0.8824,1.0736,0.9473,0.0,15.91,0.9467
00-0036355,Justin Herbert,QB,LAC,2026.0,28.480373,3.0,46.0,3.0,16.0,STARTER,1.0,False,4165.0,3955.645877,3970.504125,3970.504125,3970.504125,3970.504125,LAC,QB,True,QB,LAC,STARTER,STARTER,2,True,Ourlads depth chart,LAC,LAC,False,00-0036355,4038941,Justin Herbert,False,0.0,1.0,33.4705882353,33.4705882353,0.0,1.0,False,True,MEDIUM,,Head coach retained; offensive coordinator changed.,0.9799317471,0.9949829368,ARI,1.0807432073,1.0201858018,0.9949829368,245.0,232.8785011,234.211865979,233.0368102366,16.0,232.9375,232.347511,0.9,0.89,True,15.828,4165.0,3707.1054147156,3688.5066324248,False,234.211865979,233.0368102366,False,False,Justin Herbert,LAC,passingYards,STARTER,Ourlads depth chart,1791.0,3688.5066324248,1897.5066324248,0.0,15.828,237.7408451066,,1.0,False,26.0,1.625,1.0004,1.6257,0.0,25.73,1.6585
00-0034857,Josh Allen,QB,BUF,2026.0,30.281915,3.0,49.0,3.0,16.0,STARTER,1.0,False,4165.0,3980.107512,3991.875335,3991.875335,3991.875335,3991.875335,BUF,QB,True,QB,BUF,STARTER,STARTER,1,True,Ourlads depth chart,BUF,BUF,False,00-0034857,4039034,Shane Buechele,False,-61.6139585605,1.0,29.1176470588,29.1176470588,0.0,1.0,True,True,MEDIUM,,Head-coach change with some offensive-system continuity.,0.969521031,0.9923802578,HOU,0.9084735779,0.9771183945,0.9923802578,245.0,230.3474816,231.959258624,230.1917888621,16.0,229.25,240.224816,0.9,0.89,True,15.963,4165.0,3702.7656454149,3674.5515256058,False,231.959258624,230.1917888621,False,False,Josh Allen,BUF,passingYards,STARTER,Ourlads depth chart,1824.0,3674.5515256058,1850.5515256058,0.0,15.963,224.9246311515,,1.0,False,25.0,1.5625,1.0041,1.5689,0.0,25.04,1.533
00-0033873,Patrick Mahomes,QB,KC,2026.0,30.958178,3.0,46.0,3.0,14.0,STARTER,1.0,False,4165.0,4314.465775,4294.145601,4294.145601,4294.145601,4294.145601,KC,QB,True,QB,KC,STARTER,STARTER,1,True,Ourlads depth chart,KC,KC,False,00-0033873,3139477,Patrick Mahomes,False,0.0,1.0,34.3529411765,34.3529411765,0.0,1.0,False,True,MEDIUM,,Head coach retained; offensive coordinator changed.,0.9773752694,0.9943438174,DEN,0.9440794587,0.9860198647,0.9943438174,245.0,255.7006699,254.523596211,253.0839642652,14.0,256.214286,251.078125,0.9,0.89,True,14.86,4165.0,3782.2206396955,3760.8277089802,False,254.523596211,253.0839642652,False,False,Patrick Mahomes,KC,passingYards,STARTER,Ourlads depth chart,2441.0,3760.8277089802,1319.8277089802,0.0,14.86,249.5458161969,,1.0,False,22.0,1.5714,0.9878,1.5522,0.0,23.07,1.5305
00-0040691,Jaxson Dart,QB,NYG,2026.0,23.305728,1.0,14.0,1.0,14.0,STARTER,1.0,False,4165.0,2758.857143,3391.076923,3391.076923,3391.076923,3391.076923,NYG,QB,True,QB,NYG,STARTER,STARTER,2,True,Ourlads depth chart,NYG,NYG,False,00-0040691,4689114,Jaxson Dart,False,0.0,1.0,30.8235294118,30.8235294118,0.0,1.0,True,True,LOW,,New head coach and offensive staff.,1.0342491959,1.008562299,DAL,1.1836337307,1.04,1.008562299,245.0,170.5571426,178.745856914,180.2763323827,14.0,162.285714,245.0,0.9,0.89,True,15.24,4165.0,2724.0868593694,2747.4113055116,False,178.745856914,180.2763323827,False,False,Jaxson Dart,NYG,passingYards,STARTER,Ourlads depth chart,1443.0,2747.4113055116,1304.4113055116,0.0,15.24,187.487385678,,1.0,False,15.0,1.0714,1.1109,1.1902,0.0,18.14,1.2378
00-0039918,Caleb Williams,QB,CHI,2026.0,24.786936,2.0,34.0,2.0,17.0,STARTER,1.0,False,4165.0,3830.41869,3830.967094,3926.411295,3926.411295,3926.411295,CHI,QB,True,QB,CHI,STARTER,STARTER,1,True,Ourlads depth chart,CHI,CHI,False,00-0039918,4431611,Caleb Williams,False,0.0,1.0,33.6470588235,33.6470588235,0.0,1.0,False,True,MEDIUM,,Head coach retained; offensive coordinator changed.,0.9443874681,0.986096867,CAR,0.957431664,0.989357916,0.986096867,245.0,229.5235295,231.225941255,228.0111762443,17.0,231.882353,208.294118,0.9,0.89,True,16.8,4165.0,3884.595813084,3830.5877609037,False,231.225941255,228.0111762443,False,False,Caleb Williams,CHI,passingYards,STARTER,Ourlads depth chart,2590.0,3830.5877609037,1240.5877609037,0.0,16.8,225.5846621557,,1.0,False,27.0,1.5882,0.9833,1.5617,0.0,26.24,1.5451
00-0030565,Geno Smith,QB,LV,2026.0,35.894625,3.0,47.0,3.0,15.0,STARTER,1.0,False,4165.0,3794.93315,3862.119065,3862.119065,3862.119065,3862.119065,NYJ,QB,True,QB,NYJ,STARTER,STARTER,2,True,Ourlads depth chart,LV,NYJ,True,00-0030565,4250360,Bailey Zappe,False,0.0,1.0,30.2941176471,30.6875,1.2985436893,1.0018179612,False,True,MEDIUM,,Head coach retained; offensive coordinator changed.,0.9367180352,0.9841795088,TEN,1.1050913464,1.0262728366,0.9859687089,245.0,206.4736474,212.25260029,209.2744222767,15.0,201.666667,249.736471,0.9,0.85,True,15.234,4165.0,3233.4561128179,3188.0865489633,False,212.25260029,209.2744222767,False,False,Geno Smith,NYJ,passingYards,STARTER,Ourlads depth chart,2022.0,3188.0865489633,1166.0865489633,0.0,15.234,214.7726549793,,1.0,False,19.0,1.2667,1.0377,1.3145,0.0,20.02,1.349
00-0038543,Jaxon Smith-Njigba,WR,SEA,2026.0,24.546,3.0,51.0,3.0,17.0,STARTER,1.0,False,1139.0,1502.600809,1418.505635,1503.615973,1503.615973,1503.615973,SEA,WR,True,WR,SEA,STARTER,STARTER,3,True,Ourlads depth chart,SEA,SEA,False,00-0034869,3912547,Sam Darnold,True,0.0,1.0,0.6819923372,0.6819923372,0.0,1.0,False,True,MEDIUM,,Head coach retained; offensive coordinator changed.,1.0206145565,1.0051536391,NE,0.8519345927,0.9629836482,1.0051536391,40.0,100.5370586,93.877982154,94.3617953969,17.0,105.470588,56.135294,0.9,0.89,True,16.8,680.0,1577.1501001872,1585.2781626681,False,93.877982154,94.3617953969,False,False,Jaxon Smith-Njigba,SEA,receivingYards,STARTER,Ourlads depth chart,521.0,1585.2781626681,1064.2781626681,0.0,16.8,90.8688659787,,1.0,False,10.0,0.5882,0.8947,0.5263,0.0,8.84,0.5068
00-0034855,Baker Mayfield,QB,TB,2026.0,31.385292,3.0,51.0,3.0,17.0,STARTER,1.0,False,4165.0,3986.335147,3997.126652,3997.126652,3997.126652,3997.126652,TB,QB,True,QB,TB,STARTER,STARTER,1,True,Ourlads depth chart,TB,TB,False,00-0034855,3052587,Baker Mayfield,False,0.0,1.0,32.8235294118,32.8235294118,0.0,1.0,False,True,MEDIUM,,Head coach retained; offensive coordinator changed.,0.9873393719,0.996834843,CIN,1.0906919093,1.0226729773,0.996834843,245.0,221.0435293,223.678741077,222.9707627395,17.0,217.235294,255.317647,0.9,0.89,True,16.8,4165.0,3757.8028500936,3745.9088140236,False,223.678741077,222.9707627395,False,False,Baker Mayfield,TB,passingYards,STARTER,Ourlads depth chart,2743.0,3745.9088140236,1002.9088140236,0.0,16.8,228.0261737881,,1.0,False,26.0,1.5294,1.0264,1.5698,0.0,26.37,1.6054
00-0038542,Bijan Robinson,RB,ATL,2026.0,24.587069,3.0,51.0,3.0,17.0,STARTER,1.0,False,1496.0,2109.700287,2027.131253,2148.759128,2148.759128,2148.759128,ATL,RB,True,RB,ATL,STARTER,STARTER,1,True,Ourlads depth chart,ATL,ATL,False,00-0039917,4360423,Michael Penix Jr.,True,0.0,1.0,0.2361111111,0.2361111111,0.0,1.0,True,True,LOW,,New head coach and offensive staff.,1.0264648703,1.0066162176,PIT,1.0088500711,1.0022125178,1.0066162176,88.0,131.8858827,127.058435603,127.8990818562,17.0,135.176471,102.270588,0.9,0.89,True,16.9,1496.0,2147.2875616907,2161.4944833697,False,127.058435603,127.8990818562,False,False,Bijan Robinson,ATL,scrimmageYards,STARTER,Ourlads depth chart,1324.0,2161.4944833697,837.4944833697,0.0,16.9,128.1820608479,,1.0,False,11.0,0.6471,0.9462,0.6122,0.0,10.35,0.6136
00-0039075,Puka Nacua,WR,LAR,2026.0,25.260594,3.0,44.0,3.0,16.0,STARTER,1.0,False,1139.0,1714.736988,1605.185472,1676.901897,1676.901897,1676.901897,LAR,WR,True,WR,LAR,STARTER,STARTER,4,True,Ourlads depth chart,LAR,LAR,False,00-0026498,12483,Matthew Stafford,True,0.0,1.0,0.6316695353,0.6316695353,0.0,1.0,False,True,MEDIUM,,Head coach retained; offensive coordinator changed.,0.9897848656,0.9974462164,SF,1.0541315814,1.0135328953,0.9974462164,40.0,105.3781618,98.186564002,97.9358167639,16.0,107.1875,89.094118,0.9,0.89,True,15.378,680.0,1509.9129812228,1506.0569901956,False,98.186564002,97.9358167639,False,False,Puka Nacua,LAR,receivingYards,STARTER,Ourlads depth chart,721.0,1506.0569901956,785.0569901956,0.0,15.378,99.2611719228,,1.0,False,10.0,0.625,0.9137,0.5711,0.0,8.78,0.5788
00-0036264,Jordan Love,QB,GB,2026.0,27.831489,3.0,47.0,3.0,15.0,STARTER,1.0,False,4165.0,3885.515803,3906.831591,3906.831591,3906.831591,3906.831591,GB,QB,True,QB,GB,STARTER,STARTER,1,True,Ourlads depth chart,GB,GB,False,00-0036264,4036378,Jordan Love,False,0.0,1.0,28.7647058824,28.7647058824,0.0,1.0,False,False,HIGH,,Offensive leadership retained.,0.9755734148,0.9938933537,MIN,0.7909218094,0.96,0.9938933537,245.0,226.1083137,227.99748233,226.6051823453,15.0,225.4,232.483137,0.9,0.9,True,15.126,4165.0,3448.6899177236,3427.629988155,False,227.99748233,226.6051823453,False,False,Jordan Love,GB,passingYards,STARTER,Ourlads depth chart,2703.0,3427.629988155,724.629988155,0.0,15.126,217.5409750515,,1.0,False,23.0,1.5333,1.0053,1.5415,0.0,23.32,1.4799
00-0040743,Tyler Shough,QB,NO,2026.0,26.927979,1.0,11.0,1.0,11.0,STARTER,1.0,False,4165.0,3684.363636,3780.665012,3780.665012,3780.665012,3780.665012,NO,QB,True,QB,NO,STARTER,STARTER,1,True,Ourlads depth chart,NO,NO,False,00-0040743,4360689,Tyler Shough,False,0.0,1.0,34.3529411765,34.3529411765,0.0,1.0,False,False,HIGH,,Offensive leadership retained.,1.0160766443,1.0040191611,DET,1.0456609423,1.0114152356,1.0040191611,245.0,222.94727294,226.9167638108,227.8287788338,11.0,216.727273,245.0,0.78,0.82,True,13.68,4165.0,3104.2213289317,3116.697694447,False,226.9167638108,227.8287788338,False,False,Tyler Shough,NO,passingYards,STARTER,Ourlads depth chart,2499.0,3116.697694447,617.697694447,0.0,13.68,230.4294980176,,1.0,False,10.0,0.9091,1.0512,0.9557,0.0,13.07,0.9666
00-0036900,Ja'Marr Chase,WR,CIN,2026.0,26.503604,3.0,49.0,3.0,16.0,STARTER,1.0,False,1139.0,1523.014766,1468.584044,1468.584044,1468.584044,1468.584044,CIN,WR,True,WR,CIN,STARTER,STARTER,2,True,Ourlads depth chart,CIN,CIN,False,00-0026158,4259592,Sean Clifford,True,0.0,1.0,0.6046128501,0.6046128501,0.0,1.0,False,False,HIGH,,Offensive leadership retained.,1.0305178794,1.0076294699,TB,1.0613226877,1.0153306719,1.0076294699,53.0,88.6155882,85.05402938,85.7029465328,16.0,88.25,91.905882,0.9,0.9,True,16.017,901.0,1362.3103885795,1372.7040946159,False,85.05402938,85.7029465328,False,False,Ja'Marr Chase,CIN,receivingYards,STARTER,Ourlads depth chart,763.0,1372.7040946159,609.7040946159,0.0,16.017,87.0168302886,,1.0,False,8.0,0.5,0.9711,0.4856,0.0,7.78,0.493
00-0037744,Trey McBride,TE,ARI,2026.0,26.777394,3.0,50.0,3.0,17.0,STARTER,1.0,False,731.0,1150.712356,1111.476873,1111.476873,1111.476873,1111.476873,ARI,TE,True,TE,ARI,STARTER,STARTER,2,True,Ourlads depth chart,ARI,ARI,False,00-0033119,2578570,Jacoby Brissett,True,0.0,1.0,0.3510466989,0.3510466989,0.0,1.0,True,True,LOW,,New head coach and offensive staff.,0.9556171513,0.9889042878,LAC,0.786284424,0.96,0.9889042878,43.0,71.9482721,68.763962169,68.0009770366,17.0,72.882353,63.541544,0.9,0.89,True,16.683,731.0,1147.1891808654,1134.4602999013,False,68.763962169,68.0009770366,False,False,Trey McBride,ARI,receivingYards,STARTER,Ourlads depth chart,559.0,1134.4602999013,575.4602999013,0.0,16.683,65.2809379551,,1.0,False,11.0,0.6471,0.933,0.6037,0.0,10.07,0.5796
00-0039064,Zay Flowers,WR,BAL,2026.0,25.97245,3.0,50.0,3.0,17.0,STARTER,1.0,False,1139.0,1142.838721,1101.914997,1150.903992,1150.903992,1150.903992,BAL,WR,True,WR,BAL,STARTER,STARTER,4,True,Ourlads depth chart,BAL,BAL,False,00-0034796,3916387,Lamar Jackson,True,0.0,1.0,0.5209876543,0.5209876543,0.0,1.0,True,True,LOW,,New head coach and offensive staff.,0.9842111361,0.996052784,IND,1.2102208886,1.04,0.996052784,40.0,70.0377572,66.733603908,66.4701919607,17.0,71.235294,59.259926,0.9,0.89,True,16.737,680.0,1116.9203286082,1112.511602846,False,66.733603908,66.4701919607,False,False,Zay Flowers,BAL,receivingYards,STARTER,Ourlads depth chart,588.0,1112.511602846,524.511602846,0.0,16.737,69.1289996391,,1.0,False,5.0,0.2941,0.9331,0.2744,0.0,4.59,0.2854
00-0034869,Sam Darnold,QB,SEA,2026.0,29.241511,3.0,44.0,3.0,17.0,STARTER,1.0,False,4165.0,3575.003751,3629.30949,3629.30949,3629.30949,3629.30949,SEA,QB,True,QB,SEA,STARTER,STARTER,1,True,Ourlads depth chart,SEA,SEA,False,00-0034869,3912547,Sam Darnold,False,0.0,1.0,26.6666666667,26.6666666667,0.0,1.0,False,True,MEDIUM,,Head coach retained; offensive coordinator changed.,1.0153374218,1.0038343555,NE,0.9186840878,0.979671022,1.0038343555,245.0,231.8592058,233.304693162,234.1992662859,17.0,238.117647,175.533235,0.9,0.89,True,16.359,4165.0,3816.6314754372,3831.2657971706,False,233.304693162,234.1992662859,False,False,Sam Darnold,SEA,passingYards,STARTER,Ourlads depth chart,3332.0,3831.2657971706,499.2657971706,0.0,16.359,229.4382345424,,1.0,False,25.0,1.4706,0.9835,1.4464,0.0,23.66,1.417
00-0036223,Jonathan Taylor,RB,IND,2026.0,27.617932,3.0,41.0,3.0,17.0,STARTER,1.0,False,1496.0,1878.42322,1827.562001,1827.562001,1827.562001,1827.562001,IND,RB,True,RB,IND,STARTER,STARTER,2,True,Ourlads depth chart,IND,IND,False,00-0035710,3917792,Daniel Jones,True,0.0,1.0,0.150390625,0.150390625,0.0,1.0,False,False,HIGH,,Offensive leadership retained.,0.9953590466,0.9988397617,BAL,0.9926007602,0.9981501901,0.9988397617,88.0,114.3278863,111.69509767,111.5655047346,17.0,115.470588,104.043571,0.9,0.9,True,16.108,1496.0,1799.1846332684,1797.0971502653,False,111.69509767,111.5655047346,False,False,Jonathan Taylor,IND,scrimmageYards,STARTER,Ourlads depth chart,1301.0,1797.0971502653,496.0971502653,0.0,16.108,111.3591297549,,1.0,False,20.0,1.1765,0.9662,1.1367,0.0,18.31,1.1346
00-0039139,Jahmyr Gibbs,RB,DET,2026.0,24.452911,3.0,49.0,3.0,17.0,STARTER,1.0,False,1496.0,1820.621953,1772.742319,1815.353332,1815.353332,1815.353332,DET,RB,True,RB,DET,STARTER,STARTER,1,True,Ourlads depth chart,DET,DET,False,00-0033106,4597679,Luke Altmyer,True,0.0,1.0,0.2236363636,0.2236363636,0.0,1.0,False,True,MEDIUM,,Head coach retained; offensive coordinator changed.,1.0366241033,1.0091560258,NO,0.9967791545,0.9991947886,1.0091560258,88.0,107.6767455,105.512303495,106.4783768696,17.0,108.176471,103.179216,0.9,0.89,True,16.774,1496.0,1769.8633788251,1786.0682936099,False,105.512303495,106.4783768696,False,False,Jahmyr Gibbs,DET,scrimmageYards,STARTER,Ourlads depth chart,1309.0,1786.0682936099,477.0682936099,0.0,16.774,106.3926392681,,1.0,False,18.0,1.0588,0.9843,1.0422,0.0,17.48,1.0414
00-0033280,Christian McCaffrey,RB,SF,2026.0,30.235371,3.0,37.0,2.0,17.0,STARTER,1.0,False,1496.0,1937.201186,1862.668307,1862.668307,1862.668307,1862.668307,SF,RB,True,RB,SF,STARTER,STARTER,1,True,Ourlads depth chart,SF,SF,False,00-0036972,4361741,Brock Purdy,True,23.1313599183,1.0185050879,0.3123844732,0.3123844732,0.0,1.0,False,False,HIGH,,Offensive leadership retained.,1.013765829,1.0034414572,LAR,1.0004932827,1.0001233207,1.0220102297,88.0,122.6332541,119.16992869,121.7928861882,17.0,125.058824,100.803125,0.9,0.9,True,15.316,1496.0,1825.206627816,1865.3798448581,False,119.16992869,121.7928861882,False,False,Christian McCaffrey,SF,scrimmageYards,STARTER,Ourlads depth chart,1393.0,1865.3798448581,472.3798448581,0.0,15.316,121.8079057676,,1.0,False,17.0,1.0,0.9739,0.9739,0.0,14.92,0.974
00-0037247,George Pickens,WR,DAL,2026.0,25.496054,3.0,48.0,3.0,17.0,STARTER,1.0,False,1139.0,1270.428031,1234.380313,1234.380313,1234.380313,1234.380313,DAL,WR,True,WR,DAL,STARTER,STARTER,3,True,Ourlads depth chart,DAL,DAL,False,00-0033077,4360698,Joe Milton III,True,-82.9141036982,0.94,0.6375617792,0.6375617792,0.0,1.0,False,True,MEDIUM,,Head coach retained; offensive coordinator changed.,1.0547287667,1.0136821917,NYG,1.0913561316,1.0228390329,0.9528612602,40.0,82.1785719,77.538928991,73.8838415906,17.0,84.058824,65.256303,0.9,0.89,True,16.449,680.0,1275.437842973,1215.3153103235,False,77.538928991,73.8838415906,False,False,George Pickens,DAL,receivingYards,STARTER,Ourlads depth chart,770.0,1215.3153103235,445.3153103235,0.0,16.449,75.5712770796,,1.0,False,9.0,0.5294,0.879,0.4653,0.0,7.65,0.476
00-0032764,Derrick Henry,RB,BAL,2026.0,32.658419,3.0,51.0,3.0,17.0,STARTER,1.0,False,1496.0,1799.659241,1756.040112,1756.040112,1756.040112,1756.040112,BAL,RB,True,RB,BAL,STARTER,STARTER,1,True,Ourlads depth chart,BAL,BAL,False,00-0034796,3916387,Lamar Jackson,True,0.0,1.0,0.1802469136,0.1802469136,0.0,1.0,True,True,LOW,,New head coach and offensive staff.,1.0089320004,1.0022330001,IND,0.8793198503,0.9698299626,1.0022330001,88.0,103.3085296,101.624591344,101.8515190664,17.0,102.647059,109.261765,0.9,0.89,True,16.9,1496.0,1717.4555937136,1721.2906722215,False,101.624591344,101.8515190664,False,False,Derrick Henry,BAL,scrimmageYards,STARTER,Ourlads depth chart,1294.0,1721.2906722215,427.2906722215,0.0,16.9,98.7786549237,,1.0,False,16.0,0.9412,0.9922,0.9339,0.0,15.78,0.9057
00-0039163,C.J. Stroud,QB,HOU,2026.0,24.91288,3.0,46.0,3.0,14.0,STARTER,1.0,False,4165.0,3796.54114,3804.214856,3804.214856,3804.214856,3804.214856,HOU,QB,True,QB,HOU,STARTER,STARTER,1,True,Ourlads depth chart,HOU,HOU,False,00-0039163,4432577,C.J. Stroud,False,0.0,1.0,34.2352941176,34.2352941176,0.0,1.0,False,False,HIGH,,Offensive leadership retained.,1.0379761091,1.0094940273,BUF,0.7576722001,0.96,1.0094940273,245.0,219.3284849,221.89563641,224.0023196322,14.0,217.214286,238.356275,0.9,0.9,True,14.974,4165.0,3322.6652596033,3354.2107341724,False,221.89563641,224.0023196322,False,False,C.J. Stroud,HOU,passingYards,STARTER,Ourlads depth chart,2944.0,3354.2107341724,410.2107341724,0.0,14.974,215.0422268469,,1.0,False,19.0,1.3571,1.0313,1.3996,0.0,20.96,1.3436
00-0040124,Tetairoa McMillan,WR,CAR,2026.0,23.409769,1.0,17.0,1.0,17.0,STARTER,1.0,False,1139.0,1014.0,866.132132,866.132132,866.132132,866.132132,CAR,WR,True,WR,CAR,STARTER,STARTER,3,True,Ourlads depth chart,CAR,CAR,False,00-0039150,4685720,Bryce Young,True,0.0,1.0,0.6020833333,0.6020833333,0.0,1.0,False,False,HIGH,,Offensive leadership retained.,0.9848829696,0.9962207424,CHI,1.1510000132,1.0377500033,0.9962207424,40.0,57.6823531,55.91411779,55.7028039349,17.0,59.647059,40.0,0.9,0.9,True,16.8,680.0,939.357178872,935.8071061067,False,55.91411779,55.7028039349,False,False,Tetairoa McMillan,CAR,receivingYards,STARTER,Ourlads depth chart,548.0,935.8071061067,387.8071061067,0.0,16.8,57.8055849675,,1.0,False,7.0,0.4118,0.9339,0.3845,0.0,6.46,0.3991
00-0037248,James Cook III,RB,BUF,2026.0,26.936193,3.0,50.0,3.0,17.0,STARTER,1.0,False,1496.0,1689.19714,1663.861036,1663.861036,1663.861036,1663.861036,BUF,RB,True,RB,BUF,STARTER,STARTER,2,True,Ourlads depth chart,BUF,BUF,False,00-0034857,4039034,Shane Buechele,True,-61.6139585605,0.9507088332,0.1746031746,0.1746031746,0.0,1.0,True,True,MEDIUM,,Head-coach change with some offensive-system continuity.,0.9707802571,0.9926950643,HOU,0.8315004498,0.96,0.9437639662,88.0,109.5968932,107.221234948,101.1915379585,17.0,112.470588,83.73364,0.9,0.89,True,16.783,1496.0,1799.4939861323,1698.2975815578,False,107.221234948,101.1915379585,False,False,James Cook III,BUF,scrimmageYards,STARTER,Ourlads depth chart,1338.0,1698.2975815578,360.2975815578,0.0,16.783,97.1438764402,,1.0,False,14.0,0.8235,0.8997,0.7409,0.0,12.44,0.7113
00-0039040,De'Von Achane,RB,MIA,2026.0,24.885501,3.0,44.0,3.0,16.0,STARTER,1.0,False,1496.0,1800.921638,1755.406042,1860.730404,1860.730404,1860.730404,MIA,RB,True,RB,MIA,STARTER,STARTER,1,True,Ourlads depth chart,MIA,MIA,False,00-0036212,4242512,Malik Willis,True,-44.4736842105,0.9644210526,0.2472885033,0.2472885033,0.0,1.0,True,True,LOW,,New head coach and offensive staff.,0.9811033487,0.9952758372,LV,1.0014218147,1.0003554537,0.9598649705,88.0,112.2912433,109.619206537,105.2196364538,16.0,114.875,89.037433,0.9,0.89,True,15.802,1496.0,1732.2027016977,1662.6806952422,False,109.619206537,105.2196364538,False,False,De'Von Achane,MIA,scrimmageYards,STARTER,Ourlads depth chart,1309.0,1662.6806952422,353.6806952422,0.0,15.802,105.2570371602,,1.0,False,12.0,0.75,0.9159,0.687,0.0,10.86,0.6872
00-0039150,Bryce Young,QB,CAR,2026.0,25.104533,3.0,46.0,3.0,16.0,STARTER,1.0,False,4165.0,3115.743468,3264.271875,3294.991781,3294.991781,3294.991781,CAR,QB,True,QB,CAR,STARTER,STARTER,1,True,Ourlads depth chart,CAR,CAR,False,00-0039150,4685720,Bryce Young,False,0.0,1.0,30.2941176471,30.2941176471,0.0,1.0,False,False,HIGH,,Offensive leadership retained.,0.9914050953,0.9978512738,CHI,1.0647729225,1.0161932306,0.9978512738,245.0,186.8189732,192.63707588,192.2231515548,16.0,188.1875,174.502232,0.9,0.9,True,15.666,4165.0,3017.8524307361,3011.3678922567,False,192.63707588,192.2231515548,False,False,Bryce Young,CAR,passingYards,STARTER,Ourlads depth chart,2658.0,3011.3678922567,353.3678922567,0.0,15.666,195.33586538,,1.0,False,23.0,1.4375,1.0214,1.4683,0.0,23.0,1.4921
00-0038559,Michael Wilson,WR,ARI,2026.0,26.522769,3.0,46.0,3.0,17.0,STARTER,1.0,False,1139.0,874.228094,864.663135,916.542923,916.542923,916.542923,ARI,WR,True,WR,ARI,STARTER,STARTER,4,True,Ourlads depth chart,ARI,ARI,False,00-0033119,2578570,Jacoby Brissett,True,0.0,1.0,0.4492753623,0.4492753623,0.0,1.0,True,True,LOW,,New head coach and offensive staff.,1.0026492322,1.000662308,LAC,0.9166545493,0.9791636373,1.000662308,40.0,57.0062277,55.135542653,55.1720593664,17.0,59.176471,37.474038,0.9,0.89,True,16.431,680.0,905.9321013314,906.5321074489,False,55.135542653,55.1720593664,False,False,Michael Wilson,ARI,receivingYards,STARTER,Ourlads depth chart,560.0,906.5321074489,346.5321074489,0.0,16.431,54.0224743279,,1.0,False,7.0,0.4118,0.9323,0.3839,0.0,6.31,0.3759
00-0036963,Amon-Ra St. Brown,WR,DET,2026.0,26.856794,3.0,50.0,3.0,17.0,STARTER,1.0,False,1139.0,1402.080285,1357.615648,1357.615648,1357.615648,1357.615648,DET,WR,True,WR,DET,STARTER,STARTER,1,True,Ourlads depth chart,DET,DET,False,00-0033106,4597679,Luke Altmyer,True,0.0,1.0,0.6090909091,0.6090909091,0.0,1.0,False,True,MEDIUM,,Head coach retained; offensive coordinator changed.,0.9775923324,0.9943980831,NO,0.8739309178,0.9684827294,0.9943980831,67.0,82.3137686,80.629254054,80.1775756729,17.0,82.411765,81.431801,0.9,0.89,True,16.737,1139.0,1349.4918251018,1341.9320840368,False,80.629254054,80.1775756729,False,False,Amon-Ra St. Brown,DET,receivingYards,STARTER,Ourlads depth chart,997.0,1341.9320840368,344.9320840368,0.0,16.737,77.6505973282,,1.0,False,11.0,0.6471,0.9729,0.6295,0.0,10.54,0.6097
00-0040129,Emeka Egbuka,WR,TB,2026.0,23.883427,1.0,17.0,1.0,17.0,STARTER,1.0,False,1139.0,938.0,831.213213,831.213213,831.213213,831.213213,TB,WR,True,WR,TB,STARTER,STARTER,2,True,Ourlads depth chart,TB,TB,False,00-0034855,3052587,Baker Mayfield,True,0.0,1.0,0.6722222222,0.6722222222,0.0,1.0,False,True,MEDIUM,,Head coach retained; offensive coordinator changed.,0.9927459093,0.9981864773,CIN,0.8282462425,0.96,0.9981864773,53.0,54.9588239,54.743353271,54.6440749588,17.0,55.176471,53.0,0.9,0.89,True,16.8,901.0,919.6883349528,918.0204593079,False,54.743353271,54.6440749588,False,False,Emeka Egbuka,TB,receivingYards,STARTER,Ourlads depth chart,583.0,918.0204593079,335.0204593079,0.0,16.8,52.4583119605,,1.0,False,6.0,0.3529,0.9904,0.3495,0.0,5.87,0.3356
00-0036554,Nico Collins,WR,HOU,2026.0,27.456395,3.0,42.0,3.0,15.0,STARTER,1.0,False,1139.0,1355.610461,1307.453699,1307.453699,1307.453699,1307.453699,HOU,WR,True,WR,HOU,STARTER,STARTER,4,True,Ourlads depth chart,HOU,HOU,False,00-0039163,4432577,C.J. Stroud,True,0.0,1.0,0.6290909091,0.6290909091,0.0,1.0,False,False,HIGH,,Offensive leadership retained.,1.0583118785,1.0145779696,BUF,0.8312072863,0.96,1.0145779696,40.0,75.4955003,71.94595027,72.9947761471,15.0,74.466667,84.755,0.9,0.9,True,14.649,680.0,1053.9362255052,1069.3004757785,False,71.94595027,72.9947761471,False,False,Nico Collins,HOU,receivingYards,STARTER,Ourlads depth chart,749.0,1069.3004757785,320.3004757785,0.0,14.649,70.0749851012,,1.0,False,6.0,0.4,0.9802,0.3921,0.0,5.74,0.3764
00-0037238,Drake London,WR,ATL,2026.0,25.107271,3.0,45.0,3.0,12.0,STARTER,1.0,False,1139.0,1221.643682,1172.251212,1183.480318,1183.480318,1183.480318,ATL,WR,True,WR,ATL,STARTER,STARTER,2,True,Ourlads depth chart,ATL,ATL,False,00-0039917,4360423,Michael Penix Jr.,True,0.0,1.0,0.5119047619,0.5119047619,0.0,1.0,True,True,LOW,,New head coach and offensive staff.,0.9923229031,0.9980807258,PIT,1.1768033946,1.04,0.9980807258,53.0,75.7643931,73.260309859,73.119703234,12.0,76.583333,68.393934,0.9,0.89,True,14.067,901.0,1030.5527787866,1028.5748653922,False,73.260309859,73.119703234,False,False,Drake London,ATL,receivingYards,STARTER,Ourlads depth chart,774.0,1028.5748653922,254.5748653922,0.0,14.067,76.0444913633,,1.0,False,7.0,0.5833,0.9548,0.557,0.0,7.83,0.5792
00-0036970,Kyle Pitts Sr.,TE,ATL,2026.0,25.904002,3.0,51.0,3.0,17.0,STARTER,1.0,False,731.0,820.75008,796.78407,844.591114,844.591114,844.591114,ATL,TE,True,TE,ATL,STARTER,STARTER,2,True,Ourlads depth chart,ATL,ATL,False,00-0039917,4360423,Michael Penix Jr.,True,0.0,1.0,0.251984127,0.251984127,0.0,1.0,True,True,LOW,,New head coach and offensive staff.,1.03521966,1.008804915,PIT,1.2293233463,1.04,1.008804915,43.0,52.8044115,51.725926235,52.1813686194,17.0,54.588235,36.75,0.9,0.89,True,16.8,731.0,868.995560748,876.6469928054,False,51.725926235,52.1813686194,False,False,Kyle Pitts Sr.,ATL,receivingYards,STARTER,Ourlads depth chart,628.0,876.6469928054,248.6469928054,0.0,16.8,54.2686233641,,1.0,False,5.0,0.2941,0.9559,0.2811,0.0,4.72,0.2924
00-0034348,Courtland Sutton,WR,DEN,2026.0,30.895207,3.0,49.0,3.0,17.0,STARTER,1.0,False,1139.0,1027.638905,1008.928127,1008.928127,1008.928127,1008.928127,DEN,WR,True,WR,DEN,STARTER,STARTER,1,True,Ourlads depth chart,DEN,DEN,False,00-0039732,4426338,Bo Nix,True,0.0,1.0,0.6071428571,0.6071428571,0.0,1.0,False,True,MEDIUM,,Head coach retained; offensive coordinator changed.,0.9566410815,0.9891602704,KC,0.8963502492,0.9740875623,0.9891602704,67.0,59.9214886,60.700124854,60.0421519128,17.0,59.823529,60.803125,0.9,0.89,True,16.62,1139.0,1008.8360750735,997.9005647907,False,60.700124854,60.0421519128,False,False,Courtland Sutton,DEN,receivingYards,STARTER,Ourlads depth chart,758.0,997.9005647907,239.9005647907,0.0,16.62,58.4863133916,,1.0,False,7.0,0.4118,1.0037,0.4133,0.0,6.87,0.4026
00-0034796,Lamar Jackson,QB,BAL,2026.0,29.649459,3.0,46.0,3.0,13.0,STARTER,1.0,False,4165.0,3783.440625,3820.797476,3820.797476,3820.797476,3820.797476,BAL,QB,True,QB,BAL,STARTER,STARTER,1,True,Ourlads depth chart,BAL,BAL,False,00-0034796,3916387,Lamar Jackson,False,0.0,1.0,24.7647058824,24.7647058824,0.0,1.0,True,True,LOW,,New head coach and offensive staff.,1.0085304152,1.0021326038,IND,1.1681870618,1.04,1.0021326038,245.0,200.4666204,205.365292156,205.8032549585,13.0,196.076923,239.973897,0.9,0.89,True,14.587,4165.0,2995.6635166796,3002.0520800798,False,205.365292156,205.8032549585,False,False,Lamar Jackson,BAL,passingYards,STARTER,Ourlads depth chart,2772.0,3002.0520800798,230.0520800798,0.0,14.587,214.0353851569,,1.0,False,21.0,1.6154,1.0496,1.6955,0.0,24.73,1.7633
00-0039893,Brian Thomas Jr.,WR,JAX,2026.0,23.899854,2.0,31.0,2.0,14.0,STARTER,3.0,False,680.0,974.028796,908.842465,908.842465,908.842465,908.842465,JAX,WR,True,WR,JAX,STARTER,STARTER,1,True,Ourlads depth chart,JAX,JAX,False,00-0036971,4360310,Trevor Lawrence,True,0.0,1.0,0.667876588,0.667876588,0.0,1.0,False,False,HIGH,,Offensive leadership retained.,1.0625170583,1.0156292646,CLE,0.7876376423,0.96,1.0156292646,67.0,52.9911765,54.39205885,55.2421667282,14.0,50.5,75.411765,0.9,0.9,True,15.24,1139.0,828.934976874,841.8906209371,False,54.39205885,55.2421667282,False,False,Brian Thomas Jr.,JAX,receivingYards,STARTER,Ourlads depth chart,614.0,841.8906209371,227.8906209371,0.0,15.24,53.032480059,,1.0,False,2.0,0.1429,1.0939,0.1563,0.0,2.38,0.15
00-0039915,Ladd McConkey,WR,LAC,2026.0,24.806101,2.0,32.0,2.0,16.0,STARTER,2.0,False,901.0,943.662279,904.974665,904.974665,904.974665,904.974665,LAC,WR,True,WR,LAC,STARTER,STARTER,2,True,Ourlads depth chart,LAC,LAC,False,00-0036355,4038941,Justin Herbert,True,0.0,1.0,0.687732342,0.687732342,0.0,1.0,False,True,MEDIUM,,Head coach retained; offensive coordinator changed.,0.9672162378,0.9918040595,ARI,0.9856045685,0.9964011421,0.9918040595,53.0,51.5625,51.720625,51.2967258328,16.0,49.3125,71.8125,0.9,0.89,True,15.9,901.0,822.3579375,815.617940742,False,51.720625,51.2967258328,False,False,Ladd McConkey,LAC,receivingYards,STARTER,Ourlads depth chart,597.0,815.617940742,218.617940742,0.0,15.9,51.1121162067,,1.0,False,6.0,0.375,1.0402,0.3901,0.0,6.2,0.3887
00-0037240,Jameson Williams,WR,DET,2026.0,25.43582,3.0,44.0,3.0,17.0,STARTER,2.0,False,901.0,994.774857,978.69426,978.69426,978.69426,978.69426,DET,WR,True,WR,DET,STARTER,STARTER,3,True,Ourlads depth chart,DET,DET,False,00-0033106,4597679,Luke Altmyer,True,0.0,1.0,0.6090909091,0.6090909091,0.0,1.0,False,True,MEDIUM,,Head coach retained; offensive coordinator changed.,0.9775923324,0.9943980831,NO,0.8739309178,0.9684827294,0.9943980831,40.0,64.5054605,61.809859845,61.4636061464,17.0,65.705882,53.701667,0.9,0.89,True,16.251,680.0,1004.4720323411,998.8450634849,False,61.809859845,61.4636061464,False,False,Jameson Williams,DET,receivingYards,STARTER,Ourlads depth chart,788.0,998.8450634849,210.8450634849,0.0,16.251,59.5264410424,,1.0,False,7.0,0.4118,0.9354,0.3852,0.0,6.26,0.373
00-0037664,Alec Pierce,WR,IND,2026.0,26.333854,3.0,48.0,3.0,15.0,STARTER,3.0,False,680.0,930.270158,920.38843,920.38843,920.38843,920.38843,IND,WR,True,WR,IND,STARTER,STARTER,1,True,Ourlads depth chart,IND,IND,False,00-0035710,3917792,Daniel Jones,True,0.0,1.0,0.578125,0.578125,0.0,1.0,False,False,HIGH,,Offensive leadership retained.,1.0192211242,1.004805281,BAL,1.2195270261,1.04,1.004805281,67.0,64.5857356,64.82716204,65.138674773,15.0,66.866667,44.057353,0.9,0.9,True,15.243,1139.0,988.1604309757,992.9088195655,False,64.82716204,65.138674773,False,False,Alec Pierce,IND,receivingYards,STARTER,Ourlads depth chart,784.0,992.9088195655,208.9088195655,0.0,15.243,67.744221764,,1.0,False,6.0,0.4,0.9742,0.3897,0.0,5.94,0.4052
00-0039732,Bo Nix,QB,DEN,2026.0,26.517293,2.0,34.0,2.0,17.0,STARTER,1.0,False,4165.0,3888.196249,3873.961776,3910.85665,3910.85665,3910.85665,DEN,QB,True,QB,DEN,STARTER,STARTER,1,True,Ourlads depth chart,DEN,DEN,False,00-0039732,4426338,Bo Nix,False,0.0,1.0,36.0,36.0,0.0,1.0,False,True,MEDIUM,,Head coach retained; offensive coordinator changed.,0.9679501833,0.9919875458,KC,0.912924313,0.9782310782,0.9919875458,245.0,230.317647,231.93270583,230.074355655,17.0,231.235294,222.058824,0.9,0.89,True,16.8,4165.0,3896.469457944,3865.2491750047,False,231.93270583,230.074355655,False,False,Bo Nix,DEN,passingYards,STARTER,Ourlads depth chart,3660.0,3865.2491750047,205.2491750047,0.0,16.8,225.0658850077,,1.0,False,25.0,1.4706,0.995,1.4632,0.0,24.58,1.4314
00-0038120,Breece Hall,RB,NYJ,2026.0,25.255118,3.0,49.0,3.0,16.0,STARTER,1.0,False,1496.0,1501.801505,1495.750448,1495.750448,1495.750448,1495.750448,NYJ,RB,True,RB,NYJ,STARTER,STARTER,1,True,Ourlads depth chart,NYJ,NYJ,False,00-0036945,4250360,Bailey Zappe,True,0.0,1.0,0.1897959184,0.1897959184,0.0,1.0,False,True,MEDIUM,,Head coach retained; offensive coordinator changed.,0.9762149005,0.9940537251,TEN,0.9336389751,0.9834097438,0.9940537251,88.0,88.3779228,88.336351292,87.8110790669,16.0,88.4375,87.841728,0.9,0.89,True,16.063,1496.0,1418.9468108034,1410.509363051,False,88.336351292,87.8110790669,False,False,Breece Hall,NYJ,scrimmageYards,STARTER,Ourlads depth chart,1208.0,1410.509363051,202.509363051,0.0,16.063,86.3542707665,,1.0,False,5.0,0.3125,0.9929,0.3103,0.0,4.98,0.3051
00-0038117,Wan'Dale Robinson,WR,NYG,2026.0,25.654853,3.0,48.0,3.0,16.0,STARTER,1.0,False,1139.0,867.22175,862.189899,862.189899,862.189899,862.189899,TEN,WR,True,WR,TEN,STARTER,STARTER,3,True,Ourlads depth chart,NYG,TEN,True,00-0040691,4688380,Cam Ward,True,14.8664046917,1.0267595284,0.6027667984,0.5413385827,-10.1910416936,0.9775797083,True,True,LOW,,New head coach and offensive staff.,1.0515437784,1.0128859446,NYJ,0.9784134622,0.9946033655,1.0166734091,40.0,60.9351471,57.794875035,58.7585126275,16.0,63.375,38.976471,0.9,0.85,True,15.954,680.0,922.0594363084,937.4333104584,False,57.794875035,58.7585126275,False,False,Wan'Dale Robinson,TEN,receivingYards,STARTER,Ourlads depth chart,737.0,937.4333104584,200.4333104584,0.0,15.954,58.4414144136,,1.0,False,4.0,0.25,0.9272,0.2318,0.0,3.7,0.2305
00-0036040,Juwan Johnson,TE,NO,2026.0,29.967056,3.0,45.0,3.0,17.0,STARTER,1.0,False,731.0,725.178715,716.677051,716.677051,716.677051,716.677051,NO,TE,True,TE,NO,STARTER,STARTER,1,True,Ourlads depth chart,NO,NO,False,00-0040743,4360689,Tyler Shough,True,0.0,1.0,0.3037974684,0.3037974684,0.0,1.0,False,False,HIGH,,Offensive leadership retained.,1.0162543946,1.0040635986,DET,1.0220600881,1.005515022,1.0040635986,43.0,50.4301421,49.68712789,49.8890364357,17.0,52.294118,33.654359,0.9,0.9,True,16.314,731.0,810.5958043975,813.8897404114,False,49.68712789,49.8890364357,False,False,Juwan Johnson,NO,receivingYards,STARTER,Ourlads depth chart,618.0,813.8897404114,195.8897404114,0.0,16.314,50.1641755703,,1.0,False,3.0,0.1765,0.954,0.1684,0.0,2.75,0.1693
00-0033288,George Kittle,TE,SF,2026.0,32.896617,3.0,42.0,3.0,11.0,STARTER,1.0,False,731.0,1106.762967,1053.040642,1053.040642,1053.040642,1053.040642,SF,TE,True,TE,SF,STARTER,STARTER,1,True,Ourlads depth chart,SF,SF,False,00-0036972,4361741,Brock Purdy,True,23.1313599183,1.0416364479,0.2402957486,0.2402957486,0.0,1.0,False,False,HIGH,,Offensive leadership retained.,0.9759370786,0.9939842696,LAR,0.8498890218,0.9624722554,1.0353702439,43.0,59.98352576,56.9264911232,58.9399949958,11.0,57.090909,70.239167,0.78,0.82,True,13.053,731.0,743.0614886311,769.3437546802,False,56.9264911232,58.9399949958,False,False,George Kittle,SF,receivingYards,STARTER,Ourlads depth chart,575.0,769.3437546802,194.3437546802,0.0,13.053,56.7281099191,,1.0,False,7.0,0.6364,1.0324,0.657,0.0,8.58,0.6323
00-0039338,Brock Bowers,TE,LV,2026.0,23.719152,2.0,29.0,2.0,12.0,STARTER,1.0,False,731.0,1078.86741,1020.02132,1020.02132,1020.02132,1020.02132,LV,TE,True,TE,LV,STARTER,STARTER,2,True,Ourlads depth chart,LV,LV,False,00-0030565,14880,Kirk Cousins,True,-14.6611571658,0.9736099171,0.335483871,0.335483871,0.0,1.0,True,True,LOW,,New head coach and offensive staff.,0.9938178082,0.9984544521,MIA,1.2435795492,1.04,0.9721051563,43.0,58.0235297,56.370941433,54.7984828322,12.0,56.666667,70.235294,0.9,0.89,True,14.2,731.0,800.4673683486,778.1384562176,False,56.370941433,54.7984828322,False,False,Brock Bowers,LV,receivingYards,STARTER,Ourlads depth chart,594.0,778.1384562176,184.1384562176,0.0,14.2,56.9904221455,,1.0,False,7.0,0.5833,0.967,0.5641,0.0,8.01,0.5867
00-0039851,Drake Maye,QB,NE,2026.0,24.006633,2.0,30.0,2.0,17.0,STARTER,1.0,False,4165.0,3994.686712,3964.216668,4202.069668,4202.069668,4202.069668,NE,QB,True,QB,NE,STARTER,STARTER,1,True,Ourlads depth chart,NE,NE,False,00-0039851,4431452,Drake Maye,False,0.0,1.0,29.5294117647,29.5294117647,0.0,1.0,False,False,HIGH,,Offensive leadership retained.,0.9529809289,0.9882452322,SEA,0.947482962,0.9868707405,0.9882452322,245.0,250.1312215,249.61809935,246.6838965614,17.0,258.470588,175.076923,0.9,0.9,True,16.08,4165.0,4013.859037548,3966.6770567075,False,249.61809935,246.6838965614,False,False,Drake Maye,NE,passingYards,STARTER,Ourlads depth chart,3786.0,3966.6770567075,180.6770567075,0.0,16.08,243.4451196708,,1.0,False,31.0,1.8235,0.9544,1.7404,0.0,27.99,1.7175
00-0030506,Travis Kelce,TE,KC,2026.0,36.90765,3.0,48.0,3.0,17.0,STARTER,1.0,False,731.0,885.49993,853.153786,771.083021,771.083021,771.083021,KC,TE,True,TE,KC,STARTER,STARTER,1,True,Ourlads depth chart,KC,KC,False,00-0033873,3139477,Patrick Mahomes,True,0.0,1.0,0.2677595628,0.2677595628,0.0,1.0,False,True,MEDIUM,,Head coach retained; offensive coordinator changed.,1.0227817681,1.005695442,DEN,1.1130804607,1.0282701152,1.005695442,43.0,50.6923791,49.846217399,50.1301136398,17.0,50.058824,56.394375,0.9,0.89,True,16.557,731.0,825.3038214752,830.0042915335,False,49.846217399,50.1301136398,False,False,Travis Kelce,KC,receivingYards,STARTER,Ourlads depth chart,656.0,830.0042915335,174.0042915335,0.0,16.557,51.5472977267,,1.0,False,5.0,0.2941,1.0014,0.2945,0.0,4.88,0.3029
00-0036912,DeVonta Smith,WR,PHI,2026.0,27.798634,3.0,46.0,3.0,17.0,STARTER,2.0,False,901.0,1050.94614,1026.520802,1026.520802,1026.520802,1026.520802,PHI,WR,True,WR,PHI,STARTER,STARTER,2,True,Ourlads depth chart,PHI,PHI,False,00-0036389,4040715,Jalen Hurts,True,0.0,1.0,0.6239130435,0.6239130435,0.0,1.0,False,True,MEDIUM,,Head coach retained; offensive coordinator changed.,1.0817762841,1.020444071,WAS,1.1700352946,1.04,1.020444071,53.0,59.8615812,59.106807268,60.3151910342,17.0,59.294118,64.96875,0.9,0.89,True,16.269,901.0,961.6086474431,981.2678429353,False,59.106807268,60.3151910342,False,False,DeVonta Smith,PHI,receivingYards,STARTER,Ourlads depth chart,817.0,981.2678429353,164.2678429353,0.0,16.269,62.7277986756,,1.0,False,4.0,0.2353,1.0172,0.2393,0.0,3.89,0.2489
00-0040128,Tyler Warren,TE,IND,2026.0,24.274947,1.0,17.0,1.0,17.0,STARTER,1.0,False,731.0,817.0,693.477477,693.477477,693.477477,693.477477,IND,TE,True,TE,IND,STARTER,STARTER,2,True,Ourlads depth chart,IND,IND,False,00-0035710,3917792,Daniel Jones,True,0.0,1.0,0.271484375,0.271484375,0.0,1.0,False,False,HIGH,,Offensive leadership retained.,1.0049010384,1.0012252596,BAL,0.8674351177,0.9668587794,1.0012252596,43.0,47.5529416,47.09764744,47.1553542846,17.0,48.058824,43.0,0.9,0.9,True,16.8,731.0,791.240476992,792.2099519815,False,47.09764744,47.1553542846,False,False,Tyler Warren,IND,receivingYards,STARTER,Ourlads depth chart,636.0,792.2099519815,156.2099519815,0.0,16.8,45.5925682868,,1.0,False,4.0,0.2353,0.9812,0.2309,0.0,3.88,0.2232
00-0035710,Daniel Jones,QB,IND,2026.0,29.266152,3.0,29.0,2.0,13.0,STARTER,1.0,False,4165.0,3547.659918,3643.581075,3716.452696,3716.452696,3716.452696,IND,QB,True,QB,IND,STARTER,STARTER,1,True,Ourlads depth chart,IND,IND,False,00-0035710,3917792,Daniel Jones,False,0.0,1.0,32.0588235294,32.0588235294,0.0,1.0,False,False,HIGH,,Offensive leadership retained.,1.0183867144,1.0045966786,BAL,1.1527403929,1.0381850982,1.0045966786,245.0,233.4421158,234.59790422,235.676275386,13.0,238.538462,187.575,0.9,0.9,True,11.528,4165.0,2704.4446398482,2716.8761026502,False,234.59790422,235.676275386,False,False,Daniel Jones,IND,passingYards,STARTER,Ourlads depth chart,2570.0,2716.8761026502,146.8761026502,0.0,11.528,244.6755971095,,1.0,False,19.0,1.4615,0.988,1.444,0.0,16.65,1.4991
00-0039849,Marvin Harrison Jr.,WR,ARI,2026.0,24.058653,2.0,29.0,2.0,12.0,STARTER,2.0,False,901.0,873.71676,861.389491,861.389491,861.389491,861.389491,ARI,WR,True,WR,ARI,STARTER,STARTER,3,True,Ourlads depth chart,ARI,ARI,False,00-0033119,2578570,Jacoby Brissett,True,0.0,1.0,0.4492753623,0.4492753623,0.0,1.0,True,True,LOW,,New head coach and offensive staff.,1.0026492322,1.000662308,LAC,0.9166545493,0.9791636373,1.000662308,40.0,50.8058827,49.617235603,49.6500974972,12.0,50.666667,52.058824,0.9,0.89,True,14.2,680.0,704.5647455626,705.0313844607,False,49.617235603,49.6500974972,False,False,Marvin Harrison Jr.,ARI,receivingYards,STARTER,Ourlads depth chart,560.0,705.0313844607,145.0313844607,0.0,14.2,48.6155700589,,1.0,False,4.0,0.3333,0.9799,0.3266,0.0,4.64,0.3198
00-0034844,Saquon Barkley,RB,PHI,2026.0,29.559108,3.0,46.0,3.0,16.0,STARTER,1.0,False,1496.0,1728.709762,1666.845353,1526.611442,1526.611442,1526.611442,PHI,RB,True,RB,PHI,STARTER,STARTER,2,True,Ourlads depth chart,PHI,PHI,False,00-0036389,4040715,Jalen Hurts,True,0.0,1.0,0.15,0.15,0.0,1.0,False,True,MEDIUM,,Head coach retained; offensive coordinator changed.,1.0293050859,1.0073262715,WAS,1.1750573078,1.04,1.0073262715,88.0,91.8609375,91.436234375,92.1061210514,16.0,88.3125,123.796875,0.9,0.89,True,15.874,1496.0,1451.4587844687,1462.0925655701,False,91.436234375,92.1061210514,False,False,Saquon Barkley,PHI,scrimmageYards,STARTER,Ourlads depth chart,1323.0,1462.0925655701,139.0925655701,0.0,15.874,95.7903658935,,1.0,False,9.0,0.5625,1.043,0.5867,0.0,9.31,0.6101
00-0040663,Harold Fannin Jr.,TE,CLE,2026.0,22.117477,1.0,16.0,1.0,16.0,STARTER,1.0,False,731.0,776.6875,672.12963,672.12963,672.12963,672.12963,CLE,TE,True,TE,CLE,STARTER,STARTER,1,True,Ourlads depth chart,CLE,CLE,False,00-0040668,3122840,Deshaun Watson,True,0.0,1.0,0.3263358779,0.3263358779,0.0,1.0,True,True,LOW,,New head coach and offensive staff.,1.0778592535,1.0194648134,JAX,1.1010175198,1.0252543799,1.0194648134,43.0,45.41875,45.1526875,46.0315761352,16.0,45.6875,43.0,0.9,0.89,True,16.08,731.0,726.055215,740.1877442544,False,45.1526875,46.0315761352,False,False,Harold Fannin Jr.,CLE,receivingYards,STARTER,Ourlads depth chart,610.0,740.1877442544,130.1877442544,0.0,16.08,47.1940750486,,1.0,False,6.0,0.375,1.0075,0.3778,0.0,6.08,0.3874
00-0038996,Tucker Kraft,TE,GB,2026.0,25.827341,3.0,39.0,3.0,8.0,STARTER,1.0,False,731.0,781.174893,761.957906,777.197064,777.197064,777.197064,GB,TE,True,TE,GB,STARTER,STARTER,2,True,Ourlads depth chart,GB,GB,False,00-0036264,4036378,Jordan Love,True,0.0,1.0,0.2130434783,0.2130434783,0.0,1.0,False,False,HIGH,,Offensive leadership retained.,0.9551131848,0.9887782962,MIN,0.788477686,0.96,0.9887782962,43.0,55.57711766,53.3132364812,52.7149711333,8.0,61.125,35.907353,0.78,0.82,True,13.025,731.0,694.4049051676,686.6124990114,False,53.3132364812,52.7149711333,False,False,Tucker Kraft,GB,receivingYards,STARTER,Ourlads depth chart,559.0,686.6124990114,127.6124990114,0.0,13.025,50.606372288,,1.0,False,6.0,0.75,0.8624,0.6468,0.0,8.42,0.6209
00-0036973,Travis Etienne Jr.,RB,JAX,2026.0,27.598767,3.0,49.0,3.0,17.0,STARTER,1.0,False,1496.0,1266.177433,1279.540634,1279.540634,1279.540634,1279.540634,NO,RB,True,RB,NO,STARTER,STARTER,2,True,Ourlads depth chart,JAX,NO,True,00-0036971,4360689,Tyler Shough,True,-8.0518181553,0.9935585455,0.1415607985,0.1624472574,14.7544087418,1.0206561722,False,False,HIGH,,Offensive leadership retained.,1.045882114,1.0114705285,DET,0.8974262252,0.9743565563,1.0257137145,88.0,80.638667,81.3748003,83.467248684,17.0,82.294118,65.739608,0.9,0.9,True,16.666,1496.0,1356.1924217998,1391.0651665676,False,81.3748003,83.467248684,False,False,Travis Etienne Jr.,NO,scrimmageYards,STARTER,Ourlads depth chart,1266.0,1391.0651665676,125.0651665676,0.0,16.666,81.3268609921,,1.0,False,13.0,0.7647,1.0143,0.7756,0.0,12.93,0.7557
00-0033090,Hunter Henry,TE,NE,2026.0,31.735744,3.0,46.0,3.0,17.0,STARTER,1.0,False,731.0,720.358059,720.329958,720.329958,720.329958,720.329958,NE,TE,True,TE,NE,STARTER,STARTER,1,True,Ourlads depth chart,NE,NE,False,00-0039851,4431452,Drake Maye,True,0.0,1.0,0.2390852391,0.2390852391,0.0,1.0,False,False,HIGH,,Offensive leadership retained.,0.9623904604,0.9905976151,SEA,1.1777816895,1.04,0.9905976151,43.0,44.5250258,44.37252322,43.9553156775,17.0,45.176471,38.662019,0.9,0.9,True,16.431,731.0,729.0849290278,722.2297918969,False,44.37252322,43.9553156775,False,False,Hunter Henry,NE,receivingYards,STARTER,Ourlads depth chart,603.0,722.2297918969,119.2297918969,0.0,16.431,45.7135283046,,1.0,False,7.0,0.4118,0.973,0.4006,0.0,6.58,0.4167
00-0036358,CeeDee Lamb,WR,DAL,2026.0,27.401637,3.0,45.0,3.0,13.0,STARTER,2.0,False,901.0,1454.901995,1378.067371,1378.067371,1378.067371,1378.067371,DAL,WR,True,WR,DAL,STARTER,STARTER,2,True,Ourlads depth chart,DAL,DAL,False,00-0033077,4360698,Joe Milton III,True,-82.9141036982,0.94,0.6375617792,0.6375617792,0.0,1.0,False,True,MEDIUM,,Head coach retained; offensive coordinator changed.,1.0547287667,1.0136821917,NYG,1.0913561316,1.0228390329,0.9528612602,53.0,83.336421,79.99941469,76.2283430944,13.0,82.846154,87.748824,0.9,0.89,True,14.226,901.0,1138.0716733799,1084.4244088604,False,79.99941469,76.2283430944,False,False,CeeDee Lamb,DAL,receivingYards,STARTER,Ourlads depth chart,973.0,1084.4244088604,111.4244088604,0.0,14.226,77.9693247304,,1.0,False,3.0,0.2308,0.9201,0.2123,0.0,3.02,0.2172
00-0038597,Chase Brown,RB,CIN,2026.0,26.448846,3.0,45.0,3.0,17.0,STARTER,1.0,False,1496.0,1358.351539,1365.371524,1447.293815,1447.293815,1447.293815,CIN,RB,True,RB,CIN,STARTER,STARTER,1,True,Ourlads depth chart,CIN,CIN,False,00-0026158,4259592,Sean Clifford,True,0.0,1.0,0.1828665568,0.1828665568,0.0,1.0,False,False,HIGH,,Offensive leadership retained.,0.9856094601,0.996402365,TB,1.0213852538,1.0053463134,0.996402365,88.0,83.5438114,83.98943026,83.6872669482,17.0,85.647059,64.614583,0.9,0.9,True,16.468,1496.0,1383.1379375217,1378.1619121034,False,83.98943026,83.6872669482,False,False,Chase Brown,CIN,scrimmageYards,STARTER,Ourlads depth chart,1267.0,1378.1619121034,111.1619121034,0.0,16.468,84.1346853081,,1.0,False,11.0,0.6471,0.9771,0.6323,0.0,10.41,0.6356
00-0039337,Malik Nabers,WR,NYG,2026.0,23.097647,2.0,19.0,1.0,4.0,STARTER,3.0,False,680.0,1259.954613,1197.613393,1197.613393,1197.613393,1197.613393,NYG,WR,True,WR,NYG,STARTER,STARTER,4,True,Ourlads depth chart,NYG,NYG,False,00-0040691,4689114,Jaxson Dart,True,0.0,1.0,0.6027667984,0.6027667984,0.0,1.0,True,True,LOW,,New head coach and offensive staff.,1.0432329497,1.0108082374,DAL,1.2296791762,1.04,1.0108082374,40.0,72.7566668,59.326433412,59.9676475899,4.0,67.75,80.266667,0.6,0.59,True,11.15,680.0,661.4897325438,668.6392706271,False,59.326433412,59.9676475899,False,False,Malik Nabers,NYG,receivingYards,STARTER,Ourlads depth chart,567.0,668.6392706271,101.6392706271,0.0,11.15,62.3663534935,,1.0,False,2.0,0.5,0.8851,0.4426,0.0,4.93,0.4603
00-0040122,Ashton Jeanty,RB,LV,2026.0,22.749933,1.0,17.0,1.0,17.0,STARTER,1.0,False,1496.0,1321.0,1356.925156,1356.925156,1356.925156,1356.925156,LV,RB,True,RB,LV,STARTER,STARTER,1,True,Ourlads depth chart,LV,LV,False,00-0030565,14880,Kirk Cousins,True,-14.6611571658,0.9882710743,0.2043010753,0.2043010753,0.0,1.0,True,True,LOW,,New head coach and offensive staff.,0.9501067641,0.987526691,MIA,1.1360589618,1.0340147404,0.9759440638,88.0,78.7352938,79.754411482,77.8358444486,17.0,77.705882,88.0,0.9,0.89,True,16.9,1496.0,1347.8495540458,1315.4257711815,False,79.754411482,77.8358444486,False,False,Ashton Jeanty,LV,scrimmageYards,STARTER,Ourlads depth chart,1216.0,1315.4257711815,99.4257711815,0.0,16.9,80.4834104949,,1.0,False,10.0,0.5882,1.0017,0.5892,0.0,9.96,0.6093
00-0034383,Dalton Schultz,TE,HOU,2026.0,30.142282,3.0,49.0,3.0,17.0,STARTER,1.0,False,731.0,693.798522,696.231199,696.231199,696.231199,696.231199,HOU,TE,True,TE,HOU,STARTER,STARTER,1,True,Ourlads depth chart,HOU,HOU,False,00-0039163,4432577,C.J. Stroud,True,0.0,1.0,0.2327272727,0.2327272727,0.0,1.0,False,False,HIGH,,Offensive leadership retained.,1.0159641099,1.0039910275,BUF,0.5872458983,0.96,1.0039910275,43.0,44.6510781,44.48597029,44.6635150198,17.0,45.705882,35.157843,0.9,0.9,True,16.674,731.0,741.7590686155,744.7194494404,False,44.48597029,44.6635150198,False,False,Dalton Schultz,HOU,receivingYards,STARTER,Ourlads depth chart,653.0,744.7194494404,91.7194494404,0.0,16.674,42.876974419,,1.0,False,3.0,0.1765,0.9772,0.1724,0.0,2.88,0.1655
00-0037840,Kyren Williams,RB,LAR,2026.0,26.016256,3.0,45.0,3.0,17.0,STARTER,1.0,False,1496.0,1604.395279,1585.005751,1585.005751,1585.005751,1585.005751,LAR,RB,True,RB,LAR,STARTER,STARTER,2,True,Ourlads depth chart,LAR,LAR,False,00-0026498,12483,Matthew Stafford,True,0.0,1.0,0.1101549053,0.1101549053,0.0,1.0,False,True,MEDIUM,,Head coach retained; offensive coordinator changed.,1.011198711,1.0027996777,SF,1.0162783275,1.0040695819,1.0027996777,88.0,91.1128864,90.770468896,91.0245969576,17.0,90.176471,99.540625,0.9,0.89,True,16.468,1496.0,1494.8080817793,1498.9930626986,False,90.770468896,91.0245969576,False,False,Kyren Williams,LAR,scrimmageYards,STARTER,Ourlads depth chart,1419.0,1498.9930626986,79.9930626986,0.0,16.468,91.3950290072,,1.0,False,13.0,0.7647,1.0094,0.7719,0.0,12.71,0.775
00-0038563,Tre Tucker,WR,LV,2026.0,25.485102,3.0,47.0,3.0,17.0,STARTER,1.0,False,1139.0,632.40753,654.366811,693.628819,693.628819,693.628819,LV,WR,True,WR,LV,STARTER,STARTER,4,True,Ourlads depth chart,LV,LV,False,00-0030565,14880,Kirk Cousins,True,-14.6611571658,0.9736099171,0.4602150538,0.4602150538,0.0,1.0,True,True,LOW,,New head coach and offensive staff.,0.9302902803,0.9825725701,MIA,0.9158085368,0.9789521342,0.9566423985,40.0,39.7990946,39.821194194,38.0946427244,17.0,40.941176,29.520362,0.9,0.89,True,16.548,680.0,658.9611215223,630.3901478037,False,39.821194194,38.0946427244,False,False,Tre Tucker,LV,receivingYards,STARTER,Ourlads depth chart,553.0,630.3901478037,77.3901478037,0.0,16.548,37.2928317966,,1.0,False,5.0,0.2941,0.9305,0.2737,0.0,4.53,0.2679
00-0037239,Chris Olave,WR,NO,2026.0,26.180531,3.0,40.0,3.0,16.0,STARTER,1.0,False,1139.0,1116.999143,1088.345375,1088.345375,1088.345375,1088.345375,NO,WR,True,WR,NO,STARTER,STARTER,2,True,Ourlads depth chart,NO,NO,False,00-0040743,4360689,Tyler Shough,True,0.0,1.0,0.5337552743,0.5337552743,0.0,1.0,False,False,HIGH,,Offensive leadership retained.,1.0117314252,1.0029328563,DET,1.1184285318,1.0296071329,1.0029328563,53.0,71.1253125,69.31278125,69.5160656779,16.0,72.6875,57.065625,0.9,0.9,True,14.964,901.0,1037.196458625,1040.2384068043,False,69.31278125,69.5160656779,False,False,Chris Olave,NO,receivingYards,STARTER,Ourlads depth chart,964.0,1040.2384068043,76.2384068043,0.0,14.964,71.5742370761,,1.0,False,9.0,0.5625,0.9564,0.538,0.0,8.05,0.5539
00-0035261,Tony Pollard,RB,TEN,2026.0,29.340075,3.0,50.0,3.0,17.0,STARTER,1.0,False,1496.0,1326.78459,1325.360991,1325.360991,1325.360991,1325.360991,TEN,RB,True,RB,TEN,STARTER,STARTER,2,True,Ourlads depth chart,TEN,TEN,False,00-0040676,4688380,Cam Ward,True,0.0,1.0,0.1830708661,0.1830708661,0.0,1.0,True,True,LOW,,New head coach and offensive staff.,0.9912079622,0.9978019905,NYJ,1.1420944201,1.035523605,0.9978019905,88.0,76.2479597,77.540684133,77.3702489758,17.0,75.764706,80.597243,0.9,0.89,True,16.783,1496.0,1301.3653018041,1298.5048885606,False,77.540684133,77.3702489758,False,False,Tony Pollard,TEN,scrimmageYards,STARTER,Ourlads depth chart,1224.0,1298.5048885606,74.5048885606,0.0,16.783,80.1187191411,,1.0,False,5.0,0.2941,1.0212,0.3004,0.0,5.04,0.311
00-0036275,D'Andre Swift,RB,CHI,2026.0,27.631621,3.0,49.0,3.0,16.0,STARTER,1.0,False,1496.0,1415.332323,1414.884886,1414.884886,1414.884886,1414.884886,CHI,RB,True,RB,CHI,STARTER,STARTER,1,True,Ourlads depth chart,CHI,CHI,False,00-0039918,4431611,Caleb Williams,True,0.0,1.0,0.1490566038,0.1490566038,0.0,1.0,False,True,MEDIUM,,Head coach retained; offensive coordinator changed.,0.9885589148,0.9971397287,CAR,1.0654905261,1.0163726315,0.9971397287,88.0,85.8679596,86.102484044,85.856207581,16.0,86.625,79.054596,0.9,0.89,True,16.117,1496.0,1387.7137353371,1383.7444975835,False,86.102484044,85.856207581,False,False,D'Andre Swift,CHI,scrimmageYards,STARTER,Ourlads depth chart,1312.0,1383.7444975835,71.7444975835,0.0,16.117,87.2618996313,,1.0,False,10.0,0.625,0.9911,0.6195,0.0,9.98,0.6296
00-0040126,Colston Loveland,TE,CHI,2026.0,22.396743,1.0,16.0,1.0,16.0,STARTER,1.0,False,731.0,757.5625,663.62963,663.62963,663.62963,663.62963,CHI,TE,True,TE,CHI,STARTER,STARTER,1,True,Ourlads depth chart,CHI,CHI,False,00-0039918,4431611,Caleb Williams,True,0.0,1.0,0.2566037736,0.2566037736,0.0,1.0,False,True,MEDIUM,,Head coach retained; offensive coordinator changed.,0.9500815838,0.9875203959,CAR,1.1174669847,1.0293667462,0.9875203959,43.0,44.40625,44.2515625,43.6993205214,16.0,44.5625,43.0,0.9,0.89,True,16.08,731.0,711.565125,702.6850739842,False,44.2515625,43.6993205214,False,False,Colston Loveland,CHI,receivingYards,STARTER,Ourlads depth chart,641.0,702.6850739842,61.6850739842,0.0,16.08,44.9826273755,,1.0,False,6.0,0.375,0.9806,0.3677,0.0,5.91,0.3785
00-0031408,Mike Evans,WR,TB,2026.0,33.030774,3.0,39.0,3.0,8.0,STARTER,2.0,False,901.0,938.120623,923.844772,834.92823,834.92823,834.92823,SF,WR,True,WR,SF,STARTER,STARTER,4,True,Ourlads depth chart,TB,SF,True,00-0034855,4361741,Brock Purdy,True,10.8373200167,1.019507176,0.6722222222,0.4473197782,-33.4565619224,0.94,False,False,HIGH,,Offensive leadership retained.,0.983414889,0.9958537223,LAR,1.0414413938,1.0103603485,0.9543632152,40.0,51.81955462,49.2192526036,46.9730441622,8.0,46.0,72.452521,0.78,0.78,True,12.575,680.0,618.9321014903,590.6860303401,False,49.2192526036,46.9730441622,False,False,Mike Evans,SF,receivingYards,STARTER,Ourlads depth chart,534.0,590.6860303401,56.6860303401,0.0,12.575,47.4597012676,,1.0,False,3.0,0.375,1.0212,0.3829,0.0,4.82,0.3869
00-0037261,Khalil Shakir,WR,BUF,2026.0,26.577527,3.0,47.0,3.0,16.0,STARTER,1.0,False,1139.0,806.896803,806.407465,806.407465,806.407465,806.407465,BUF,WR,True,WR,BUF,STARTER,STARTER,3,True,Ourlads depth chart,BUF,BUF,False,00-0034857,4039034,Shane Buechele,True,-61.6139585605,0.94,0.5853174603,0.5853174603,0.0,1.0,True,True,MEDIUM,,Head-coach change with some offensive-system continuity.,0.9738101588,0.9934525397,HOU,0.914539518,0.9786348795,0.9338453873,40.0,45.3379792,44.750801488,41.7903295487,16.0,44.9375,48.942292,0.9,0.89,True,15.783,680.0,706.3018998851,659.5767712678,False,44.750801488,41.7903295487,False,False,Khalil Shakir,BUF,receivingYards,STARTER,Ourlads depth chart,608.0,659.5767712678,51.5767712678,0.0,15.783,40.8974741226,,1.0,False,4.0,0.25,0.93,0.2325,0.0,3.67,0.2275
00-0038994,Jordan Addison,WR,MIN,2026.0,24.595283,3.0,46.0,3.0,14.0,STARTER,2.0,False,901.0,819.592098,815.912565,815.912565,815.912565,815.912565,MIN,WR,True,WR,MIN,STARTER,STARTER,2,True,Ourlads depth chart,MIN,MIN,False,00-0039923,4573398,Max Brosmer,True,-71.2885153186,0.94,0.6146993318,0.6146993318,0.0,1.0,False,False,HIGH,,Offensive leadership retained.,1.0209131492,1.0052282873,GB,0.9712223559,0.992805589,0.9449145901,53.0,44.881541,45.6933869,43.1763479511,14.0,43.571429,56.672549,0.9,0.9,True,14.746,901.0,673.7946832274,636.6784268871,False,45.6933869,43.1763479511,False,False,Jordan Addison,MIN,receivingYards,STARTER,Ourlads depth chart,589.0,636.6784268871,47.6784268871,0.0,14.746,42.8657195572,,1.0,False,3.0,0.2143,0.9909,0.2123,0.0,3.13,0.2108
00-0033119,Jacoby Brissett,QB,ARI,2026.0,33.723465,3.0,23.0,1.0,14.0,STARTER,1.0,False,4165.0,3357.60899,3532.513559,3744.464372,3744.464372,3744.464372,ARI,QB,True,QB,ARI,STARTER,STARTER,1,True,Ourlads depth chart,ARI,ARI,False,00-0033119,2578570,Jacoby Brissett,False,0.0,1.0,38.1176470588,38.1176470588,0.0,1.0,True,True,LOW,,New head coach and offensive staff.,0.9982429029,0.9995607257,LAC,0.8655370745,0.9663842686,0.9995607257,245.0,227.9757139,229.848385371,229.7474188888,14.0,240.428571,115.9,0.9,0.89,True,10.775,4165.0,2476.6163523725,2475.5284385268,False,229.848385371,229.7474188888,False,False,Jacoby Brissett,ARI,passingYards,STARTER,Ourlads depth chart,2431.0,2475.5284385268,44.5284385268,0.0,10.775,222.024291369,,1.0,False,23.0,1.6429,0.9556,1.5699,0.0,16.92,1.5171
00-0039065,Sam LaPorta,TE,DET,2026.0,25.635687,3.0,42.0,3.0,9.0,STARTER,1.0,False,731.0,857.864358,829.444635,838.519376,838.519376,838.519376,DET,TE,True,TE,DET,STARTER,STARTER,1,True,Ourlads depth chart,DET,DET,False,00-0033106,4597679,Luke Altmyer,True,0.0,1.0,0.1672727273,0.1672727273,0.0,1.0,False,True,MEDIUM,,Head coach retained; offensive coordinator changed.,0.9644668022,0.9911167005,NO,0.9529723354,0.9882430838,0.9911167005,43.0,52.89527176,50.6193592552,50.1696923284,9.0,54.333333,47.796691,0.78,0.77,True,13.575,731.0,687.1578018893,681.0535733583,False,50.6193592552,50.1696923284,False,False,Sam LaPorta,DET,receivingYards,STARTER,Ourlads depth chart,640.0,681.0535733583,41.0535733583,0.0,13.575,49.5798514619,,1.0,False,3.0,0.3333,0.9234,0.3078,0.0,4.18,0.3042
00-0036389,Jalen Hurts,QB,PHI,2026.0,28.069687,3.0,48.0,3.0,16.0,STARTER,1.0,False,4165.0,3453.767772,3515.412322,3515.412322,3515.412322,3515.412322,PHI,QB,True,QB,PHI,STARTER,STARTER,1,True,Ourlads depth chart,PHI,PHI,False,00-0036389,4040715,Jalen Hurts,False,0.0,1.0,29.2352941176,29.2352941176,0.0,1.0,False,True,MEDIUM,,Head coach retained; offensive coordinator changed.,1.0722729502,1.0180682375,WAS,1.1443625386,1.0360906346,1.0180682375,245.0,201.8726078,206.616620942,210.3498191302,16.0,201.5,205.226078,0.9,0.89,True,15.846,4165.0,3274.0469754469,3333.2032339375,False,206.616620942,210.3498191302,False,False,Jalen Hurts,PHI,passingYards,STARTER,Ourlads depth chart,3330.0,3333.2032339375,3.2032339375,0.0,15.846,217.9414775988,,1.0,False,25.0,1.5625,1.0439,1.6311,0.0,25.85,1.69
00-0038997,Josh Downs,WR,IND,2026.0,25.055251,3.0,47.0,3.0,16.0,STARTER,2.0,False,901.0,710.141278,728.785294,728.785294,728.785294,728.785294,IND,WR,True,WR,IND,STARTER,STARTER,3,True,Ourlads depth chart,IND,IND,False,00-0035710,3917792,Daniel Jones,True,0.0,1.0,0.578125,0.578125,0.0,1.0,False,False,HIGH,,Offensive leadership retained.,1.0192211242,1.004805281,BAL,1.2195270261,1.04,1.004805281,40.0,37.1530672,37.43776048,37.6176594409,16.0,35.375,53.155672,0.9,0.9,True,15.729,680.0,588.8585345899,591.6881653452,False,37.43776048,37.6176594409,False,False,Josh Downs,IND,receivingYards,STARTER,Ourlads depth chart,592.0,591.6881653452,-0.3118346548,0.0,15.729,39.1223658185,,1.0,False,4.0,0.25,1.0634,0.2658,0.0,4.18,0.2765
00-0038134,Kenneth Walker III,RB,SEA,2026.0,25.865671,3.0,43.0,3.0,17.0,STARTER,1.0,False,1496.0,1324.771887,1334.860753,1334.860753,1334.860753,1334.860753,KC,RB,True,RB,KC,STARTER,STARTER,2,True,Ourlads depth chart,SEA,KC,True,00-0034869,3139477,Patrick Mahomes,True,7.5998730997,1.0060798985,0.122605364,0.1639344262,33.7090163934,1.047192623,False,True,MEDIUM,,Head coach retained; offensive coordinator changed.,0.9795740018,0.9948935004,DEN,0.7367901808,0.96,1.0481794469,88.0,77.1687273,78.793418205,82.5896415164,17.0,77.0,78.687273,0.9,0.85,True,16.072,1496.0,1266.3678173908,1327.3807184518,False,78.793418205,82.5896415164,False,False,Kenneth Walker III,KC,scrimmageYards,STARTER,Ourlads depth chart,1329.0,1327.3807184518,-1.6192815482,0.0,16.072,79.2860558558,,1.0,False,5.0,0.2941,1.0726,0.3155,0.0,5.07,0.3029
00-0035676,A.J. Brown,WR,PHI,2026.0,29.173063,3.0,45.0,3.0,15.0,STARTER,1.0,False,1139.0,1268.376525,1224.095122,1224.095122,1224.095122,1224.095122,NE,WR,True,WR,NE,STARTER,STARTER,1,True,Ourlads depth chart,PHI,NE,True,00-0036389,4431452,Drake Maye,True,28.273244665,1.0508918404,0.6239130435,0.5883575884,-5.6987837476,0.9874626758,False,False,HIGH,,Offensive leadership retained.,0.9589800573,0.9897450143,SEA,0.7969437798,0.96,1.0270747011,67.0,68.5726474,68.41538266,70.2677086976,15.0,66.866667,83.926471,0.9,0.9,True,14.892,1139.0,1018.8418785727,1046.4267179249,False,68.41538266,70.2677086976,False,False,A.J. Brown,NE,receivingYards,STARTER,Ourlads depth chart,1055.0,1046.4267179249,-8.5732820751,0.0,14.892,67.4570003497,,1.0,False,7.0,0.4667,1.0509,0.4904,0.0,7.3,0.4708
00-0036322,Justin Jefferson,WR,MIN,2026.0,27.212722,3.0,44.0,3.0,17.0,STARTER,1.0,False,1139.0,1306.698014,1255.178593,1255.178593,1255.178593,1255.178593,MIN,WR,True,WR,MIN,STARTER,STARTER,3,True,Ourlads depth chart,MIN,MIN,False,00-0039923,4573398,Max Brosmer,True,-71.2885153186,0.94,0.6146993318,0.6146993318,0.0,1.0,False,False,HIGH,,Offensive leadership retained.,1.0209131492,1.0052282873,GB,0.9712223559,0.992805589,0.9449145901,40.0,65.1028237,62.59254133,59.1446055317,17.0,61.647059,96.204706,0.9,0.9,True,16.359,680.0,1023.9513836175,967.5466018934,False,62.59254133,59.1446055317,False,False,Justin Jefferson,MIN,receivingYards,STARTER,Ourlads depth chart,986.0,967.5466018934,-18.4533981066,0.0,16.359,58.7190949293,,1.0,False,2.0,0.1176,0.9594,0.1129,0.0,1.85,0.1121
00-0035659,Terry McLaurin,WR,WAS,2026.0,30.963654,3.0,44.0,3.0,10.0,STARTER,2.0,False,901.0,1036.557925,1011.238474,1011.238474,1011.238474,1011.238474,WAS,WR,True,WR,WAS,STARTER,STARTER,4,True,Ourlads depth chart,WAS,WAS,False,00-0032268,4361994,Sam Hartman,True,0.0,1.0,0.6319444444,0.6319444444,0.0,1.0,False,True,MEDIUM,,Head coach retained; offensive coordinator changed.,1.0288756198,1.007218905,PHI,0.9856045685,0.9964011421,1.007218905,40.0,59.15376468,54.7483988036,55.1436222912,10.0,58.2,62.535294,0.78,0.77,True,13.16,680.0,720.4889282554,725.6900693518,False,54.7483988036,55.1436222912,False,False,Terry McLaurin,WAS,receivingYards,STARTER,Ourlads depth chart,754.0,725.6900693518,-28.3099306482,0.0,13.16,54.9451682314,,1.0,False,3.0,0.3,0.9475,0.2842,0.0,3.74,0.2832
00-0037816,Romeo Doubs,WR,GB,2026.0,26.385874,3.0,46.0,3.0,16.0,STARTER,1.0,False,1139.0,760.194559,764.274278,764.274278,764.274278,764.274278,NE,WR,True,WR,NE,STARTER,STARTER,4,True,Ourlads depth chart,GB,NE,True,00-0036264,4431452,Drake Maye,True,14.6719556344,1.0264095201,0.6173913043,0.5883575884,-4.7026441393,0.9896541829,False,False,HIGH,,Offensive leadership retained.,0.9589800573,0.9897450143,SEA,0.7969437798,0.96,1.0053735582,40.0,45.1176471,44.60588239,44.8455746949,16.0,45.25,43.926471,0.9,0.9,True,15.612,680.0,696.3870358727,700.1291121361,False,44.60588239,44.8455746949,False,False,Romeo Doubs,NE,receivingYards,STARTER,Ourlads depth chart,732.0,700.1291121361,-31.8708878639,0.0,15.612,43.0517517071,,1.0,False,6.0,0.375,0.9911,0.3716,0.0,5.8,0.3568
00-0031588,Stefon Diggs,WR,NE,2026.0,32.756983,3.0,42.0,3.0,17.0,STARTER,1.0,False,1139.0,1056.991193,1035.422981,1035.422981,1035.422981,1035.422981,WAS,WR,True,WR,WAS,STARTER,STARTER,3,True,Ourlads depth chart,NE,WAS,True,00-0039851,4361994,Sam Hartman,True,0.0,1.0,0.5883575884,0.6319444444,7.4082253632,1.0162980958,False,True,MEDIUM,,Head coach retained; offensive coordinator changed.,1.0288756198,1.007218905,PHI,0.9856045685,0.9964011421,1.0236346552,40.0,60.0949997,57.080749745,58.4298335816,17.0,59.588235,64.655882,0.9,0.85,True,15.747,680.0,898.8505662345,920.0945894093,False,57.080749745,58.4298335816,False,False,Stefon Diggs,WAS,receivingYards,STARTER,Ourlads depth chart,953.0,920.0945894093,-32.9054105907,0.0,15.747,58.2195529144,,1.0,False,4.0,0.2353,0.9806,0.2307,0.0,3.63,0.2299
00-0036997,Javonte Williams,RB,DAL,2026.0,26.353019,3.0,49.0,3.0,16.0,STARTER,1.0,False,1496.0,1197.825583,1217.517658,1217.517658,1217.517658,1217.517658,DAL,RB,True,RB,DAL,STARTER,STARTER,2,True,Ourlads depth chart,DAL,DAL,False,00-0033077,4360698,Joe Milton III,True,-82.9141036982,0.94,0.1350906096,0.1350906096,0.0,1.0,False,True,MEDIUM,,Head coach retained; offensive coordinator changed.,1.0196647385,1.0049161846,NYG,1.1625221252,1.04,0.9446212135,88.0,80.7387868,81.537520252,77.0220713298,16.0,83.625,54.762868,0.9,0.89,True,16.117,1496.0,1314.1402139015,1241.3647236221,False,81.537520252,77.0220713298,False,False,Javonte Williams,DAL,scrimmageYards,STARTER,Ourlads depth chart,1278.0,1241.3647236221,-36.6352763779,0.0,16.117,80.102954183,,1.0,False,13.0,0.8125,0.921,0.7483,0.0,12.06,0.7783
00-0036252,Michael Pittman Jr.,WR,IND,2026.0,28.907486,3.0,49.0,3.0,17.0,STARTER,1.0,False,1139.0,871.868363,865.381264,865.381264,865.381264,865.381264,PIT,WR,True,WR,PIT,STARTER,STARTER,2,True,Ourlads depth chart,IND,PIT,True,00-0035710,8439,Aaron Rodgers,True,-12.9595293525,0.9766728472,0.578125,0.4743589744,-17.9487179487,0.9605128205,True,True,LOW,,New head coach and offensive staff.,0.9775176842,0.9943794211,ATL,1.0312892437,1.0078223109,0.9328340879,53.0,47.3083823,48.162124955,44.9272719024,17.0,46.117647,58.025,0.9,0.85,True,16.62,901.0,800.4545167521,746.6912590178,False,48.162124955,44.9272719024,False,False,Michael Pittman Jr.,PIT,receivingYards,STARTER,Ourlads depth chart,785.0,746.6912590178,-38.3087409822,0.0,16.62,45.2787069927,,1.0,False,7.0,0.4118,0.9742,0.4011,0.0,6.67,0.4043
00-0037228,Jaylen Warren,RB,PIT,2026.0,27.834227,3.0,48.0,3.0,16.0,STARTER,1.0,False,1496.0,1206.270521,1225.537453,1225.537453,1225.537453,1225.537453,PIT,RB,True,RB,PIT,STARTER,STARTER,1,True,Ourlads depth chart,PIT,PIT,False,00-0023459,8439,Aaron Rodgers,True,0.0,1.0,0.2490842491,0.2490842491,0.0,1.0,True,True,LOW,,New head coach and offensive staff.,0.9857186992,0.9964296748,ATL,1.0283492441,1.007087311,0.9964296748,88.0,78.552299,79.59154611,79.3073784066,16.0,80.6875,59.33549,0.9,0.89,True,15.946,1496.0,1269.1667942701,1264.6354560712,False,79.59154611,79.3073784066,False,False,Jaylen Warren,PIT,scrimmageYards,STARTER,Ourlads depth chart,1304.0,1264.6354560712,-39.3645439288,0.0,15.946,79.8694544643,,1.0,False,8.0,0.5,0.9829,0.4914,0.0,7.84,0.4949
00-0039894,Xavier Worthy,WR,KC,2026.0,23.349535,2.0,30.0,2.0,14.0,STARTER,3.0,False,680.0,655.457867,679.739746,679.739746,679.739746,679.739746,KC,WR,True,WR,KC,STARTER,STARTER,4,True,Ourlads depth chart,KC,KC,False,00-0033873,3139477,Patrick Mahomes,True,0.0,1.0,0.5683060109,0.5683060109,0.0,1.0,False,True,MEDIUM,,Head coach retained; offensive coordinator changed.,0.962214811,0.9905537027,DEN,0.9407659057,0.9851914764,0.9905537027,40.0,38.1875,38.386875,38.024261168,14.0,38.0,39.875,0.9,0.89,True,14.86,680.0,570.4289625,565.0405209564,False,38.386875,38.024261168,False,False,Xavier Worthy,KC,receivingYards,STARTER,Ourlads depth chart,610.0,565.0405209564,-44.9594790436,0.0,14.86,37.461178,,1.0,False,1.0,0.0714,1.0006,0.0715,0.0,1.06,0.0704
00-0037545,Rashid Shaheed,WR,SEA,2026.0,28.003977,3.0,39.0,2.0,18.0,STARTER,2.0,False,901.0,774.935815,777.989437,777.989437,777.989437,777.989437,SEA,WR,True,WR,SEA,STARTER,STARTER,4,True,Ourlads depth chart,SEA,SEA,False,00-0034869,3912547,Sam Darnold,True,0.0,1.0,0.6819923372,0.6819923372,0.0,1.0,False,True,MEDIUM,,Head coach retained; offensive coordinator changed.,1.0206145565,1.0051536391,NE,0.8519345927,0.9629836482,1.0051536391,40.0,39.8085003,39.829565267,40.0348324734,18.0,38.166667,54.585,0.9,0.89,True,16.107,680.0,641.5348077556,644.8410466484,False,39.829565267,40.0348324734,False,False,Rashid Shaheed,SEA,receivingYards,STARTER,Ourlads depth chart,690.0,644.8410466484,-45.1589533516,0.0,16.107,38.5528890289,,1.0,False,2.0,0.1111,1.0489,0.1165,0.0,1.88,0.1122
00-0038129,Cade Otton,TE,TB,2026.0,27.382472,3.0,46.0,3.0,15.0,STARTER,1.0,False,731.0,643.278092,641.097233,641.097233,641.097233,641.097233,TB,TE,True,TE,TB,STARTER,STARTER,1,True,Ourlads depth chart,TB,TB,False,00-0034855,3052587,Baker Mayfield,True,0.0,1.0,0.1592592593,0.1592592593,0.0,1.0,False,True,MEDIUM,,Head coach retained; offensive coordinator changed.,0.9867098654,0.9966774664,CIN,1.5835351579,1.04,0.9966774664,43.0,38.0424787,38.587806043,38.459596759,15.0,38.133333,37.22479,0.9,0.89,True,15.009,731.0,579.1643808994,577.2400877559,False,38.587806043,38.459596759,False,False,Cade Otton,TB,receivingYards,STARTER,Ourlads depth chart,627.0,577.2400877559,-49.7599122441,0.0,15.009,39.9979806294,,1.0,False,1.0,0.0667,1.0086,0.0672,0.0,1.01,0.0699
00-0039919,Rome Odunze,WR,CHI,2026.0,24.247568,2.0,29.0,2.0,12.0,STARTER,1.0,False,1139.0,835.080607,829.376679,845.964212,845.964212,845.964212,CHI,WR,True,WR,CHI,STARTER,STARTER,4,True,Ourlads depth chart,CHI,CHI,False,00-0039918,4431611,Caleb Williams,True,0.0,1.0,0.5943396226,0.5943396226,0.0,1.0,False,True,MEDIUM,,Head coach retained; offensive coordinator changed.,0.9447222583,0.9861805646,CAR,0.8959272429,0.9739818107,0.9861805646,40.0,53.8926468,52.364455652,51.6408084385,12.0,55.083333,43.176471,0.9,0.89,True,14.2,680.0,743.5752702584,733.2994798262,False,52.364455652,51.6408084385,False,False,Rome Odunze,CHI,receivingYards,STARTER,Ourlads depth chart,790.0,733.2994798262,-56.7005201738,0.0,14.2,50.2972081105,,1.0,False,6.0,0.5,0.9375,0.4688,0.0,6.66,0.4566
00-0037809,Chig Okonkwo,TE,TEN,2026.0,26.982737,3.0,50.0,3.0,17.0,STARTER,1.0,False,731.0,539.824396,547.207026,547.207026,547.207026,547.207026,WAS,TE,True,TE,WAS,STARTER,STARTER,1,True,Ourlads depth chart,TEN,WAS,True,00-0040676,4361994,Sam Hartman,True,0.0,1.0,0.2755905512,0.2407407407,-12.6455026455,0.9721798942,False,True,MEDIUM,,Head coach retained; offensive coordinator changed.,0.984387588,0.996096897,PHI,0.5559919149,0.96,0.9683853759,43.0,32.6800547,34.228046495,33.145939672,17.0,32.941176,30.329963,0.9,0.85,True,16.683,731.0,571.0264996761,552.9737115486,False,34.228046495,33.145939672,False,False,Chig Okonkwo,WAS,receivingYards,STARTER,Ourlads depth chart,611.0,552.9737115486,-58.0262884514,0.0,16.683,31.8201020852,,1.0,False,2.0,0.1176,1.0062,0.1184,0.0,1.97,0.1136
00-0038606,Parker Washington,WR,JAX,2026.0,24.450174,3.0,38.0,3.0,16.0,STARTER,2.0,False,901.0,726.837677,738.499679,782.80966,782.80966,782.80966,JAX,WR,True,WR,JAX,STARTER,STARTER,3,True,Ourlads depth chart,JAX,JAX,False,00-0036971,4360310,Trevor Lawrence,True,0.0,1.0,0.667876588,0.667876588,0.0,1.0,False,False,HIGH,,Offensive leadership retained.,1.0625170583,1.0156292646,CLE,0.7876376423,0.96,1.0156292646,40.0,50.0319643,49.02876787,49.7950514545,16.0,52.9375,23.882143,0.9,0.9,True,15.162,680.0,743.3741784449,754.9925701528,False,49.02876787,49.7950514545,False,False,Parker Washington,JAX,receivingYards,STARTER,Ourlads depth chart,814.0,754.9925701528,-59.0074298472,0.0,15.162,47.8032493963,,1.0,False,5.0,0.3125,0.9406,0.2939,0.0,4.46,0.2822
00-0038041,Jake Ferguson,TE,DAL,2026.0,27.62067,3.0,48.0,3.0,17.0,STARTER,1.0,False,731.0,624.167884,623.872172,623.872172,623.872172,623.872172,DAL,TE,True,TE,DAL,STARTER,STARTER,1,True,Ourlads depth chart,DAL,DAL,False,00-0033077,4360698,Joe Milton III,True,-82.9141036982,0.94,0.2273476112,0.2273476112,0.0,1.0,False,True,MEDIUM,,Head coach retained; offensive coordinator changed.,0.9754855246,0.9938713812,NYG,0.8849812136,0.9712453034,0.9342390983,43.0,35.6250423,36.436287647,34.0402045163,17.0,35.294118,38.603361,0.9,0.89,True,16.449,731.0,599.3404955055,559.927324088,False,36.436287647,34.0402045163,False,False,Jake Ferguson,DAL,receivingYards,STARTER,Ourlads depth chart,625.0,559.927324088,-65.072675912,0.0,16.449,33.0613887633,,1.0,False,8.0,0.4706,0.9645,0.4539,0.0,7.47,0.4408
00-0034351,Dallas Goedert,TE,PHI,2026.0,31.661821,3.0,39.0,3.0,15.0,STARTER,1.0,False,731.0,729.961848,728.837937,728.837937,728.837937,728.837937,PHI,TE,True,TE,PHI,STARTER,STARTER,1,True,Ourlads depth chart,PHI,PHI,False,00-0036389,4040715,Jalen Hurts,True,0.0,1.0,0.2260869565,0.2260869565,0.0,1.0,False,True,MEDIUM,,Head coach retained; offensive coordinator changed.,1.0555395873,1.0138848968,WAS,1.1404962356,1.0351240589,1.0138848968,43.0,40.164,40.47596,41.0379645287,15.0,39.4,47.04,0.9,0.89,True,14.352,731.0,580.91097792,588.9768669158,False,40.47596,41.0379645287,False,False,Dallas Goedert,PHI,receivingYards,STARTER,Ourlads depth chart,672.0,588.9768669158,-83.0231330842,0.0,14.352,42.4793844124,,1.0,False,11.0,0.7333,1.0416,0.7638,0.0,10.96,0.7906
00-0038619,Andrei Iosivas,WR,CIN,2026.0,26.881435,3.0,43.0,3.0,15.0,STARTER,3.0,False,680.0,456.486702,504.831641,535.121539,535.121539,535.121539,CIN,WR,True,WR,CIN,STARTER,STARTER,1,True,Ourlads depth chart,CIN,CIN,False,00-0026158,4259592,Sean Clifford,True,0.0,1.0,0.6046128501,0.6046128501,0.0,1.0,False,False,HIGH,,Offensive leadership retained.,1.0305178794,1.0076294699,TB,1.0613226877,1.0153306719,1.0076294699,67.0,28.3005615,32.17050535,32.4159492506,15.0,29.0,22.005615,0.9,0.9,True,14.982,1139.0,481.9785111537,485.655751673,False,32.17050535,32.4159492506,False,False,Andrei Iosivas,CIN,receivingYards,STARTER,Ourlads depth chart,576.0,485.655751673,-90.344248327,0.0,14.982,32.9129075335,,1.0,False,2.0,0.1333,1.1178,0.149,0.0,2.23,0.1513
00-0038933,Dalton Kincaid,TE,BUF,2026.0,26.873221,3.0,41.0,3.0,12.0,STARTER,1.0,False,731.0,709.790537,698.45983,712.429027,712.429027,712.429027,BUF,TE,True,TE,BUF,STARTER,STARTER,1,True,Ourlads depth chart,BUF,BUF,False,00-0034857,4039034,Shane Buechele,True,-61.6139585605,0.94,0.2400793651,0.2400793651,0.0,1.0,True,True,MEDIUM,,Head-coach change with some offensive-system continuity.,0.9710586833,0.9927646708,HOU,0.8498890218,0.9624722554,0.9331987906,43.0,46.5371872,46.148096608,43.0653479422,12.0,47.583333,37.121875,0.9,0.89,True,13.079,731.0,603.570955536,563.2516857365,False,46.148096608,43.0653479422,False,False,Dalton Kincaid,BUF,receivingYards,STARTER,Ourlads depth chart,654.0,563.2516857365,-90.7483142635,0.0,13.079,41.4492025652,,1.0,False,5.0,0.4167,0.9051,0.3771,0.0,4.93,0.363
00-0036259,Jauan Jennings,WR,SF,2026.0,29.145684,3.0,43.0,3.0,15.0,STARTER,1.0,False,1139.0,783.192469,787.606014,787.606014,787.606014,787.606014,MIN,WR,True,WR,MIN,STARTER,STARTER,1,True,Ourlads depth chart,SF,MIN,True,00-0036972,4573398,Max Brosmer,True,-76.0377233007,0.94,0.4473197782,0.6146993318,37.4183217066,1.06,False,False,HIGH,,Offensive leadership retained.,1.0209131492,1.0052282873,GB,0.9712223559,0.992805589,1.0016094655,67.0,43.5184618,45.86661562,45.9404363538,15.0,42.866667,49.384615,0.9,0.9,True,14.874,1139.0,682.2200407319,683.3180503268,False,45.86661562,45.9404363538,False,False,Jauan Jennings,MIN,receivingYards,STARTER,Ourlads depth chart,780.0,683.3180503268,-96.6819496732,0.0,14.874,45.6099219718,,1.0,False,9.0,0.6,1.0717,0.643,0.0,9.56,0.6384
00-0031381,Davante Adams,WR,LAR,2026.0,33.687872,3.0,45.0,3.0,14.0,STARTER,2.0,False,901.0,1059.271648,1028.324984,947.856937,947.856937,947.856937,LAR,WR,True,WR,LAR,STARTER,STARTER,2,True,Ourlads depth chart,LAR,LAR,False,00-0026498,12483,Matthew Stafford,True,0.0,1.0,0.6316695353,0.6316695353,0.0,1.0,False,True,MEDIUM,,Head coach retained; offensive coordinator changed.,0.9897848656,0.9974462164,SF,1.0541315814,1.0135328953,0.9974462164,53.0,58.01208,57.4607512,57.3140088752,14.0,56.357143,72.906513,0.9,0.89,True,14.499,901.0,833.1234316488,830.9958146822,False,57.4607512,57.3140088752,False,False,Davante Adams,LAR,receivingYards,STARTER,Ourlads depth chart,928.0,830.9958146822,-97.0041853178,0.0,14.499,58.0896333592,,1.0,False,14.0,1.0,1.017,1.017,0.0,14.75,1.0307
00-0039793,AJ Barner,TE,SEA,2026.0,24.332444,2.0,32.0,2.0,17.0,STARTER,1.0,False,731.0,450.481123,475.25075,503.765795,503.765795,503.765795,SEA,TE,True,TE,SEA,STARTER,STARTER,1,True,Ourlads depth chart,SEA,SEA,False,00-0034869,3912547,Sam Darnold,True,0.0,1.0,0.1954022989,0.1954022989,0.0,1.0,False,True,MEDIUM,,Head coach retained; offensive coordinator changed.,0.9788842744,0.9947210686,NE,1.1313804905,1.0328451226,0.9947210686,43.0,29.1098041,30.637725649,30.4759911968,17.0,30.529412,16.333333,0.9,0.89,True,16.44,731.0,503.6842096696,501.0252952752,False,30.637725649,30.4759911968,False,False,AJ Barner,SEA,receivingYards,STARTER,Ourlads depth chart,602.0,501.0252952752,-100.9747047248,0.0,16.44,31.4769788647,,1.0,False,6.0,0.3529,0.9983,0.3523,0.0,5.79,0.3639
00-0040736,Mason Taylor,TE,NYJ,2026.0,22.317344,1.0,13.0,1.0,13.0,STARTER,1.0,False,731.0,482.538462,546.747475,546.747475,546.747475,546.747475,NYJ,TE,True,TE,NYJ,STARTER,STARTER,1,True,Ourlads depth chart,NYJ,NYJ,False,00-0036945,4250360,Bailey Zappe,True,0.0,1.0,0.2163265306,0.2163265306,0.0,1.0,False,True,MEDIUM,,Head coach retained; offensive coordinator changed.,0.9594472963,0.9898618241,TEN,1.038509553,1.0096273883,0.9898618241,43.0,29.8461535,31.293076615,30.9758218991,13.0,28.384615,43.0,0.9,0.89,True,14.72,731.0,460.6340877728,455.9640983553,False,31.293076615,30.9758218991,False,False,Mason Taylor,NYJ,receivingYards,STARTER,Ourlads depth chart,561.0,455.9640983553,-105.0359016447,0.0,14.72,31.2740381632,,1.0,False,1.0,0.0769,1.0913,0.0839,0.0,1.24,0.0848
00-0035640,DK Metcalf,WR,PIT,2026.0,28.715833,3.0,46.0,3.0,15.0,STARTER,1.0,False,1139.0,1044.169195,1020.408263,1020.408263,1020.408263,1020.408263,PIT,WR,True,WR,PIT,STARTER,STARTER,1,True,Ourlads depth chart,PIT,PIT,False,00-0023459,8439,Aaron Rodgers,True,0.0,1.0,0.4743589744,0.4743589744,0.0,1.0,True,True,LOW,,New head coach and offensive staff.,0.9775176842,0.9943794211,ATL,1.0312892437,1.0078223109,0.9943794211,67.0,57.735542,58.75463238,58.4243973304,15.0,56.666667,67.355417,0.9,0.89,True,15.063,1139.0,885.0210275399,880.0466969883,False,58.75463238,58.4243973304,False,False,DK Metcalf,PIT,receivingYards,STARTER,Ourlads depth chart,993.0,880.0466969883,-112.9533030117,0.0,15.063,58.8814111326,,1.0,False,6.0,0.4,1.031,0.4124,0.0,6.21,0.4156
00-0039361,Bucky Irving,RB,TB,2026.0,24.03675,2.0,27.0,2.0,10.0,STARTER,1.0,False,1496.0,1502.223832,1487.569499,1487.569499,1487.569499,1487.569499,TB,RB,True,RB,TB,STARTER,STARTER,1,True,Ourlads depth chart,TB,TB,False,00-0034855,3052587,Baker Mayfield,True,0.0,1.0,0.1685185185,0.1685185185,0.0,1.0,False,True,MEDIUM,,Head coach retained; offensive coordinator changed.,1.0207844389,1.0051961097,CIN,1.2827670255,1.04,1.0051961097,88.0,87.06294128,87.2784647856,87.7319732652,10.0,86.5,89.058824,0.78,0.77,True,13.26,1496.0,1157.3124430571,1163.3259654959,False,87.2784647856,87.7319732652,False,False,Bucky Irving,TB,scrimmageYards,STARTER,Ourlads depth chart,1283.0,1163.3259654959,-119.6740345041,0.0,13.26,91.2412521958,,1.0,False,4.0,0.4,1.0142,0.4057,0.0,5.38,0.4219
00-0036894,Pat Freiermuth,TE,PIT,2026.0,27.853392,3.0,43.0,3.0,15.0,STARTER,1.0,False,731.0,571.142751,576.339687,576.339687,576.339687,576.339687,PIT,TE,True,TE,PIT,STARTER,STARTER,2,True,Ourlads depth chart,PIT,PIT,False,00-0023459,8439,Aaron Rodgers,True,0.0,1.0,0.2765567766,0.2765567766,0.0,1.0,True,True,LOW,,New head coach and offensive staff.,1.0552613978,1.0138153495,ATL,0.8948508926,0.9737127231,1.0138153495,43.0,32.6367647,33.776720583,34.2433577815,15.0,32.4,34.767647,0.9,0.89,True,14.982,731.0,506.0428277745,513.0339862818,False,33.776720583,34.2433577815,False,False,Pat Freiermuth,PIT,receivingYards,STARTER,Ourlads depth chart,637.0,513.0339862818,-123.9660137182,0.0,14.982,33.343193155,,1.0,False,4.0,0.2667,1.0569,0.2818,0.0,4.22,0.2744
00-0040784,Quinshon Judkins,RB,CLE,2026.0,22.843022,1.0,14.0,1.0,14.0,STARTER,1.0,False,1496.0,1211.857143,1315.153846,1315.153846,1315.153846,1315.153846,CLE,RB,True,RB,CLE,STARTER,STARTER,1,True,Ourlads depth chart,CLE,CLE,False,00-0040668,3122840,Deshaun Watson,True,0.0,1.0,0.2309160305,0.2309160305,0.0,1.0,True,True,LOW,,New head coach and offensive staff.,1.0258640554,1.0064660138,JAX,0.8087514146,0.96,1.0064660138,88.0,72.9571426,74.611856914,75.0942982141,14.0,71.285714,88.0,0.9,0.89,True,15.34,1496.0,1144.5458850608,1151.9465346049,False,74.611856914,75.0942982141,False,False,Quinshon Judkins,CLE,scrimmageYards,STARTER,Ourlads depth chart,1286.0,1151.9465346049,-134.0534653951,0.0,15.34,72.0905262856,,1.0,False,7.0,0.5,1.0534,0.5267,0.0,8.08,0.5056
00-0039342,Xavier Legette,WR,CAR,2026.0,25.589143,2.0,30.0,2.0,15.0,STARTER,2.0,False,901.0,453.306898,552.878554,552.878554,552.878554,552.878554,CAR,WR,True,WR,CAR,STARTER,STARTER,4,True,Ourlads depth chart,CAR,CAR,False,00-0039150,4685720,Bryce Young,True,0.0,1.0,0.6020833333,0.6020833333,0.0,1.0,False,False,HIGH,,Offensive leadership retained.,0.9848829696,0.9962207424,CHI,1.1510000132,1.0377500033,0.9962207424,40.0,25.0933333,26.58399997,26.4835321858,15.0,24.2,33.133333,0.9,0.9,True,15.0,680.0,398.75999955,397.2529827877,False,26.58399997,26.4835321858,False,False,Xavier Legette,CAR,receivingYards,STARTER,Ourlads depth chart,548.0,397.2529827877,-150.7470172123,0.0,15.0,27.4832856134,,1.0,False,3.0,0.2,1.0944,0.2189,0.0,3.28,0.2271
00-0036410,Tee Higgins,WR,CIN,2026.0,27.62067,3.0,39.0,3.0,15.0,STARTER,2.0,False,901.0,1054.550408,1025.829645,1025.829645,1025.829645,1025.829645,CIN,WR,True,WR,CIN,STARTER,STARTER,4,True,Ourlads depth chart,CIN,CIN,False,00-0026158,4259592,Sean Clifford,True,0.0,1.0,0.6046128501,0.6046128501,0.0,1.0,False,False,HIGH,,Offensive leadership retained.,1.0305178794,1.0076294699,TB,1.0613226877,1.0153306719,1.0076294699,40.0,57.6079167,55.84712503,56.2732089866,15.0,56.4,68.479167,0.9,0.9,True,14.46,680.0,807.5494279338,813.7106019469,False,55.84712503,56.2732089866,False,False,Tee Higgins,CIN,receivingYards,STARTER,Ourlads depth chart,965.0,813.7106019469,-151.2893980531,0.0,14.46,57.1359150914,,1.0,False,11.0,0.7333,0.9978,0.7317,0.0,10.58,0.7429
00-0036613,Jaylen Waddle,WR,MIA,2026.0,27.768517,3.0,45.0,3.0,16.0,STARTER,1.0,False,1139.0,968.812133,952.111689,952.111689,952.111689,952.111689,DEN,WR,True,WR,DEN,STARTER,STARTER,2,True,Ourlads depth chart,MIA,DEN,True,00-0036212,4426338,Bo Nix,True,21.7027863158,1.0390650154,0.5314533623,0.6071428571,14.2419825073,1.0313323615,False,True,MEDIUM,,Head coach retained; offensive coordinator changed.,0.9566410815,0.9891602704,KC,0.8963502492,0.9740875623,1.0600052901,53.0,56.9465,56.354525,59.736094621,16.0,56.875,57.59,0.9,0.85,True,15.657,901.0,882.342797925,935.2880334813,False,56.354525,59.736094621,False,False,Jaylen Waddle,DEN,receivingYards,STARTER,Ourlads depth chart,1092.0,935.2880334813,-156.7119665187,0.0,15.657,58.1881867904,,1.0,False,6.0,0.375,1.0503,0.3939,0.0,6.17,0.3837
00-0034753,Mark Andrews,TE,BAL,2026.0,30.988295,3.0,44.0,3.0,17.0,STARTER,1.0,False,731.0,571.191496,586.383326,586.383326,586.383326,586.383326,BAL,TE,True,TE,BAL,STARTER,STARTER,1,True,Ourlads depth chart,BAL,BAL,False,00-0034796,3916387,Lamar Jackson,True,0.0,1.0,0.2987654321,0.2987654321,0.0,1.0,True,True,LOW,,New head coach and offensive staff.,1.0706021366,1.0176505341,IND,1.300604361,1.04,1.0176505341,43.0,26.8184114,28.598386146,29.1031629372,17.0,24.823529,44.772353,0.9,0.89,True,16.359,731.0,467.8409989624,476.0986424897,False,28.598386146,29.1031629372,False,False,Mark Andrews,BAL,receivingYards,STARTER,Ourlads depth chart,633.0,476.0986424897,-156.9013575103,0.0,16.359,30.2672894547,,1.0,False,5.0,0.2941,1.1724,0.3448,0.0,5.64,0.3586
00-0040666,Omarion Hampton,RB,LAC,2026.0,23.464527,1.0,9.0,1.0,9.0,CO_STARTER,2.0,False,822.8,1392.111111,1054.87931,1054.87931,1054.87931,1054.87931,LAC,RB,True,RB,LAC,STARTER,CO_STARTER,1,True,Ourlads depth chart,LAC,LAC,False,00-0036355,4038941,Justin Herbert,True,0.0,1.0,0.1282527881,0.1282527881,0.0,1.0,False,True,MEDIUM,,Head coach retained; offensive coordinator changed.,0.9607575729,0.9901893932,ARI,1.1769143719,1.04,0.9901893932,88.0,83.23333342,84.3296667334,83.5023415339,9.0,81.888889,88.0,0.78,0.77,True,13.825,1496.0,1165.8576425893,1154.4198717059,False,84.3296667334,83.5023415339,False,False,Omarion Hampton,LAC,scrimmageYards,STARTER,Ourlads depth chart,1315.0,1154.4198717059,-160.5801282941,0.0,13.825,86.8424351952,,1.0,False,5.0,0.5556,1.0197,0.5665,0.0,7.83,0.5892
00-0039410,Ryan Flournoy,WR,DAL,2026.0,26.84858,2.0,24.0,2.0,15.0,STARTER,3.0,False,680.0,440.093257,521.77071,553.076953,553.076953,553.076953,DAL,WR,True,WR,DAL,STARTER,STARTER,4,True,Ourlads depth chart,DAL,DAL,False,00-0033077,4360698,Joe Milton III,True,-82.9141036982,0.94,0.6375617792,0.6375617792,0.0,1.0,False,True,MEDIUM,,Head coach retained; offensive coordinator changed.,1.0547287667,1.0136821917,NYG,1.0913561316,1.0228390329,0.9528612602,40.0,29.6333336,30.773666904,29.3230350262,15.0,31.666667,11.333333,0.9,0.89,True,13.92,680.0,428.3694433037,408.1766475646,False,30.773666904,29.3230350262,False,False,Ryan Flournoy,DAL,receivingYards,STARTER,Ourlads depth chart,581.0,408.1766475646,-172.8233524354,0.0,13.92,29.9927447879,,1.0,False,4.0,0.2667,0.926,0.2469,0.0,3.44,0.2526
00-0039901,Keon Coleman,WR,BUF,2026.0,23.294777,2.0,25.0,2.0,12.0,STARTER,2.0,False,901.0,651.348428,668.592818,668.592818,668.592818,668.592818,BUF,WR,True,WR,BUF,STARTER,STARTER,2,True,Ourlads depth chart,BUF,BUF,False,00-0034857,4039034,Shane Buechele,True,-61.6139585605,0.94,0.5853174603,0.5853174603,0.0,1.0,True,True,MEDIUM,,Head-coach change with some offensive-system continuity.,0.9738101588,0.9934525397,HOU,0.914539518,0.9786348795,0.9338453873,53.0,34.5769234,36.603461826,34.1819739864,12.0,33.666667,42.769231,0.9,0.89,True,12.68,901.0,464.1318959537,433.4274301476,False,36.603461826,34.1819739864,False,False,Keon Coleman,BUF,receivingYards,STARTER,Ourlads depth chart,608.0,433.4274301476,-174.5725698524,0.0,12.68,33.4516719936,,1.0,False,4.0,0.3333,1.0153,0.3384,0.0,4.29,0.3312
00-0034960,Jakobi Meyers,WR,JAX,2026.0,29.810995,3.0,47.0,3.0,16.0,STARTER,1.0,False,1139.0,965.171273,951.747352,951.747352,951.747352,951.747352,JAX,WR,True,WR,JAX,STARTER,STARTER,2,True,Ourlads depth chart,JAX,JAX,False,00-0036971,4360310,Trevor Lawrence,True,0.0,1.0,0.667876588,0.667876588,0.0,1.0,False,False,HIGH,,Offensive leadership retained.,1.0625170583,1.0156292646,CLE,0.7876376423,0.96,1.0156292646,53.0,53.1843958,53.16595622,53.9969010158,16.0,52.1875,62.156458,0.9,0.9,True,15.783,901.0,839.1182870203,852.2330887318,False,53.16595622,53.9969010158,False,False,Jakobi Meyers,JAX,receivingYards,STARTER,Ourlads depth chart,1029.0,852.2330887318,-176.7669112682,0.0,15.783,51.8370249751,,1.0,False,3.0,0.1875,1.0347,0.194,0.0,3.06,0.1862
00-0038935,Brenton Strange,TE,JAX,2026.0,25.679494,3.0,33.0,2.0,12.0,STARTER,1.0,False,731.0,511.859766,528.6557,539.228814,539.228814,539.228814,JAX,TE,True,TE,JAX,STARTER,STARTER,1,True,Ourlads depth chart,JAX,JAX,False,00-0036971,4360310,Trevor Lawrence,True,0.0,1.0,0.1905626134,0.1905626134,0.0,1.0,False,False,HIGH,,Offensive leadership retained.,1.0451981958,1.0112995489,CLE,0.9595521213,0.9898880303,1.0112995489,43.0,42.5832143,42.62489287,43.106534933,12.0,45.0,20.832143,0.9,0.9,True,12.129,731.0,516.9973256202,522.8391622029,False,42.62489287,43.106534933,False,False,Brenton Strange,JAX,receivingYards,STARTER,Ourlads depth chart,700.0,522.8391622029,-177.1608377971,0.0,12.129,42.6706429594,,1.0,False,3.0,0.25,0.9579,0.2395,0.0,2.9,0.2371
00-0035719,Deebo Samuel Sr.,WR,WAS,2026.0,30.62963,3.0,46.0,3.0,16.0,STARTER,1.0,False,1139.0,804.853353,806.883661,806.883661,806.883661,806.883661,SF,WR,True,WR,SF,STARTER,STARTER,2,True,Ourlads depth chart,WAS,SF,True,00-0032268,4361741,Brock Purdy,True,42.0517864307,1.06,0.6319444444,0.4473197782,-29.2153318031,0.94,False,False,HIGH,,Offensive leadership retained.,0.983414889,0.9958537223,LAR,1.0414413938,1.0103603485,0.9922686489,53.0,45.8784167,46.59057503,46.2303669347,16.0,45.4375,49.846667,0.9,0.9,True,15.72,901.0,732.4038394716,726.7413682127,False,46.59057503,46.2303669347,False,False,Deebo Samuel Sr.,SF,receivingYards,STARTER,Ourlads depth chart,911.0,726.7413682127,-184.2586317873,0.0,15.72,46.7093296451,,1.0,False,5.0,0.3125,1.0174,0.318,0.0,5.0,0.3212
00-0037740,Garrett Wilson,WR,NYJ,2026.0,26.112083,3.0,41.0,2.0,7.0,STARTER,2.0,False,901.0,1034.025238,1004.380445,1004.380445,1004.380445,1004.380445,NYJ,WR,True,WR,NYJ,STARTER,STARTER,2,True,Ourlads depth chart,NYJ,NYJ,False,00-0036945,4250360,Bailey Zappe,True,0.0,1.0,0.593877551,0.593877551,0.0,1.0,False,True,MEDIUM,,Head coach retained; offensive coordinator changed.,0.9440255421,0.9860063855,TEN,1.1903395947,1.04,0.9860063855,53.0,59.323025,56.73058475,55.9367188182,7.0,56.428571,63.664706,0.6,0.59,True,13.2,901.0,748.8437187,738.3646884009,False,56.73058475,55.9367188182,False,False,Garrett Wilson,NYJ,receivingYards,STARTER,Ourlads depth chart,926.0,738.3646884009,-187.6353115991,0.0,13.2,58.174187571,,1.0,False,4.0,0.5714,0.9913,0.5664,0.0,7.48,0.5891
00-0035229,T.J. Hockenson,TE,MIN,2026.0,29.164849,3.0,40.0,3.0,15.0,STARTER,1.0,False,731.0,665.972301,660.979083,660.979083,660.979083,660.979083,MIN,TE,True,TE,MIN,STARTER,STARTER,1,True,Ourlads depth chart,MIN,MIN,False,00-0039923,4573398,Max Brosmer,True,-71.2885153186,0.94,0.2093541203,0.2093541203,0.0,1.0,False,False,HIGH,,Offensive leadership retained.,1.0096221961,1.002405549,GB,0.8323429258,0.96,0.9422612161,43.0,31.4775,32.62975,30.7457479155,15.0,29.2,51.975,0.9,0.9,True,14.415,731.0,470.35784625,443.1999562021,False,32.62975,30.7457479155,False,False,T.J. Hockenson,MIN,receivingYards,STARTER,Ourlads depth chart,633.0,443.1999562021,-189.8000437979,0.0,14.415,29.5159179989,,1.0,False,3.0,0.2,1.0529,0.2106,0.0,3.04,0.2022
00-0036244,Colby Parkinson,TE,LAR,2026.0,27.650787,3.0,45.0,3.0,14.0,STARTER,1.0,False,731.0,407.522682,428.873747,428.873747,428.873747,428.873747,LAR,TE,True,TE,LAR,STARTER,STARTER,1,True,Ourlads depth chart,LAR,LAR,False,00-0026498,12483,Matthew Stafford,True,0.0,1.0,0.2581755594,0.2581755594,0.0,1.0,False,True,MEDIUM,,Head coach retained; offensive coordinator changed.,0.9746791783,0.9936697946,SF,1.0615388039,1.015384701,0.9936697946,43.0,27.9992796,29.649358844,29.4616723118,14.0,29.142857,17.707083,0.9,0.89,True,14.727,731.0,436.6461076956,433.8820481364,False,29.649358844,29.4616723118,False,False,Colby Parkinson,LAR,receivingYards,STARTER,Ourlads depth chart,631.0,433.8820481364,-197.1179518636,0.0,14.727,29.9149313309,,1.0,False,8.0,0.5714,1.0109,0.5777,0.0,8.51,0.5866
00-0039067,Rashee Rice,WR,KC,2026.0,26.361233,3.0,28.0,2.0,8.0,STARTER,1.0,False,1139.0,1180.646449,1135.185798,1140.657792,1140.657792,1140.657792,KC,WR,True,WR,KC,STARTER,STARTER,2,True,Ourlads depth chart,KC,KC,False,00-0033873,3139477,Patrick Mahomes,True,0.0,1.0,0.5683060109,0.5683060109,0.0,1.0,False,True,MEDIUM,,Head coach retained; offensive coordinator changed.,0.962214811,0.9905537027,DEN,0.9407659057,0.9851914764,0.9905537027,53.0,70.482625,66.46162125,65.8338050195,8.0,71.375,67.31875,0.78,0.77,True,9.15,901.0,608.1238344375,602.3793159285,False,66.46162125,65.8338050195,False,False,Rashee Rice,KC,receivingYards,STARTER,Ourlads depth chart,808.0,602.3793159285,-205.6206840715,0.0,9.15,64.8589035658,,1.0,False,5.0,0.625,0.9224,0.5765,0.0,5.27,0.5679
00-0033908,Cooper Kupp,WR,SEA,2026.0,33.214214,3.0,40.0,3.0,16.0,STARTER,3.0,False,680.0,769.883635,783.944696,707.342551,707.342551,707.342551,SEA,WR,True,WR,SEA,STARTER,STARTER,1,True,Ourlads depth chart,SEA,SEA,False,00-0034869,3912547,Sam Darnold,True,0.0,1.0,0.6819923372,0.6819923372,0.0,1.0,False,True,MEDIUM,,Head coach retained; offensive coordinator changed.,1.0206145565,1.0051536391,NE,0.8519345927,0.9629836482,1.0051536391,67.0,39.3516667,42.392983363,42.6114615012,16.0,37.0625,59.954167,0.9,0.89,True,15.18,1139.0,643.5254874503,646.841985588,False,42.392983363,42.6114615012,False,False,Cooper Kupp,SEA,receivingYards,STARTER,Ourlads depth chart,872.0,646.841985588,-225.158014412,0.0,15.18,41.03414065,,1.0,False,2.0,0.125,1.1497,0.1437,0.0,2.18,0.1384
00-0036309,Darnell Mooney,WR,ATL,2026.0,28.841776,3.0,45.0,3.0,15.0,STARTER,2.0,False,901.0,662.624284,676.542625,676.542625,676.542625,676.542625,NYG,WR,True,WR,NYG,STARTER,STARTER,2,True,Ourlads depth chart,ATL,NYG,True,00-0039917,4689114,Jaxson Dart,True,-26.3082024483,0.9526452356,0.5119047619,0.6027667984,17.7497931795,1.039049545,True,True,LOW,,New head coach and offensive staff.,1.0432329497,1.0108082374,DAL,1.2296791762,1.04,1.0005440848,53.0,31.6449997,34.848249745,34.867210149,15.0,29.533333,50.65,0.9,0.85,True,15.054,901.0,524.6055516612,524.8909815825,False,34.848249745,34.867210149,False,False,Darnell Mooney,NYG,receivingYards,STARTER,Ourlads depth chart,751.0,524.8909815825,-226.1090184175,0.0,15.054,36.2618985549,,1.0,False,1.0,0.0667,1.1806,0.0787,0.0,1.18,0.0819
00-0039890,Adonai Mitchell,WR,NYJ,2026.0,23.899854,2.0,33.0,2.0,16.0,STARTER,1.0,False,1139.0,433.749357,487.420997,516.666257,516.666257,516.666257,NYJ,WR,True,WR,NYJ,STARTER,STARTER,1,True,Ourlads depth chart,NYJ,NYJ,False,00-0036945,4250360,Bailey Zappe,True,0.0,1.0,0.593877551,0.593877551,0.0,1.0,False,True,MEDIUM,,Head coach retained; offensive coordinator changed.,0.9440255421,0.9860063855,TEN,1.1903395947,1.04,0.9860063855,67.0,27.3165441,31.681724249,31.2383824141,16.0,28.3125,18.352941,0.9,0.89,True,16.08,1139.0,509.4421259239,502.3131892181,False,31.681724249,31.2383824141,False,False,Adonai Mitchell,NYJ,receivingYards,STARTER,Ourlads depth chart,733.0,502.3131892181,-230.6868107819,0.0,16.08,32.4879177106,,1.0,False,2.0,0.125,1.1033,0.1379,0.0,2.22,0.1434
00-0030279,Keenan Allen,WR,LAC,2026.0,34.347707,3.0,45.0,3.0,17.0,STARTER,1.0,False,1139.0,875.431871,872.234608,782.501703,782.501703,782.501703,IND,WR,True,WR,IND,STARTER,STARTER,4,True,Ourlads depth chart,LAC,IND,True,00-0036355,3917792,Daniel Jones,True,2.4044913335,1.0043280844,0.687732342,0.578125,-15.9375,0.9649375,False,False,HIGH,,Offensive leadership retained.,1.0192211242,1.004805281,BAL,1.2195270261,1.04,0.9737706953,40.0,47.7058323,46.93524907,45.7041701193,17.0,45.705882,65.705385,0.9,0.9,True,16.314,680.0,765.701653328,745.6178313265,False,46.93524907,45.7041701193,False,False,Keenan Allen,IND,receivingYards,STARTER,Ourlads depth chart,991.0,745.6178313265,-245.3821686735,0.0,16.314,47.5323369241,,1.0,False,4.0,0.2353,1.0,0.2353,0.0,3.84,0.2447
00-0038544,Quentin Johnston,WR,LAC,2026.0,24.986803,3.0,45.0,3.0,13.0,STARTER,3.0,False,680.0,789.746827,791.165752,806.989067,806.989067,806.989067,LAC,WR,True,WR,LAC,STARTER,STARTER,3,True,Ourlads depth chart,LAC,LAC,False,00-0036355,4038941,Justin Herbert,True,0.0,1.0,0.687732342,0.687732342,0.0,1.0,False,True,MEDIUM,,Head coach retained; offensive coordinator changed.,0.9672162378,0.9918040595,ARI,0.9856045685,0.9964011421,0.9918040595,40.0,54.8529687,53.219142143,52.7829612184,13.0,56.538462,39.683529,0.9,0.89,True,14.226,680.0,757.0955161263,750.8904062933,False,53.219142143,52.7829612184,False,False,Quentin Johnston,LAC,receivingYards,STARTER,Ourlads depth chart,1001.0,750.8904062933,-250.1095937067,0.0,14.226,52.5930028424,,1.0,False,8.0,0.6154,0.9336,0.5745,0.0,8.17,0.5724
00-0040242,Jacory Croskey-Merritt,RB,WAS,2026.0,25.389276,1.0,17.0,1.0,17.0,STARTER,1.0,False,1496.0,873.0,1169.554054,1169.554054,1169.554054,1169.554054,WAS,RB,True,RB,WAS,STARTER,STARTER,1,True,Ourlads depth chart,WAS,WAS,False,00-0032268,4361994,Sam Hartman,True,0.0,1.0,0.1273148148,0.1273148148,0.0,1.0,False,True,MEDIUM,,Head coach retained; offensive coordinator changed.,1.0262463921,1.006561598,PHI,1.0589908017,1.0147477004,1.006561598,88.0,55.0176469,58.645705741,59.0305152883,17.0,51.352941,88.0,0.9,0.89,True,16.9,1496.0,991.1124270229,997.6157083725,False,58.645705741,59.0305152883,False,False,Jacory Croskey-Merritt,WAS,scrimmageYards,STARTER,Ourlads depth chart,1251.0,997.6157083725,-253.3842916275,0.0,16.9,59.9010796442,,1.0,False,8.0,0.4706,1.1495,0.5409,0.0,9.14,0.5489
00-0039491,Jalen Coker,WR,CAR,2026.0,24.838956,2.0,22.0,2.0,11.0,STARTER,3.0,False,680.0,673.462192,700.964799,700.964799,700.964799,700.964799,CAR,WR,True,WR,CAR,STARTER,STARTER,2,True,Ourlads depth chart,CAR,CAR,False,00-0039150,4685720,Bryce Young,True,0.0,1.0,0.6020833333,0.6020833333,0.0,1.0,False,False,HIGH,,Offensive leadership retained.,0.9848829696,0.9962207424,CHI,1.1510000132,1.0377500033,0.9962207424,53.0,37.49818186,40.2885091252,40.1362484706,11.0,35.818182,43.454545,0.78,0.82,True,11.4,901.0,459.2890040273,457.5532325643,False,40.2885091252,40.1362484706,False,False,Jalen Coker,CAR,receivingYards,STARTER,Ourlads depth chart,727.0,457.5532325643,-269.4467674357,0.0,11.4,41.651391983,,1.0,False,3.0,0.2727,1.1206,0.3056,0.0,3.48,0.3171
00-0037741,Jahan Dotson,WR,PHI,2026.0,26.446108,3.0,46.0,3.0,15.0,STARTER,3.0,False,680.0,320.726508,367.89133,367.89133,367.89133,367.89133,ATL,WR,True,WR,ATL,STARTER,STARTER,3,True,Ourlads depth chart,PHI,ATL,True,00-0036389,4360423,Michael Penix Jr.,True,9.2914253102,1.0167245656,0.6239130435,0.5119047619,-17.9525468724,0.9605043969,True,True,LOW,,New head coach and offensive staff.,0.9923229031,0.9980807258,PIT,1.1768033946,1.04,0.974694113,40.0,17.789328,21.1209288,20.5864449633,15.0,17.466667,20.693277,0.9,0.85,True,15.009,680.0,317.0040203592,308.9819524536,False,21.1209288,20.5864449633,False,False,Jahan Dotson,ATL,receivingYards,STARTER,Ourlads depth chart,584.0,308.9819524536,-275.0180475464,0.0,15.009,21.4099027618,,1.0,False,1.0,0.0667,1.1786,0.0786,0.0,1.18,0.0817
00-0036407,Jerry Jeudy,WR,CLE,2026.0,27.357831,3.0,50.0,3.0,17.0,STARTER,1.0,False,1139.0,817.09573,815.705909,815.705909,815.705909,815.705909,CLE,WR,True,WR,CLE,STARTER,STARTER,2,True,Ourlads depth chart,CLE,CLE,False,00-0040668,3122840,Deshaun Watson,True,0.0,1.0,0.4427480916,0.4427480916,0.0,1.0,True,True,LOW,,New head coach and offensive staff.,1.0439047832,1.0109761958,JAX,0.9911036498,0.9977759124,1.0109761958,53.0,38.2278311,39.852769679,40.2902014818,17.0,35.411765,63.572426,0.9,0.89,True,16.737,901.0,667.0158061174,674.3371022002,False,39.852769679,40.2902014818,False,False,Jerry Jeudy,CLE,receivingYards,STARTER,Ourlads depth chart,951.0,674.3371022002,-276.6628977998,0.0,16.737,40.2005925458,,1.0,False,2.0,0.1176,1.1378,0.1339,0.0,2.24,0.1336
00-0034827,DJ Moore,WR,CHI,2026.0,29.383882,3.0,51.0,3.0,17.0,STARTER,2.0,False,901.0,870.079893,866.105126,866.105126,866.105126,866.105126,BUF,WR,True,WR,BUF,STARTER,STARTER,1,True,Ourlads depth chart,CHI,BUF,True,00-0039918,4039034,Shane Buechele,True,-62.0497209635,0.94,0.5943396226,0.5853174603,-1.5180146133,0.9966603679,True,True,MEDIUM,,Head-coach change with some offensive-system continuity.,0.9738101588,0.9934525397,HOU,0.914539518,0.9786348795,0.9307266872,67.0,42.607647,46.26649995,43.0614662291,17.0,40.117647,65.017647,0.9,0.85,True,16.8,1139.0,777.27719916,723.4326326483,False,46.26649995,43.0614662291,False,False,DJ Moore,BUF,receivingYards,STARTER,Ourlads depth chart,1019.0,723.4326326483,-295.5673673517,0.0,16.8,42.1414528146,,1.0,False,6.0,0.3529,1.0734,0.3788,0.0,6.36,0.3707
00-0037005,Tommy Tremble,TE,CAR,2026.0,26.248978,3.0,40.0,3.0,15.0,STARTER,1.0,False,731.0,306.897328,341.801329,341.801329,341.801329,341.801329,CAR,TE,True,TE,CAR,STARTER,STARTER,1,True,Ourlads depth chart,CAR,CAR,False,00-0039150,4685720,Bryce Young,True,0.0,1.0,0.20625,0.20625,0.0,1.0,False,False,HIGH,,Offensive leadership retained.,0.9947733286,0.9986933322,CHI,0.9606487523,0.9901621881,0.9986933322,43.0,16.9136667,19.52230003,19.4967908682,15.0,16.6,19.736667,0.9,0.9,True,14.415,731.0,281.4139549324,281.0462403658,False,19.52230003,19.4967908682,False,False,Tommy Tremble,CAR,receivingYards,STARTER,Ourlads depth chart,589.0,281.0462403658,-307.9537596342,0.0,14.415,19.3049851067,,1.0,False,2.0,0.1333,1.1745,0.1566,0.0,2.26,0.1551
00-0023459,Aaron Rodgers,QB,PIT,2026.0,42.750344,3.0,34.0,2.0,16.0,STARTER,1.0,False,4165.0,2997.363972,3198.687501,3198.687501,3198.687501,3198.687501,PIT,QB,True,QB,PIT,STARTER,STARTER,1,True,Ourlads depth chart,PIT,PIT,False,00-0023459,8439,Aaron Rodgers,False,0.0,1.0,32.3529411765,32.3529411765,0.0,1.0,True,True,LOW,,New head coach and offensive staff.,1.0054811226,1.0013702807,ATL,0.9878013859,0.9969503465,1.0013702807,245.0,201.7627941,206.518886749,206.8018755852,16.0,207.625,149.002941,0.9,0.89,True,15.072,4165.0,3112.6526610809,3116.9178688208,False,206.518886749,206.8018755852,False,False,Aaron Rodgers,PIT,passingYards,STARTER,Ourlads depth chart,3426.0,3116.9178688208,-309.0821311792,0.0,15.072,206.1712015188,,1.0,False,24.0,1.5,0.996,1.4941,0.0,22.52,1.4895
00-0039880,Malik Washington,WR,MIA,2026.0,25.865671,2.0,31.0,2.0,17.0,STARTER,2.0,False,901.0,305.569245,396.981591,420.800486,420.800486,420.800486,MIA,WR,True,WR,MIA,STARTER,STARTER,4,True,Ourlads depth chart,MIA,MIA,False,00-0036212,4242512,Malik Willis,True,-44.4736842105,0.94,0.5314533623,0.5314533623,0.0,1.0,True,True,LOW,,New head coach and offensive staff.,0.9589800573,0.9897450143,LV,1.0587846502,1.0146961625,0.9303603135,40.0,18.3752102,20.753937078,19.3086394054,17.0,18.647059,15.928571,0.9,0.89,True,16.26,680.0,337.4590168883,313.9584767321,False,20.753937078,19.3086394054,False,False,Malik Washington,MIA,receivingYards,STARTER,Ourlads depth chart,637.0,313.9584767321,-323.0415232679,0.0,16.26,19.5924023085,,1.0,False,3.0,0.1765,1.0355,0.1827,0.0,2.97,0.1854
00-0037291,Jalen Nailor,WR,MIN,2026.0,27.50294,3.0,35.0,2.0,17.0,STARTER,3.0,False,680.0,407.782164,457.035355,457.035355,457.035355,457.035355,LV,WR,True,WR,LV,STARTER,STARTER,3,True,Ourlads depth chart,MIN,LV,True,00-0039923,14880,Kirk Cousins,True,5.4534313725,1.0098161765,0.6146993318,0.4602150538,-25.1316814711,0.9447103008,True,True,LOW,,New head coach and offensive staff.,0.9302902803,0.9825725701,MIA,0.9158085368,0.9789521342,0.9373582589,40.0,25.6382156,27.79248326,26.0515137201,17.0,26.117647,21.323333,0.9,0.85,True,15.684,680.0,435.8973074498,408.5919411864,False,27.79248326,26.0515137201,False,False,Jalen Nailor,LV,receivingYards,STARTER,Ourlads depth chart,732.0,408.5919411864,-323.4080588136,0.0,15.684,25.5031849554,,1.0,False,4.0,0.2353,0.9975,0.2347,0.0,3.68,0.2298
00-0039751,Jordan Whittington,WR,LAR,2026.0,25.917692,2.0,29.0,2.0,15.0,STARTER,3.0,False,680.0,237.765981,402.85136,402.85136,402.85136,402.85136,LAR,WR,True,WR,LAR,STARTER,STARTER,3,True,Ourlads depth chart,LAR,LAR,False,00-0026498,12483,Matthew Stafford,True,0.0,1.0,0.6316695353,0.6316695353,0.0,1.0,False,True,MEDIUM,,Head coach retained; offensive coordinator changed.,0.9897848656,0.9974462164,SF,1.0541315814,1.0135328953,0.9974462164,40.0,12.3528571,15.394042819,15.3547297647,15.0,11.4,20.928571,0.9,0.89,True,14.82,680.0,228.1397145776,227.5570951132,False,15.394042819,15.3547297647,False,False,Jordan Whittington,LAR,receivingYards,STARTER,Ourlads depth chart,554.0,227.5570951132,-326.4429048868,0.0,14.82,15.5625237157,,1.0,False,0.0,0.0,1.3469,0.0,0.0,0.0,0.0
00-0039424,Devaughn Vele,WR,NO,2026.0,28.721308,2.0,22.0,2.0,9.0,STARTER,2.0,False,901.0,587.421583,633.361463,633.361463,633.361463,633.361463,NO,WR,True,WR,NO,STARTER,STARTER,3,True,Ourlads depth chart,NO,NO,False,00-0040743,4360689,Tyler Shough,True,0.0,1.0,0.5337552743,0.5337552743,0.0,1.0,False,False,HIGH,,Offensive leadership retained.,1.0117314252,1.0029328563,DET,1.1184285318,1.0296071329,1.0029328563,40.0,33.43179532,34.6140721624,34.7155902624,9.0,32.555556,36.538462,0.78,0.82,True,11.9,680.0,411.9074587326,413.1155241224,False,34.6140721624,34.7155902624,False,False,Devaughn Vele,NO,receivingYards,STARTER,Ourlads depth chart,762.0,413.1155241224,-348.8844758776,0.0,11.9,35.7434193585,,1.0,False,2.0,0.2222,1.0663,0.237,0.0,2.82,0.244
00-0038124,Christian Watson,WR,GB,2026.0,27.308548,3.0,33.0,3.0,10.0,STARTER,2.0,False,901.0,879.81922,867.817447,885.173796,885.173796,885.173796,GB,WR,True,WR,GB,STARTER,STARTER,2,True,Ourlads depth chart,GB,GB,False,00-0036264,4036378,Jordan Love,True,0.0,1.0,0.6173913043,0.6173913043,0.0,1.0,False,False,HIGH,,Offensive leadership retained.,0.9901083409,0.9975270852,MIN,0.8337453238,0.96,0.9975270852,53.0,57.6013015,56.77306723,56.6326722735,10.0,61.1,45.196825,0.78,0.82,True,11.355,901.0,644.6581783967,643.0639936659,False,56.77306723,56.6326722735,False,False,Christian Watson,GB,receivingYards,STARTER,Ourlads depth chart,993.0,643.0639936659,-349.9360063341,0.0,11.355,54.3673653826,,1.0,False,6.0,0.6,0.9269,0.5561,0.0,6.31,0.5339
00-0033307,Kendrick Bourne,WR,SF,2026.0,31.078646,3.0,34.0,3.0,14.0,STARTER,2.0,False,901.0,629.72023,658.506098,658.506098,658.506098,658.506098,ARI,WR,True,WR,ARI,STARTER,STARTER,2,True,Ourlads depth chart,SF,ARI,True,00-0036972,2578570,Jacoby Brissett,True,22.9527789332,1.0413150021,0.4473197782,0.4492753623,0.4371781052,1.0009617918,True,True,LOW,,New head coach and offensive staff.,1.0026492322,1.000662308,LAC,0.9166545493,0.9791636373,1.043006865,53.0,38.849762,40.9722977,42.7343877745,14.0,39.357143,34.283333,0.9,0.85,True,12.808,901.0,524.7731889416,547.3420386153,False,40.9722977,42.7343877745,False,False,Kendrick Bourne,ARI,receivingYards,STARTER,Ourlads depth chart,937.0,547.3420386153,-389.6579613847,0.0,12.808,41.8439585721,,1.0,False,0.0,0.0,1.0858,0.0,0.0,0.0,0.0
00-0036555,Chuba Hubbard,RB,CAR,2026.0,27.226411,3.0,47.0,3.0,15.0,CO_STARTER,2.0,False,822.8,1039.856111,1005.889395,934.856316,934.856316,934.856316,CAR,RB,True,RB,CAR,STARTER,CO_STARTER,2,True,Ourlads depth chart,CAR,CAR,False,00-0039150,4685720,Bryce Young,True,0.0,1.0,0.1916666667,0.1916666667,0.0,1.0,False,False,HIGH,,Offensive leadership retained.,0.9983904307,0.9995976077,CHI,1.0408844268,1.0102211067,0.9995976077,88.0,52.2960977,55.86648793,55.8440076834,15.0,48.933333,82.56098,0.9,0.9,True,15.076,1496.0,842.2431720327,841.9042598356,False,55.86648793,55.8440076834,False,False,Chuba Hubbard,CAR,scrimmageYards,STARTER,Ourlads depth chart,1270.0,841.9042598356,-428.0957401644,0.0,15.076,56.4147952442,,1.0,False,4.0,0.2667,1.1412,0.3043,0.0,4.59,0.3074
00-0035685,David Montgomery,RB,DET,2026.0,29.236035,3.0,45.0,3.0,17.0,CO_STARTER,2.0,False,822.8,1066.334939,1036.086269,942.954257,942.954257,942.954257,HOU,RB,True,RB,HOU,STARTER,CO_STARTER,1,True,Ourlads depth chart,DET,HOU,True,00-0033106,4432577,C.J. Stroud,True,-19.0919617608,0.9847264306,0.2236363636,0.1381818182,-38.2113821138,0.946504065,False,False,HIGH,,Offensive leadership retained.,0.9962329591,0.9990582398,BUF,1.0469198851,1.0117299713,0.9311698042,88.0,56.0820171,59.27381539,55.1939870701,17.0,53.411765,80.114286,0.9,0.9,True,16.21,1496.0,960.8285474719,894.6945304062,False,59.27381539,55.1939870701,False,False,David Montgomery,HOU,scrimmageYards,STARTER,Ourlads depth chart,1337.0,894.6945304062,-442.3054695938,0.0,16.21,55.8414109529,,1.0,False,8.0,0.4706,1.0334,0.4863,0.0,7.88,0.492
00-0036875,Rhamondre Stevenson,RB,NE,2026.0,28.521441,3.0,41.0,3.0,14.0,CO_STARTER,2.0,False,822.8,1152.069204,1095.964948,1038.894424,1038.894424,1038.894424,NE,RB,True,RB,NE,STARTER,CO_STARTER,2,True,Ourlads depth chart,NE,NE,False,00-0039851,4431452,Drake Maye,True,0.0,1.0,0.1725571726,0.1725571726,0.0,1.0,False,False,HIGH,,Offensive leadership retained.,0.9859644871,0.9964911218,SEA,0.8751414561,0.968785364,0.9964911218,88.0,67.6414407,69.67729663,69.4328074804,14.0,67.714286,66.985833,0.9,0.9,True,14.031,1496.0,977.6421490155,974.2117217579,False,69.67729663,69.4328074804,False,False,Rhamondre Stevenson,NE,scrimmageYards,STARTER,Ourlads depth chart,1417.0,974.2117217579,-442.7882782421,0.0,14.031,67.2654876694,,1.0,False,9.0,0.6429,1.0254,0.6592,0.0,9.25,0.6386
00-0033293,Aaron Jones Sr.,RB,MIN,2026.0,31.749434,3.0,40.0,3.0,12.0,CO_STARTER,2.0,False,822.8,1209.782759,1152.475216,1035.002248,1035.002248,1035.002248,MIN,RB,True,RB,MIN,STARTER,CO_STARTER,1,True,Ourlads depth chart,MIN,MIN,False,00-0039923,4573398,Max Brosmer,True,-71.2885153186,0.9429691877,0.1759465479,0.1759465479,0.0,1.0,False,False,HIGH,,Offensive leadership retained.,1.0145031927,1.0036257982,GB,1.0051359429,1.0012839857,0.9463882037,88.0,64.7648128,67.08833152,63.4916055565,12.0,62.25,87.398128,0.9,0.9,True,13.352,1496.0,895.763402455,847.7399173905,False,67.08833152,63.4916055565,False,False,Aaron Jones Sr.,MIN,scrimmageYards,STARTER,Ourlads depth chart,1296.0,847.7399173905,-448.2600826095,0.0,13.352,63.5731278716,,1.0,False,3.0,0.25,1.0199,0.255,0.0,3.4,0.2553
00-0036550,Rashod Bateman,WR,BAL,2026.0,26.758229,3.0,44.0,3.0,13.0,STARTER,3.0,False,680.0,458.614295,493.63403,493.63403,493.63403,493.63403,BAL,WR,True,WR,BAL,STARTER,STARTER,3,True,Ourlads depth chart,BAL,BAL,False,00-0034796,3916387,Lamar Jackson,True,0.0,1.0,0.5209876543,0.5209876543,0.0,1.0,True,True,LOW,,New head coach and offensive staff.,0.9842111361,0.996052784,IND,1.2102208886,1.04,0.996052784,40.0,19.4352754,21.697395106,21.6117508015,13.0,17.230769,39.275833,0.9,0.89,True,14.207,680.0,308.2548922709,307.0381436363,False,21.697395106,21.6117508015,False,False,Rashod Bateman,BAL,receivingYards,STARTER,Ourlads depth chart,780.0,307.0381436363,-472.9618563637,0.0,14.207,22.4762208335,,1.0,False,2.0,0.1538,1.2543,0.193,0.0,2.74,0.2007
00-0036158,J.K. Dobbins,RB,DEN,2026.0,27.708283,3.0,24.0,2.0,10.0,CO_STARTER,2.0,False,822.8,1223.94749,1148.407159,1169.404611,1169.404611,1169.404611,DEN,RB,True,RB,DEN,STARTER,CO_STARTER,2,True,Ourlads depth chart,DEN,DEN,False,00-0039732,4426338,Bo Nix,True,0.0,1.0,0.1989795918,0.1989795918,0.0,1.0,False,True,MEDIUM,,Head coach retained; offensive coordinator changed.,0.9786454697,0.9946613674,KC,0.8825697124,0.9706424281,0.9946613674,88.0,77.589,79.98353,79.556527322,10.0,80.9,65.85,0.78,0.77,True,9.994,1496.0,799.35539882,795.0879340562,False,79.98353,79.556527322,False,False,J.K. Dobbins,DEN,scrimmageYards,STARTER,Ourlads depth chart,1353.0,795.0879340562,-557.9120659438,0.0,9.994,77.2209408519,,1.0,False,4.0,0.4,0.9834,0.3934,0.0,3.93,0.3818
00-0038608,Kayshon Boutte,WR,NE,2026.0,24.321492,3.0,32.0,2.0,14.0,STARTER,3.0,False,680.0,611.576513,645.720571,684.463805,684.463805,684.463805,HOU,WR,True,WR,HOU,STARTER,STARTER,2,True,Ourlads depth chart,NE,HOU,True,00-0039851,4432577,C.J. Stroud,True,-15.9617008338,0.9712689385,0.5883575884,0.6290909091,6.9232251847,1.0152310954,False,False,HIGH,,Offensive leadership retained.,1.0583118785,1.0145779696,BUF,0.8312072863,0.96,1.0004372165,53.0,38.1954287,39.67588583,39.6932327814,14.0,39.357143,27.74,0.9,0.9,True,12.884,901.0,511.1841130337,511.4076111561,False,39.67588583,39.6932327814,False,False,Kayshon Boutte,HOU,receivingYards,STARTER,Ourlads depth chart,1079.0,511.4076111561,-567.5923888439,0.0,12.884,38.1055034702,,1.0,False,6.0,0.4286,1.0085,0.4322,0.0,5.57,0.4149
00-0035208,Olamide Zaccheaus,WR,CHI,2026.0,29.110091,3.0,41.0,3.0,14.0,STARTER,3.0,False,680.0,413.213044,458.033637,458.033637,458.033637,458.033637,ATL,WR,True,WR,ATL,STARTER,STARTER,4,True,Ourlads depth chart,CHI,ATL,True,00-0039918,4360423,Michael Penix Jr.,True,-5.0284684665,0.9909487568,0.5943396226,0.5119047619,-13.8699924414,0.9694860166,True,True,LOW,,New head coach and offensive staff.,0.9923229031,0.9980807258,PIT,1.1768033946,1.04,0.9588670951,40.0,22.6988719,25.294041115,24.2536237267,14.0,22.357143,25.774432,0.9,0.85,True,14.195,680.0,359.0489136274,344.2801888009,False,25.294041115,24.2536237267,False,False,Olamide Zaccheaus,ATL,receivingYards,STARTER,Ourlads depth chart,979.0,344.2801888009,-634.7198111991,0.0,14.195,25.2237686758,,1.0,False,2.0,0.1429,1.0848,0.155,0.0,2.2,0.1612
00-0032464,Kalif Raymond,WR,DET,2026.0,32.067031,3.0,44.0,3.0,15.0,STARTER,3.0,False,680.0,337.610443,417.093452,401.782851,401.782851,401.782851,CHI,WR,True,WR,CHI,STARTER,STARTER,2,True,Ourlads depth chart,DET,CHI,True,00-0033106,4431611,Caleb Williams,True,-13.6283960461,0.9754688871,0.6090909091,0.5943396226,-2.4218529992,0.9946719234,False,True,MEDIUM,,Head coach retained; offensive coordinator changed.,0.9447222583,0.9861805646,CAR,0.8959272429,0.9739818107,0.9568629096,53.0,19.5113483,24.534646055,23.476292811,15.0,19.266667,21.71348,0.9,0.85,True,14.775,901.0,362.4993954626,346.8622262818,False,24.534646055,23.476292811,False,False,Kalif Raymond,CHI,receivingYards,STARTER,Ourlads depth chart,999.0,346.8622262818,-652.1377737182,0.0,14.775,22.8654821813,,1.0,False,1.0,0.0667,1.2185,0.0812,0.0,1.2,0.0791
00-0036924,Michael Carter,RB,ARI,2026.0,27.322238,3.0,31.0,2.0,13.0,CO_STARTER,1.0,False,822.8,803.224684,809.199844,809.199844,809.199844,809.199844,TEN,RB,True,RB,TEN,STARTER,CO_STARTER,1,True,Ourlads depth chart,ARI,TEN,True,00-0033119,4688380,Cam Ward,True,-22.466883106,0.9820264935,0.1996779388,0.1830708661,-8.3169291339,0.9883562992,True,True,LOW,,New head coach and offensive staff.,0.9912079622,0.9978019905,NYJ,1.1420944201,1.035523605,0.9684587003,88.0,46.2837947,52.541225495,50.8840069554,13.0,46.153846,47.453333,0.9,0.85,True,10.946,1496.0,575.1162542683,556.9763401337,False,52.541225495,50.8840069554,False,False,Michael Carter,TEN,scrimmageYards,STARTER,Ourlads depth chart,1224.0,556.9763401337,-667.0236598663,0.0,10.946,52.6915903206,,1.0,False,1.0,0.0769,1.1025,0.0848,0.0,0.93,0.0878
00-0038393,Dontayvion Wicks,WR,GB,2026.0,25.211312,3.0,45.0,3.0,13.0,STARTER,3.0,False,680.0,473.091665,511.764139,511.764139,511.764139,511.764139,PHI,WR,True,WR,PHI,STARTER,STARTER,3,True,Ourlads depth chart,GB,PHI,True,00-0036264,4040715,Jalen Hurts,True,-10.6033717835,0.9809139308,0.6173913043,0.6239130435,1.0563380282,1.0023239437,False,True,MEDIUM,,Head coach retained; offensive coordinator changed.,1.0817762841,1.020444071,WAS,1.1700352946,1.04,1.0032939977,40.0,25.9270472,28.03799012,28.1303471936,13.0,25.538462,29.424314,0.9,0.85,True,14.454,680.0,405.2611091945,406.5960383366,False,28.03799012,28.1303471936,False,False,Dontayvion Wicks,PHI,receivingYards,STARTER,Ourlads depth chart,1148.0,406.5960383366,-741.4039616634,0.0,14.454,29.2555610814,,1.0,False,2.0,0.1538,1.1015,0.1695,0.0,2.45,0.1762
00-0039917,Michael Penix Jr.,QB,ATL,2026.0,26.317426,2.0,14.0,1.0,9.0,STARTER,1.0,False,4165.0,3191.440929,3384.097881,3451.779839,3451.779839,3451.779839,ATL,QB,True,QB,ATL,STARTER,STARTER,1,True,Ourlads depth chart,ATL,ATL,False,00-0039917,4360423,Michael Penix Jr.,False,0.0,1.0,32.0588235294,32.0588235294,0.0,1.0,True,True,LOW,,New head coach and offensive staff.,1.0073445792,1.0018361448,PIT,1.1616418631,1.04,1.0018361448,245.0,205.87333316,214.8724665332,215.2670034955,9.0,220.222222,155.0,0.78,0.77,True,7.9,4165.0,1697.4924856123,1700.6093276144,False,214.8724665332,215.2670034955,False,False,Michael Penix Jr.,ATL,passingYards,STARTER,Ourlads depth chart,3478.0,1700.6093276144,-1777.3906723856,0.0,7.9,223.8776836353,,1.0,False,9.0,1.0,0.9775,0.9775,0.0,7.72,1.0166
00-0037834,Brock Purdy,QB,SF,2026.0,26.681568,3.0,40.0,3.0,9.0,BACKUP,2.0,False,379.1,4302.792954,4019.51833,4019.51833,4019.51833,4019.51833,SF,QB,True,QB,SF,STARTER,BACKUP,1,True,Ourlads depth chart,SF,SF,False,00-0036972,4361741,Brock Purdy,False,23.1313599183,1.0,33.7058823529,33.7058823529,0.0,1.0,False,False,HIGH,,Offensive leadership retained.,0.9922213201,0.99805533,LAR,1.0367594721,1.009189868,0.99805533,245.0,245.24096684,245.0,245.0,9.0,240.777778,261.065,0.78,0.04,False,17.0,4165.0,4165.0,4165.0,False,245.0,245.0,False,False,Brock Purdy,SF,passingYards,STARTER,Ourlads depth chart,3143.0,3143.0,,0.0,17.0,,,1.0,False,20.0,2.2222,1.0175,2.2612,0.0,38.44,2.282
3122840,Deshaun Watson,QB,,,,,,,,,,,,,,,,,CLE,,,QB,CLE,STARTER,UNCERTAIN,1,True,Ourlads depth chart,,CLE,False,,3122840,Deshaun Watson,False,0.0,1.0,,23.3529411765,0.0,1.0,True,True,LOW,,New head coach and offensive staff.,1.0555480425,1.0138870106,JAX,1.0296906575,1.0074226644,1.0138870106,245.0,245.0,245.0,245.0,0.0,245.0,245.0,0.35,0.4,False,17.0,4165.0,4165.0,4165.0,False,245.0,245.0,False,False,Deshaun Watson,CLE,passingYards,STARTER,Ourlads depth chart,2541.0,2541.0,,0.0,17.0,,,1.0,False,5.0,0.7143,1.0,0.7143,0.0,12.14,0.7196
00-0029604,Kirk Cousins,QB,ATL,2026.0,38.035668,3.0,32.0,3.0,10.0,BACKUP,2.0,False,379.1,3453.439552,3323.184975,3003.210964,3003.210964,3003.210964,LV,QB,True,QB,LV,STARTER,BACKUP,1,True,Ourlads depth chart,ATL,LV,True,00-0039917,14880,Kirk Cousins,False,-21.851664906,1.0,32.0588235294,30.2941176471,-5.504587156,0.992293578,True,True,LOW,,New head coach and offensive staff.,0.9470363485,0.9867590871,MIA,1.0262871542,1.0065717886,0.9791547052,245.0,192.50558938,245.0,245.0,10.0,172.1,264.852679,0.78,0.4,False,17.0,4165.0,4165.0,4165.0,False,245.0,245.0,False,False,Kirk Cousins,LV,passingYards,STARTER,Ourlads depth chart,2401.0,2401.0,,0.0,17.0,,,1.0,False,10.0,1.0,1.4236,1.4236,0.0,24.2,1.4329
00-0038128,Malik Willis,QB,GB,2026.0,27.272956,3.0,12.0,0.0,4.0,BACKUP,2.0,False,379.1,1482.878878,1691.913697,1725.751971,1725.751971,1725.751971,MIA,QB,True,QB,MIA,STARTER,BACKUP,1,True,Ourlads depth chart,GB,MIA,True,00-0036264,4242512,Malik Willis,False,-53.1943212067,1.0,28.7647058824,28.1176470588,-2.2494887526,0.9968507157,True,True,LOW,,New head coach and offensive staff.,0.9518566948,0.9879641737,LV,0.9540281607,0.9885070402,0.9848527937,245.0,92.3133332,245.0,245.0,4.0,105.5,72.533333,0.6,0.4,False,17.0,4165.0,4165.0,4165.0,False,245.0,245.0,False,False,Malik Willis,MIA,passingYards,STARTER,Ourlads depth chart,2215.0,2215.0,,0.0,17.0,,,1.0,False,3.0,0.75,1.5,1.125,0.0,19.12,1.1121
00-0033319,Nick Mullens,QB,JAX,2026.0,31.451002,3.0,13.0,0.0,4.0,BACKUP,2.0,False,379.1,550.698665,1299.155306,1299.155306,1299.155306,1299.155306,JAX,QB,True,QB,JAX,STARTER,BACKUP,1,True,Ourlads depth chart,JAX,JAX,False,00-0036971,4360310,Trevor Lawrence,False,0.0,1.0,33.1176470588,33.1176470588,0.0,1.0,False,False,HIGH,,Offensive leadership retained.,1.0462923615,1.0115730904,CLE,0.8346437367,0.96,1.0115730904,245.0,41.888,245.0,245.0,4.0,4.75,97.595,0.6,0.04,False,17.0,4165.0,4165.0,4165.0,False,245.0,245.0,False,False,Nick Mullens,JAX,passingYards,STARTER,Ourlads depth chart,2198.0,2198.0,,0.0,17.0,,,1.0,False,0.0,0.0,1.5,0.0,0.0,0.0,0.0
4243322,Jake Haener,QB,,,,,,,,,,,,,,,,,NYG,,,QB,NYG,STARTER,UNCERTAIN,1,True,Ourlads depth chart,,NYG,False,,4689114,Jaxson Dart,False,0.0,1.0,,30.8235294118,0.0,1.0,True,True,LOW,,New head coach and offensive staff.,1.0342491959,1.008562299,DAL,1.1836337307,1.04,1.008562299,245.0,245.0,245.0,245.0,0.0,245.0,245.0,0.35,0.4,False,17.0,4165.0,4165.0,4165.0,False,245.0,245.0,False,False,Jake Haener,NYG,passingYards,STARTER,Ourlads depth chart,1969.0,1969.0,,0.0,17.0,,,1.0,False,1.0,0.125,1.0,0.125,0.0,2.12,0.13
4240858,Hendon Hooker,QB,,,,,,,,,,,,,,,,,TEN,,,QB,TEN,STARTER,UNCERTAIN,2,True,Ourlads depth chart,,TEN,False,,4688380,Cam Ward,False,0.0,1.0,,33.5294117647,0.0,1.0,True,True,LOW,,New head coach and offensive staff.,1.0415336171,1.0103834043,NYJ,0.997750088,0.999437522,1.0103834043,245.0,245.0,245.0,245.0,0.0,245.0,245.0,0.35,0.4,False,17.0,4165.0,4165.0,4165.0,False,245.0,245.0,False,False,Hendon Hooker,TEN,passingYards,STARTER,Ourlads depth chart,1932.0,1932.0,,0.0,17.0,,,1.0,False,0.0,0.0,1.0,0.0,0.0,0.0,0.0
00-0036679,Shane Buechele,QB,KC,2026.0,28.647385,1.0,1.0,0.0,1.0,BACKUP,3.0,False,76.5,1496.0,2080.746032,2080.746032,2080.746032,2080.746032,BUF,QB,True,QB,BUF,STARTER,BACKUP,2,True,Ourlads depth chart,KC,BUF,True,00-0033873,4039034,Shane Buechele,False,-65.6537496898,1.0,34.3529411765,29.1176470588,-15.2397260274,0.9786643836,True,True,MEDIUM,,Head-coach change with some offensive-system continuity.,0.969521031,0.9923802578,HOU,0.9084735779,0.9771183945,0.9712072132,245.0,190.05,245.0,245.0,1.0,88.0,245.0,0.35,0.4,False,17.0,4165.0,4165.0,4165.0,False,245.0,245.0,False,False,Shane Buechele,BUF,passingYards,STARTER,Ourlads depth chart,1824.0,1824.0,,0.0,17.0,,,1.0,False,0.0,0.0,1.5,0.0,0.0,0.0,0.0
4429020,DJ Uiagalelei,QB,,,,,,,,,,,,,,,,,LAC,,,QB,LAC,STARTER,UNCERTAIN,1,True,Ourlads depth chart,,LAC,False,,4038941,Justin Herbert,False,0.0,1.0,,33.4705882353,0.0,1.0,False,True,MEDIUM,,Head coach retained; offensive coordinator changed.,0.9799317471,0.9949829368,ARI,1.0807432073,1.0201858018,0.9949829368,245.0,245.0,245.0,245.0,0.0,245.0,245.0,0.35,0.4,False,17.0,4165.0,4165.0,4165.0,False,245.0,245.0,False,False,DJ Uiagalelei,LAC,passingYards,STARTER,Ourlads depth chart,1791.0,1791.0,,0.0,17.0,,,1.0,False,,,,,,,
4597679,Luke Altmyer,QB,,,,,,,,,,,,,,,,,DET,,,QB,DET,STARTER,UNCERTAIN,2,True,Ourlads depth chart,,DET,False,,4597679,Luke Altmyer,False,0.0,1.0,,34.1176470588,0.0,1.0,False,True,MEDIUM,,Head coach retained; offensive coordinator changed.,0.965270502,0.9913176255,NO,0.8733913129,0.9683478282,0.9913176255,245.0,245.0,245.0,245.0,0.0,245.0,245.0,0.35,0.4,False,17.0,4165.0,4165.0,4165.0,False,245.0,245.0,False,False,Luke Altmyer,DET,passingYards,STARTER,Ourlads depth chart,1784.0,1784.0,,0.0,17.0,,,1.0,False,,,,,,,
00-0035228,Kyler Murray,QB,ARI,2026.0,29.069023,3.0,30.0,2.0,5.0,BACKUP,2.0,False,379.1,3613.492855,3362.907935,3362.907935,3362.907935,3362.907935,MIN,QB,True,QB,MIN,STARTER,BACKUP,1,True,Ourlads depth chart,ARI,MIN,True,00-0033119,4573398,Max Brosmer,False,-80.5109921815,1.0,38.1176470588,28.4117647059,-25.462962963,0.9643518519,False,False,HIGH,,Offensive leadership retained.,1.0060971413,1.0015242853,GB,0.9205167434,0.9801291859,0.9658217992,245.0,205.8201472,245.0,245.0,5.0,192.4,225.950368,0.6,0.45,False,17.0,4165.0,4165.0,4165.0,False,245.0,245.0,False,False,Kyler Murray,MIN,passingYards,STARTER,Ourlads depth chart,1775.0,1775.0,,0.0,17.0,,,1.0,False,6.0,1.2,1.2734,1.5281,0.0,25.98,1.4977
00-0036442,Joe Burrow,QB,CIN,2026.0,29.72612,3.0,35.0,3.0,8.0,BACKUP,2.0,False,379.1,4287.797078,3969.092627,3969.092627,3969.092627,3969.092627,CIN,QB,True,QB,CIN,STARTER,BACKUP,1,True,Ourlads depth chart,CIN,CIN,False,00-0026158,4259592,Sean Clifford,False,0.0,1.0,47.0588235294,47.0588235294,0.0,1.0,False,False,HIGH,,Offensive leadership retained.,1.0321085309,1.0080271327,TB,1.1341520286,1.0335380072,1.0080271327,245.0,235.52585872,245.0,245.0,8.0,226.125,268.856176,0.78,0.04,False,17.0,4165.0,4165.0,4165.0,False,245.0,245.0,False,False,Joe Burrow,CIN,passingYards,STARTER,Ourlads depth chart,1772.0,1772.0,,0.0,17.0,,,1.0,False,17.0,2.125,1.0835,2.3024,0.0,39.14,2.3796
00-0040494,Max Brosmer,QB,MIN,2026.0,25.430344,1.0,7.0,0.0,7.0,BACKUP,3.0,False,76.5,796.571429,1785.052469,1785.052469,1785.052469,1785.052469,MIN,QB,True,QB,MIN,STARTER,BACKUP,2,True,Ourlads depth chart,MIN,MIN,False,00-0039923,4573398,Max Brosmer,False,-71.2885153186,1.0,28.4117647059,28.4117647059,0.0,1.0,False,False,HIGH,,Offensive leadership retained.,1.0060971413,1.0015242853,GB,0.9205167434,0.9801291859,1.0015242853,245.0,126.1142858,245.0,245.0,7.0,46.857143,245.0,0.6,0.04,False,17.0,4165.0,4165.0,4165.0,False,245.0,245.0,False,False,Max Brosmer,MIN,passingYards,STARTER,Ourlads depth chart,1757.0,1757.0,,0.0,17.0,,,1.0,False,0.0,0.0,1.5,0.0,0.0,0.0,0.0
00-0039398,Joe Milton III,QB,DAL,2026.0,26.489914,2.0,5.0,0.0,4.0,BACKUP,2.0,False,379.1,1503.782168,2005.5731,2005.5731,2005.5731,2005.5731,DAL,QB,True,QB,DAL,STARTER,BACKUP,2,True,Ourlads depth chart,DAL,DAL,False,00-0033077,4360698,Joe Milton III,False,-82.9141036982,1.0,36.7058823529,36.7058823529,0.0,1.0,False,True,MEDIUM,,Head coach retained; offensive coordinator changed.,1.0414720152,1.0103680038,NYG,1.0181711079,1.004542777,1.0103680038,245.0,123.85,245.0,245.0,4.0,45.75,241.0,0.6,0.4,False,17.0,4165.0,4165.0,4165.0,False,245.0,245.0,False,False,Joe Milton III,DAL,passingYards,STARTER,Ourlads depth chart,1743.0,1743.0,,0.0,17.0,,,1.0,False,1.0,0.25,1.5,0.375,0.0,6.38,0.3767
00-0039910,Jayden Daniels,QB,WAS,2026.0,25.704135,2.0,24.0,1.0,7.0,BACKUP,2.0,False,379.1,3315.373455,3078.502931,3078.502931,3078.502931,3078.502931,WAS,QB,True,QB,WAS,STARTER,BACKUP,1,True,Ourlads depth chart,WAS,WAS,False,00-0032268,4361994,Sam Hartman,False,0.0,1.0,27.5882352941,27.5882352941,0.0,1.0,False,True,MEDIUM,,Head coach retained; offensive coordinator changed.,1.0262101519,1.006552538,PHI,0.9100444255,0.9775111064,1.006552538,245.0,192.1243696,245.0,245.0,7.0,180.285714,209.882353,0.6,0.4,False,17.0,4165.0,4165.0,4165.0,False,245.0,245.0,False,False,Jayden Daniels,WAS,passingYards,STARTER,Ourlads depth chart,1714.0,1714.0,,0.0,17.0,,,1.0,False,8.0,1.1429,1.359,1.5531,0.0,26.4,1.5182
4361994,Sam Hartman,QB,,,,,,,,,,,,,,,,,WAS,,,QB,WAS,STARTER,UNCERTAIN,2,True,Ourlads depth chart,,WAS,False,,4361994,Sam Hartman,False,0.0,1.0,,27.5882352941,0.0,1.0,False,True,MEDIUM,,Head coach retained; offensive coordinator changed.,1.0262101519,1.006552538,PHI,0.9100444255,0.9775111064,1.006552538,245.0,245.0,245.0,245.0,0.0,245.0,245.0,0.35,0.4,False,17.0,4165.0,4165.0,4165.0,False,245.0,245.0,False,False,Sam Hartman,WAS,passingYards,STARTER,Ourlads depth chart,1697.0,1697.0,,0.0,17.0,,,1.0,False,,,,,,,
4259592,Sean Clifford,QB,,,,,,,,,,,,,,,,,CIN,,,QB,CIN,STARTER,UNCERTAIN,2,True,Ourlads depth chart,,CIN,False,,4259592,Sean Clifford,False,0.0,1.0,,47.0588235294,0.0,1.0,False,False,HIGH,,Offensive leadership retained.,1.0321085309,1.0080271327,TB,1.1341520286,1.0335380072,1.0080271327,245.0,245.0,245.0,245.0,0.0,245.0,245.0,0.35,0.04,False,17.0,4165.0,4165.0,4165.0,False,245.0,245.0,False,False,Sean Clifford,CIN,passingYards,STARTER,Ourlads depth chart,1684.0,1684.0,,0.0,17.0,,,1.0,False,0.0,0.0,1.0,0.0,0.0,0.0,0.0
4250360,Bailey Zappe,QB,,,,,,,,,,,,,,,,,NYJ,,,QB,NYJ,STARTER,UNCERTAIN,1,True,Ourlads depth chart,,NYJ,False,,4250360,Bailey Zappe,False,0.0,1.0,,30.6875,0.0,1.0,False,True,MEDIUM,,Head coach retained; offensive coordinator changed.,0.9367180352,0.9841795088,TEN,1.1050913464,1.0262728366,0.9841795088,245.0,245.0,245.0,245.0,0.0,245.0,245.0,0.35,0.4,False,17.0,4165.0,4165.0,4165.0,False,245.0,245.0,False,False,Bailey Zappe,NYJ,passingYards,STARTER,Ourlads depth chart,1482.0,1482.0,,0.0,17.0,,,1.0,False,1.0,1.0,1.0,1.0,0.0,17.0,1.0263
4433971,Kyle McCord,QB,,,,,,,,,,,,,,,,,GB,,,QB,GB,UNCERTAIN,UNCERTAIN,2,False,uncertain fallback because no verified depth source was available,,GB,False,,4036378,Jordan Love,False,0.0,1.0,,28.7647058824,0.0,1.0,False,False,HIGH,,Offensive leadership retained.,0.9755734148,0.9938933537,MIN,0.7909218094,0.96,0.9938933537,91.35,91.35,91.35,91.35,0.0,91.35,91.35,0.35,0.0,False,17.0,1552.95,1552.95,1552.95,False,91.35,91.35,False,False,Kyle McCord,GB,passingYards,UNCERTAIN,uncertain fallback because no verified depth source was available,1074.0,1074.0,,0.0,17.0,,,1.0,False,,,,,,,
4034946,Kyle Trask,QB,,,,,,,,,,,,,,,,,CAR,,,QB,CAR,UNCERTAIN,UNCERTAIN,2,False,uncertain fallback because no verified depth source was available,,CAR,False,,4685720,Bryce Young,False,0.0,1.0,,30.2941176471,0.0,1.0,False,False,HIGH,,Offensive leadership retained.,0.9914050953,0.9978512738,CHI,1.0647729225,1.0161932306,0.9978512738,91.35,91.35,91.35,91.35,0.0,91.35,91.35,0.35,0.0,False,17.0,1552.95,1552.95,1552.95,False,91.35,91.35,False,False,Kyle Trask,CAR,passingYards,UNCERTAIN,uncertain fallback because no verified depth source was available,1046.0,1046.0,,0.0,17.0,,,1.0,False,0.0,0.0,1.0,0.0,0.0,0.0,0.0
4431580,Miller Moss,QB,,,,,,,,,,,,,,,,,CHI,,,QB,CHI,UNCERTAIN,UNCERTAIN,2,False,uncertain fallback because no verified depth source was available,,CHI,False,,4431611,Caleb Williams,False,0.0,1.0,,33.6470588235,0.0,1.0,False,True,MEDIUM,,Head coach retained; offensive coordinator changed.,0.9443874681,0.986096867,CAR,0.957431664,0.989357916,0.986096867,91.35,91.35,91.35,91.35,0.0,91.35,91.35,0.35,0.4,False,17.0,1552.95,1552.95,1552.95,False,91.35,91.35,False,False,Miller Moss,CHI,passingYards,UNCERTAIN,uncertain fallback because no verified depth source was available,1020.0,1020.0,,0.0,17.0,,,1.0,False,,,,,,,
3120590,Easton Stick,QB,,,,,,,,,,,,,,,,,IND,,,QB,IND,UNCERTAIN,UNCERTAIN,2,False,uncertain fallback because no verified depth source was available,,IND,False,,3917792,Daniel Jones,False,0.0,1.0,,32.0588235294,0.0,1.0,False,False,HIGH,,Offensive leadership retained.,1.0183867144,1.0045966786,BAL,1.1527403929,1.0381850982,1.0045966786,91.35,91.35,91.35,91.35,0.0,91.35,91.35,0.35,0.0,False,17.0,1552.95,1552.95,1552.95,False,91.35,91.35,False,False,Easton Stick,IND,passingYards,UNCERTAIN,uncertain fallback because no verified depth source was available,1012.0,1012.0,,0.0,17.0,,,1.0,False,3.0,0.6,1.0,0.6,0.0,10.2,0.6229
00-0040704,Dillon Gabriel,QB,CLE,2026.0,25.676756,1.0,10.0,1.0,10.0,BACKUP,2.0,False,379.1,1592.9,1951.647222,1951.647222,1951.647222,1951.647222,CLE,QB,True,QB,CLE,UNCERTAIN,BACKUP,2,False,uncertain fallback because no verified depth source was available,CLE,CLE,False,00-0040668,3122840,Deshaun Watson,False,0.0,1.0,23.3529411765,23.3529411765,0.0,1.0,True,True,LOW,,New head coach and offensive staff.,1.0555480425,1.0138870106,JAX,1.0296906575,1.0074226644,1.0138870106,91.35,93.183,91.35,91.35,10.0,93.7,91.35,0.78,0.4,False,17.0,1552.95,1552.95,1552.95,False,91.35,91.35,False,False,Dillon Gabriel,CLE,passingYards,UNCERTAIN,uncertain fallback because no verified depth source was available,1000.0,1000.0,,0.0,17.0,,,1.0,False,7.0,0.7,0.9749,0.6824,0.0,11.6,0.6875
4565358,Hunter Dekkers,QB,,,,,,,,,,,,,,,,,NO,,,QB,NO,UNCERTAIN,UNCERTAIN,2,False,uncertain fallback because no verified depth source was available,,NO,False,,4360689,Tyler Shough,False,0.0,1.0,,34.3529411765,0.0,1.0,False,False,HIGH,,Offensive leadership retained.,1.0160766443,1.0040191611,DET,1.0456609423,1.0114152356,1.0040191611,91.35,91.35,91.35,91.35,0.0,91.35,91.35,0.35,0.0,False,17.0,1552.95,1552.95,1552.95,False,91.35,91.35,False,False,Hunter Dekkers,NO,passingYards,UNCERTAIN,uncertain fallback because no verified depth source was available,984.0,984.0,,0.0,17.0,,,1.0,False,,,,,,,
00-0037324,Chris Oladokun,QB,KC,2026.0,28.995099,2.0,4.0,0.0,3.0,BACKUP,2.0,False,379.1,582.604167,1499.031667,1499.031667,1499.031667,1499.031667,KC,QB,True,QB,KC,UNCERTAIN,BACKUP,2,False,uncertain fallback because no verified depth source was available,KC,KC,False,00-0033873,3139477,Patrick Mahomes,False,0.0,1.0,34.3529411765,34.3529411765,0.0,1.0,False,True,MEDIUM,,Head coach retained; offensive coordinator changed.,0.9773752694,0.9943438174,DEN,0.9440794587,0.9860198647,0.9943438174,91.35,27.41666655,91.35,91.35,3.0,78.333333,0.0,0.35,0.4,False,17.0,1552.95,1552.95,1552.95,False,91.35,91.35,False,False,Chris Oladokun,KC,passingYards,UNCERTAIN,uncertain fallback because no verified depth source was available,961.0,961.0,,0.0,17.0,,,1.0,False,1.0,0.3333,1.1662,0.3887,0.0,6.61,0.3833
00-0039577,Kedon Slovis,QB,ARI,2026.0,25.392014,1.0,2.0,0.0,2.0,BACKUP,3.0,False,76.5,-17.0,1935.746212,1935.746212,1935.746212,1935.746212,ARI,QB,True,QB,ARI,UNCERTAIN,BACKUP,2,False,uncertain fallback because no verified depth source was available,ARI,ARI,False,00-0033119,2578570,Jacoby Brissett,False,0.0,1.0,38.1176470588,38.1176470588,0.0,1.0,True,True,LOW,,New head coach and offensive staff.,0.9982429029,0.9995607257,LAC,0.8655370745,0.9663842686,0.9995607257,91.35,59.0275,91.35,91.35,2.0,-1.0,91.35,0.35,0.4,False,17.0,1552.95,1552.95,1552.95,False,91.35,91.35,False,False,Kedon Slovis,ARI,passingYards,UNCERTAIN,uncertain fallback because no verified depth source was available,957.0,957.0,,0.0,17.0,,,1.0,False,0.0,0.0,1.0,0.0,0.0,0.0,0.0
4877717,Matthew Caldwell,QB,,,,,,,,,,,,,,,,,LAR,,,QB,LAR,UNCERTAIN,UNCERTAIN,2,False,uncertain fallback because no verified depth source was available,,LAR,False,,12483,Matthew Stafford,False,0.0,1.0,,35.1176470588,0.0,1.0,False,True,MEDIUM,,Head coach retained; offensive coordinator changed.,0.9972726735,0.9993181684,SF,1.0760306643,1.0190076661,0.9993181684,91.35,91.35,91.35,91.35,0.0,91.35,91.35,0.35,0.4,False,17.0,1552.95,1552.95,1552.95,False,91.35,91.35,False,False,Matthew Caldwell,LAR,passingYards,UNCERTAIN,uncertain fallback because no verified depth source was available,947.0,947.0,,0.0,17.0,,,1.0,False,,,,,,,
4569535,Jacob Clark,QB,,,,,,,,,,,,,,,,,LV,,,QB,LV,UNCERTAIN,UNCERTAIN,2,False,uncertain fallback because no verified depth source was available,,LV,False,,14880,Kirk Cousins,False,0.0,1.0,,30.2941176471,0.0,1.0,True,True,LOW,,New head coach and offensive staff.,0.9470363485,0.9867590871,MIA,1.0262871542,1.0065717886,0.9867590871,91.35,91.35,91.35,91.35,0.0,91.35,91.35,0.35,0.4,False,17.0,1552.95,1552.95,1552.95,False,91.35,91.35,False,False,Jacob Clark,LV,passingYards,UNCERTAIN,uncertain fallback because no verified depth source was available,945.0,945.0,,0.0,17.0,,,1.0,False,,,,,,,
00-0034955,Brett Rypien,QB,CIN,2026.0,30.147758,2.0,3.0,0.0,1.0,BACKUP,4.0,False,76.5,261.716049,1868.904992,1868.904992,1868.904992,1868.904992,HOU,QB,True,QB,HOU,UNCERTAIN,BACKUP,2,False,uncertain fallback because no verified depth source was available,CIN,HOU,True,00-0026158,4432577,C.J. Stroud,False,13.9082579041,1.0,47.0588235294,34.2352941176,-27.25,0.96185,False,False,HIGH,,Offensive leadership retained.,1.0379761091,1.0094940273,BUF,0.7576722001,0.96,0.9709818301,91.35,55.9,91.35,91.35,1.0,0.0,86.0,0.35,0.45,False,17.0,1552.95,1552.95,1552.95,False,91.35,91.35,False,False,Brett Rypien,HOU,passingYards,UNCERTAIN,uncertain fallback because no verified depth source was available,875.0,875.0,,0.0,17.0,,,1.0,False,0.0,0.0,1.0,0.0,0.0,0.0,0.0
4036419,Skylar Thompson,QB,,,,,,,,,,,,,,,,,BAL,,,QB,BAL,UNCERTAIN,UNCERTAIN,2,False,uncertain fallback because no verified depth source was available,,BAL,False,,3916387,Lamar Jackson,False,0.0,1.0,,24.7647058824,0.0,1.0,True,True,LOW,,New head coach and offensive staff.,1.0085304152,1.0021326038,IND,1.1681870618,1.04,1.0021326038,91.35,91.35,91.35,91.35,0.0,91.35,91.35,0.35,0.4,False,17.0,1552.95,1552.95,1552.95,False,91.35,91.35,False,False,Skylar Thompson,BAL,passingYards,UNCERTAIN,uncertain fallback because no verified depth source was available,818.0,818.0,,0.0,17.0,,,1.0,False,0.0,0.0,1.0,0.0,0.0,0.0,0.0
00-0035100,Jake Browning,QB,CIN,2026.0,30.391432,3.0,16.0,1.0,5.0,BACKUP,3.0,False,76.5,1600.720627,1739.610456,1774.402665,1774.402665,1774.402665,TB,QB,True,QB,TB,UNCERTAIN,BACKUP,2,False,uncertain fallback because no verified depth source was available,CIN,TB,True,00-0026158,3052587,Baker Mayfield,False,13.9192746044,1.0,47.0588235294,32.8235294118,-30.25,0.95765,False,True,MEDIUM,,Head coach retained; offensive coordinator changed.,0.9873393719,0.996834843,CIN,1.0906919093,1.0226729773,0.9546188874,91.35,122.6355556,91.35,91.35,5.0,154.2,75.288889,0.6,0.4,False,17.0,1552.95,1552.95,1552.95,False,91.35,91.35,False,False,Jake Browning,TB,passingYards,UNCERTAIN,uncertain fallback because no verified depth source was available,815.0,815.0,,0.0,17.0,,,1.0,False,6.0,1.2,0.5924,0.7109,0.0,12.09,0.727
4693331,Cam Miller,QB,,,,,,,,,,,,,,,,,MIA,,,QB,MIA,UNCERTAIN,UNCERTAIN,3,False,uncertain fallback because no verified depth source was available,,MIA,False,,4242512,Malik Willis,False,0.0,1.0,,28.1176470588,0.0,1.0,True,True,LOW,,New head coach and offensive staff.,0.9518566948,0.9879641737,LV,0.9540281607,0.9885070402,0.9879641737,91.35,91.35,91.35,91.35,0.0,91.35,91.35,0.35,0.4,False,17.0,1552.95,1552.95,1552.95,False,91.35,91.35,False,False,Cam Miller,MIA,passingYards,UNCERTAIN,uncertain fallback because no verified depth source was available,669.0,669.0,,0.0,17.0,,,1.0,False,,,,,,,
00-0040234,Quinn Ewers,QB,MIA,2026.0,23.467265,1.0,4.0,0.0,4.0,BACKUP,2.0,False,379.1,2643.5,2216.434028,2216.434028,2216.434028,2216.434028,MIA,QB,True,QB,MIA,UNCERTAIN,BACKUP,2,False,uncertain fallback because no verified depth source was available,MIA,MIA,False,00-0036212,4242512,Malik Willis,False,-44.4736842105,1.0,28.1176470588,28.1176470588,0.0,1.0,True,True,LOW,,New head coach and offensive staff.,0.9518566948,0.9879641737,LV,0.9540281607,0.9885070402,0.9879641737,91.35,129.84,91.35,91.35,4.0,155.5,91.35,0.6,0.4,False,17.0,1552.95,1552.95,1552.95,False,91.35,91.35,False,False,Quinn Ewers,MIA,passingYards,UNCERTAIN,uncertain fallback because no verified depth source was available,669.0,669.0,,0.0,17.0,,,1.0,False,3.0,0.75,0.5875,0.4406,0.0,7.49,0.4355
00-0035264,Jarrett Stidham,QB,DEN,2026.0,30.065621,3.0,5.0,0.0,1.0,BACKUP,2.0,False,379.1,326.74,1753.334667,1753.334667,1753.334667,1753.334667,DEN,QB,True,QB,DEN,BACKUP,BACKUP,2,True,Ourlads depth chart,DEN,DEN,False,00-0039732,4426338,Bo Nix,False,0.0,1.0,36.0,36.0,0.0,1.0,False,True,MEDIUM,,Head coach retained; offensive coordinator changed.,0.9679501833,0.9919875458,KC,0.912924313,0.9782310782,0.9919875458,22.33,56.42,22.33,22.33,1.0,0.0,86.8,0.35,0.4,False,17.0,379.61,379.61,379.61,False,22.33,22.33,False,False,Jarrett Stidham,DEN,passingYards,BACKUP,Ourlads depth chart,351.0,351.0,,0.0,17.0,,,1.0,False,0.0,0.0,1.0,0.0,0.0,0.0,0.0
4240391,Tommy DeVito,QB,,,,,,,,,,,,,,,,,NE,,,QB,NE,BACKUP,UNCERTAIN,2,True,Ourlads depth chart,,NE,False,,4431452,Drake Maye,False,0.0,1.0,,29.5294117647,0.0,1.0,False,False,HIGH,,Offensive leadership retained.,0.9529809289,0.9882452322,SEA,0.947482962,0.9868707405,0.9882452322,22.33,22.33,22.33,22.33,0.0,22.33,22.33,0.35,0.04,False,17.0,379.61,379.61,379.61,False,22.33,22.33,False,False,Tommy DeVito,NE,passingYards,BACKUP,Ourlads depth chart,339.0,339.0,,0.0,17.0,,,1.0,False,0.0,0.0,1.0,0.0,0.0,0.0,0.0
00-0036212,Tua Tagovailoa,QB,MIA,2026.0,28.502276,3.0,42.0,3.0,14.0,STARTER,1.0,False,4165.0,3795.855004,3828.976812,3828.976812,3828.976812,3828.976812,ATL,QB,True,QB,ATL,BACKUP,STARTER,2,True,Ourlads depth chart,MIA,ATL,True,00-0036212,4360423,Michael Penix Jr.,False,15.9064326316,1.0,28.1176470588,32.0588235294,14.0167364017,1.019623431,True,True,LOW,,New head coach and offensive staff.,1.0073445792,1.0018361448,PIT,1.1616418631,1.04,1.0214956072,22.33,197.4613636,22.33,22.33,14.0,190.0,264.613636,0.9,0.4,False,17.0,379.61,379.61,379.61,False,22.33,22.33,False,False,Tua Tagovailoa,ATL,passingYards,BACKUP,Ourlads depth chart,331.0,331.0,,0.0,17.0,,,1.0,False,20.0,1.4286,0.5,0.7143,0.0,12.14,0.7429
00-0034771,Mason Rudolph,QB,PIT,2026.0,31.127929,3.0,17.0,1.0,5.0,BACKUP,2.0,False,379.1,1788.916902,1921.771977,1921.771977,1921.771977,1921.771977,PIT,QB,True,QB,PIT,BACKUP,BACKUP,2,True,Ourlads depth chart,PIT,PIT,False,00-0023459,8439,Aaron Rodgers,False,0.0,1.0,32.3529411765,32.3529411765,0.0,1.0,True,True,LOW,,New head coach and offensive staff.,1.0054811226,1.0013702807,ATL,0.9878013859,0.9969503465,1.0013702807,22.33,112.09,22.33,22.33,5.0,62.0,187.225,0.6,0.4,False,17.0,379.61,379.61,379.61,False,22.33,22.33,False,False,Mason Rudolph,PIT,passingYards,BACKUP,Ourlads depth chart,326.0,326.0,,0.0,17.0,,,1.0,False,2.0,0.4,0.5,0.2,0.0,3.4,0.1994
00-0035704,Drew Lock,QB,SEA,2026.0,29.808258,3.0,14.0,0.0,3.0,BACKUP,2.0,False,379.1,910.76041,1464.247913,1464.247913,1464.247913,1464.247913,SEA,QB,True,QB,SEA,BACKUP,BACKUP,2,True,Ourlads depth chart,SEA,SEA,False,00-0034869,3912547,Sam Darnold,False,0.0,1.0,26.6666666667,26.6666666667,0.0,1.0,False,True,MEDIUM,,Head coach retained; offensive coordinator changed.,1.0153374218,1.0038343555,NE,0.9186840878,0.979671022,1.0038343555,22.33,97.275625,22.33,22.33,3.0,5.0,146.9625,0.35,0.4,False,17.0,379.61,379.61,379.61,False,22.33,22.33,False,False,Drew Lock,SEA,passingYards,BACKUP,Ourlads depth chart,319.0,319.0,,0.0,17.0,,,1.0,False,0.0,0.0,1.5,0.0,0.0,0.0,0.0
00-0038400,Tanner McKee,QB,PHI,2026.0,26.347543,2.0,6.0,0.0,4.0,BACKUP,2.0,False,379.1,1508.879329,1987.449717,1987.449717,1987.449717,1987.449717,PHI,QB,True,QB,PHI,BACKUP,BACKUP,2,True,Ourlads depth chart,PHI,PHI,False,00-0036389,4040715,Jalen Hurts,False,0.0,1.0,29.2352941176,29.2352941176,0.0,1.0,False,True,MEDIUM,,Head coach retained; offensive coordinator changed.,1.0722729502,1.0180682375,WAS,1.1443625386,1.0360906346,1.0180682375,22.33,105.7,22.33,22.33,4.0,68.5,161.5,0.6,0.4,False,17.0,379.61,379.61,379.61,False,22.33,22.33,False,False,Tanner McKee,PHI,passingYards,BACKUP,Ourlads depth chart,317.0,317.0,,0.0,17.0,,,1.0,False,1.0,0.25,0.5,0.125,0.0,2.12,0.1295
00-0036945,Justin Fields,QB,NYJ,2026.0,27.494726,3.0,32.0,3.0,9.0,STARTER,1.0,False,4165.0,2374.7895,2648.328,2648.328,2648.328,2648.328,KC,QB,True,QB,KC,BACKUP,STARTER,3,True,Ourlads depth chart,NYJ,KC,True,00-0036945,3139477,Patrick Mahomes,False,83.1555657004,1.0,30.6875,34.3529411765,11.9444111657,1.0167221756,False,True,MEDIUM,,Head coach retained; offensive coordinator changed.,0.9773752694,0.9943438174,DEN,0.9440794587,0.9860198647,1.0109714093,22.33,140.10405648,22.33,22.33,9.0,139.888889,140.866923,0.78,0.4,False,17.0,379.61,379.61,379.61,False,22.33,22.33,False,False,Justin Fields,KC,passingYards,BACKUP,Ourlads depth chart,305.0,305.0,,0.0,17.0,,,1.0,False,7.0,0.7778,0.5,0.3889,0.0,6.61,0.3835
00-0036972,Mac Jones,QB,SF,2026.0,27.990287,3.0,32.0,3.0,11.0,STARTER,1.0,False,4165.0,3124.55167,3279.706669,3308.621877,3308.621877,3308.621877,SF,QB,True,QB,SF,BACKUP,STARTER,2,True,Ourlads depth chart,SF,SF,False,00-0036972,4361741,Brock Purdy,False,23.1313599183,1.0,33.7058823529,33.7058823529,0.0,1.0,False,False,HIGH,,Offensive leadership retained.,0.9922213201,0.99805533,LAR,1.0367594721,1.009189868,0.99805533,22.33,191.2750548,22.33,22.33,11.0,195.545455,176.134545,0.78,0.04,False,17.0,379.61,379.61,379.61,False,22.33,22.33,False,False,Mac Jones,SF,passingYards,BACKUP,Ourlads depth chart,301.0,301.0,,0.0,17.0,,,1.0,False,13.0,1.1818,0.5,0.5909,0.0,10.05,0.5963
00-0028118,Tyrod Taylor,QB,NYJ,2026.0,37.080139,3.0,18.0,1.0,6.0,BACKUP,3.0,False,76.5,1737.844384,2003.924954,2044.003453,2044.003453,2044.003453,GB,QB,True,QB,GB,BACKUP,BACKUP,3,True,Ourlads depth chart,NYJ,GB,True,00-0036945,4036378,Jordan Love,False,61.1278791413,1.0,30.6875,28.7647058824,-6.2657242123,0.9912279861,False,False,HIGH,,Offensive leadership retained.,0.9755734148,0.9938933537,MIN,0.7909218094,0.96,0.9851749074,22.33,112.1439998,22.33,22.33,6.0,129.833333,85.61,0.6,0.45,False,17.0,379.61,379.61,379.61,False,22.33,22.33,False,False,Tyrod Taylor,GB,passingYards,BACKUP,Ourlads depth chart,298.0,298.0,,0.0,17.0,,,1.0,False,5.0,0.8333,0.5,0.4167,0.0,7.08,0.4
00-0038102,Kenny Pickett,QB,LV,2026.0,28.239437,3.0,23.0,1.0,6.0,BACKUP,2.0,False,379.1,874.279112,1297.94913,1297.94913,1297.94913,1297.94913,CAR,QB,True,QB,CAR,BACKUP,BACKUP,3,True,Ourlads depth chart,LV,CAR,True,00-0030565,4685720,Bryce Young,False,-6.6838844518,1.0,30.2941176471,30.2941176471,0.0,1.0,False,False,HIGH,,Offensive leadership retained.,0.9914050953,0.9978512738,CHI,1.0647729225,1.0161932306,0.9978512738,22.33,58.0819998,22.33,22.33,6.0,31.333333,98.205,0.6,0.45,False,17.0,379.61,379.61,379.61,False,22.33,22.33,False,False,Kenny Pickett,CAR,passingYards,BACKUP,Ourlads depth chart,291.0,291.0,,0.0,17.0,,,1.0,False,1.0,0.1667,0.7127,0.1188,0.0,2.02,0.1207
00-0038416,Tyson Bagent,QB,CHI,2026.0,26.232551,3.0,11.0,0.0,2.0,BACKUP,2.0,False,379.1,619.718208,1594.75216,1594.75216,1594.75216,1594.75216,CHI,QB,True,QB,CHI,BACKUP,BACKUP,3,True,Ourlads depth chart,CHI,CHI,False,00-0039918,4431611,Caleb Williams,False,0.0,1.0,33.6470588235,33.6470588235,0.0,1.0,False,True,MEDIUM,,Head coach retained; offensive coordinator changed.,0.9443874681,0.986096867,CAR,0.957431664,0.989357916,0.986096867,22.33,48.471375,22.33,22.33,2.0,23.5,61.9175,0.35,0.4,False,17.0,379.61,379.61,379.61,False,22.33,22.33,False,False,Tyson Bagent,CHI,passingYards,BACKUP,Ourlads depth chart,284.0,284.0,,0.0,17.0,,,1.0,False,0.0,0.0,0.9502,0.0,0.0,0.0,0.0
00-0039164,Anthony Richardson Sr.,QB,IND,2026.0,24.280423,3.0,17.0,1.0,2.0,BACKUP,4.0,False,76.5,945.058736,1435.801673,1435.801673,1435.801673,1435.801673,IND,QB,True,QB,IND,BACKUP,BACKUP,3,True,Ourlads depth chart,IND,IND,False,00-0035710,3917792,Daniel Jones,False,0.0,1.0,32.0588235294,32.0588235294,0.0,1.0,False,False,HIGH,,Offensive leadership retained.,1.0183867144,1.0045966786,BAL,1.1527403929,1.0381850982,1.0045966786,22.33,104.06596585,22.33,22.33,2.0,4.5,157.678409,0.35,0.04,False,17.0,379.61,379.61,379.61,False,22.33,22.33,False,False,Anthony Richardson Sr.,IND,passingYards,BACKUP,Ourlads depth chart,282.0,282.0,,0.0,17.0,,,1.0,False,0.0,0.0,1.5,0.0,0.0,0.0,0.0
00-0040668,Shedeur Sanders,QB,CLE,2026.0,24.565166,1.0,8.0,1.0,8.0,STARTER,1.0,False,4165.0,2975.0,3588.307692,3588.307692,3588.307692,3588.307692,CLE,QB,True,QB,CLE,BACKUP,STARTER,3,True,Ourlads depth chart,CLE,CLE,False,00-0040668,3122840,Deshaun Watson,False,0.0,1.0,23.3529411765,23.3529411765,0.0,1.0,True,True,LOW,,New head coach and offensive staff.,1.0555480425,1.0138870106,JAX,1.0296906575,1.0074226644,1.0138870106,22.33,141.4126,22.33,22.33,8.0,175.0,22.33,0.78,0.4,False,17.0,379.61,379.61,379.61,False,22.33,22.33,False,False,Shedeur Sanders,CLE,passingYards,BACKUP,Ourlads depth chart,279.0,279.0,,0.0,17.0,,,1.0,False,7.0,0.875,0.5,0.4375,0.0,7.44,0.4407
00-0039376,Spencer Rattler,QB,NO,2026.0,25.925905,2.0,16.0,1.0,9.0,BACKUP,2.0,False,379.1,3098.788119,2834.851586,2834.851586,2834.851586,2834.851586,NO,QB,True,QB,NO,BACKUP,BACKUP,3,True,Ourlads depth chart,NO,NO,False,00-0040743,4360689,Tyler Shough,False,0.0,1.0,34.3529411765,34.3529411765,0.0,1.0,False,False,HIGH,,Offensive leadership retained.,1.0160766443,1.0040191611,DET,1.0456609423,1.0114152356,1.0040191611,22.33,178.8447617,22.33,22.33,9.0,176.222222,188.142857,0.78,0.04,False,17.0,379.61,379.61,379.61,False,22.33,22.33,False,False,Spencer Rattler,NO,passingYards,BACKUP,Ourlads depth chart,274.0,274.0,,0.0,17.0,,,1.0,False,8.0,0.8889,0.5,0.4444,0.0,7.56,0.4495
00-0036898,Davis Mills,QB,HOU,2026.0,27.864344,3.0,15.0,0.0,6.0,BACKUP,2.0,False,379.1,1507.658771,1679.751503,1713.346533,1713.346533,1713.346533,HOU,QB,True,QB,HOU,BACKUP,BACKUP,3,True,Ourlads depth chart,HOU,HOU,False,00-0039163,4432577,C.J. Stroud,False,0.0,1.0,34.2352941176,34.2352941176,0.0,1.0,False,False,HIGH,,Offensive leadership retained.,1.0379761091,1.0094940273,BUF,0.7576722001,0.96,1.0094940273,22.33,110.124,22.33,22.33,6.0,152.5,46.56,0.6,0.04,False,17.0,379.61,379.61,379.61,False,22.33,22.33,False,False,Davis Mills,HOU,passingYards,BACKUP,Ourlads depth chart,270.0,270.0,,0.0,17.0,,,1.0,False,5.0,0.8333,0.5,0.4167,0.0,7.08,0.4
00-0035289,Gardner Minshew II,QB,KC,2026.0,30.295605,3.0,30.0,2.0,4.0,BACKUP,4.0,False,76.5,1530.847481,1613.581175,1613.581175,1613.581175,1613.581175,ARI,QB,True,QB,ARI,BACKUP,BACKUP,3,True,Ourlads depth chart,KC,ARI,True,00-0033873,2578570,Jacoby Brissett,False,-6.1611377127,1.0,34.3529411765,38.1176470588,10.9589041096,1.0153424658,True,True,LOW,,New head coach and offensive staff.,0.9982429029,0.9995607257,LAC,0.8655370745,0.9663842686,1.0148964519,22.33,86.80675,22.33,22.33,4.0,9.25,203.141875,0.6,0.4,False,17.0,379.61,379.61,379.61,False,22.33,22.33,False,False,Gardner Minshew II,ARI,passingYards,BACKUP,Ourlads depth chart,267.0,267.0,,0.0,17.0,,,1.0,False,0.0,0.0,1.5,0.0,0.0,0.0,0.0
4259553,Stetson Bennett IV,QB,,,,,,,,,,,,,,,,,LAR,,,QB,LAR,BACKUP,UNCERTAIN,3,True,Ourlads depth chart,,LAR,False,,12483,Matthew Stafford,False,0.0,1.0,,35.1176470588,0.0,1.0,False,True,MEDIUM,,Head coach retained; offensive coordinator changed.,0.9972726735,0.9993181684,SF,1.0760306643,1.0190076661,0.9993181684,22.33,22.33,22.33,22.33,0.0,22.33,22.33,0.35,0.4,False,17.0,379.61,379.61,379.61,False,22.33,22.33,False,False,Stetson Bennett IV,LAR,passingYards,BACKUP,Ourlads depth chart,264.0,264.0,,0.0,17.0,,,1.0,False,,,,,,,
4837248,Fernando Mendoza,QB,,,,,,,,,,,,,,,,,LV,,,QB,LV,BACKUP,UNCERTAIN,3,True,Ourlads depth chart,,LV,False,,14880,Kirk Cousins,False,0.0,1.0,,30.2941176471,0.0,1.0,True,True,LOW,,New head coach and offensive staff.,0.9470363485,0.9867590871,MIA,1.0262871542,1.0065717886,0.9867590871,22.33,22.33,22.33,22.33,0.0,22.33,22.33,0.35,0.4,False,17.0,379.61,379.61,379.61,False,22.33,22.33,False,False,Fernando Mendoza,LV,passingYards,BACKUP,Ourlads depth chart,263.0,263.0,,0.0,17.0,,,1.0,False,,,,,,,
00-0035993,Tyler Huntley,QB,BAL,2026.0,28.576199,3.0,15.0,0.0,5.0,BACKUP,2.0,False,379.1,1713.302746,1889.605229,1889.605229,1889.605229,1889.605229,BAL,QB,True,QB,BAL,BACKUP,BACKUP,3,True,Ourlads depth chart,BAL,BAL,False,00-0034796,3916387,Lamar Jackson,False,0.0,1.0,24.7647058824,24.7647058824,0.0,1.0,True,True,LOW,,New head coach and offensive staff.,1.0085304152,1.0021326038,IND,1.1681870618,1.04,1.0021326038,22.33,99.912,22.33,22.33,5.0,85.2,121.98,0.6,0.4,False,17.0,379.61,379.61,379.61,False,22.33,22.33,False,False,Tyler Huntley,BAL,passingYards,BACKUP,Ourlads depth chart,253.0,253.0,,0.0,17.0,,,1.0,False,2.0,0.4,0.5,0.2,0.0,3.4,0.208
4596472,Jalon Daniels,QB,,,,,,,,,,,,,,,,,TB,,,QB,TB,BACKUP,UNCERTAIN,3,True,Ourlads depth chart,,TB,False,,3052587,Baker Mayfield,False,0.0,1.0,,32.8235294118,0.0,1.0,False,True,MEDIUM,,Head coach retained; offensive coordinator changed.,0.9873393719,0.996834843,CIN,1.0906919093,1.0226729773,0.996834843,22.33,22.33,22.33,22.33,0.0,22.33,22.33,0.35,0.4,False,17.0,379.61,379.61,379.61,False,22.33,22.33,False,False,Jalon Daniels,TB,passingYards,BACKUP,Ourlads depth chart,252.0,252.0,,0.0,17.0,,,1.0,False,,,,,,,
00-0034577,Kyle Allen,QB,DET,2026.0,30.484521,3.0,9.0,0.0,2.0,BACKUP,2.0,False,379.1,62.985,1474.707989,1474.707989,1474.707989,1474.707989,BUF,QB,True,QB,BUF,BACKUP,BACKUP,3,True,Ourlads depth chart,DET,BUF,True,00-0033106,4039034,Shane Buechele,False,-67.2217352912,1.0,34.1176470588,29.1176470588,-14.6551724138,0.9794827586,True,True,MEDIUM,,Head-coach change with some offensive-system continuity.,0.969521031,0.9923802578,HOU,0.9084735779,0.9771183945,0.9720193525,22.33,8.0275,22.33,22.33,2.0,0.0,12.35,0.35,0.4,False,17.0,379.61,379.61,379.61,False,22.33,22.33,False,False,Kyle Allen,BUF,passingYards,BACKUP,Ourlads depth chart,248.0,248.0,,0.0,17.0,,,1.0,False,0.0,0.0,1.0,0.0,0.0,0.0,0.0
00-0037012,Trey Lance,QB,LAC,2026.0,26.314688,2.0,8.0,0.0,4.0,BACKUP,2.0,False,379.1,1056.222294,1516.850239,1516.850239,1516.850239,1516.850239,LAC,QB,True,QB,LAC,BACKUP,BACKUP,3,True,Ourlads depth chart,LAC,LAC,False,00-0036355,4038941,Justin Herbert,False,0.0,1.0,33.4705882353,33.4705882353,0.0,1.0,False,True,MEDIUM,,Head coach retained; offensive coordinator changed.,0.9799317471,0.9949829368,ARI,1.0807432073,1.0201858018,0.9949829368,22.33,60.5,22.33,22.33,4.0,56.5,66.5,0.6,0.4,False,17.0,379.61,379.61,379.61,False,22.33,22.33,False,False,Trey Lance,LAC,passingYards,BACKUP,Ourlads depth chart,244.0,244.0,,0.0,17.0,,,1.0,False,0.0,0.0,0.5,0.0,0.0,0.0,0.0
5151948,Joey Aguilar,QB,,,,,,,,,,,,,,,,,JAX,,,QB,JAX,BACKUP,UNCERTAIN,3,True,Ourlads depth chart,,JAX,False,,4360310,Trevor Lawrence,False,0.0,1.0,,33.1176470588,0.0,1.0,False,False,HIGH,,Offensive leadership retained.,1.0462923615,1.0115730904,CLE,0.8346437367,0.96,1.0115730904,22.33,22.33,22.33,22.33,0.0,22.33,22.33,0.35,0.04,False,17.0,379.61,379.61,379.61,False,22.33,22.33,False,False,Joey Aguilar,JAX,passingYards,BACKUP,Ourlads depth chart,243.0,243.0,,0.0,17.0,,,1.0,False,,,,,,,
00-0033949,Joshua Dobbs,QB,NE,2026.0,31.598849,3.0,19.0,1.0,4.0,BACKUP,2.0,False,379.1,1258.221532,1587.935778,1587.935778,1587.935778,1587.935778,DET,QB,True,QB,DET,BACKUP,BACKUP,3,True,Ourlads depth chart,NE,DET,True,00-0039851,4597679,Luke Altmyer,False,0.0,1.0,29.5294117647,34.1176470588,15.5378486056,1.021752988,False,True,MEDIUM,,Head coach retained; offensive coordinator changed.,0.965270502,0.9913176255,NO,0.8733913129,0.9683478282,1.012881746,22.33,83.2153848,22.33,22.33,4.0,16.25,183.663462,0.6,0.4,False,17.0,379.61,379.61,379.61,False,22.33,22.33,False,False,Joshua Dobbs,DET,passingYards,BACKUP,Ourlads depth chart,243.0,243.0,,0.0,17.0,,,1.0,False,0.0,0.0,1.3742,0.0,0.0,0.0,0.0
00-0032950,Carson Wentz,QB,MIN,2026.0,33.671444,3.0,8.0,0.0,5.0,BACKUP,2.0,False,379.1,2588.678341,2383.523338,2431.193805,2431.193805,2431.193805,MIN,QB,True,QB,MIN,BACKUP,BACKUP,3,True,Ourlads depth chart,MIN,MIN,False,00-0039923,4573398,Max Brosmer,False,-71.2885153186,1.0,28.4117647059,28.4117647059,0.0,1.0,False,False,HIGH,,Offensive leadership retained.,1.0060971413,1.0015242853,GB,0.9205167434,0.9801291859,1.0015242853,22.33,184.08,22.33,22.33,5.0,243.2,95.4,0.6,0.04,False,17.0,379.61,379.61,379.61,False,22.33,22.33,False,False,Carson Wentz,MIN,passingYards,BACKUP,Ourlads depth chart,240.0,240.0,,0.0,17.0,,,1.0,False,6.0,1.2,0.5,0.6,0.0,10.2,0.5881
4426875,Sam Howell,QB,,,,,,,,,,,,,,,,,DAL,,,QB,DAL,BACKUP,UNCERTAIN,3,True,Ourlads depth chart,,DAL,False,,4360698,Joe Milton III,False,0.0,1.0,,36.7058823529,0.0,1.0,False,True,MEDIUM,,Head coach retained; offensive coordinator changed.,1.0414720152,1.0103680038,NYG,1.0181711079,1.004542777,1.0103680038,22.33,22.33,22.33,22.33,0.0,22.33,22.33,0.35,0.4,False,17.0,379.61,379.61,379.61,False,22.33,22.33,False,False,Sam Howell,DAL,passingYards,BACKUP,Ourlads depth chart,237.0,237.0,,0.0,17.0,,,1.0,False,0.0,0.0,1.0,0.0,0.0,0.0,0.0
00-0026158,Joe Flacco,QB,CIN,2026.0,41.625064,3.0,25.0,1.0,13.0,STARTER,1.0,False,4165.0,3717.826158,3923.85315,3462.125684,3462.125684,3462.125684,CIN,QB,True,QB,CIN,BACKUP,STARTER,3,True,Ourlads depth chart,CIN,CIN,False,00-0026158,4259592,Sean Clifford,False,0.0,1.0,47.0588235294,47.0588235294,0.0,1.0,False,False,HIGH,,Offensive leadership retained.,1.0321085309,1.0080271327,TB,1.1341520286,1.0335380072,1.0080271327,22.33,199.2872201,22.33,22.33,13.0,190.692308,276.641429,0.9,0.04,False,17.0,379.61,379.61,379.61,False,22.33,22.33,False,False,Joe Flacco,CIN,passingYards,BACKUP,Ourlads depth chart,233.0,233.0,,0.0,17.0,,,1.0,False,15.0,1.1538,0.5,0.5769,0.0,9.81,0.5963
00-0032268,Marcus Mariota,QB,WAS,2026.0,32.839121,3.0,15.0,1.0,10.0,STARTER,1.0,False,4165.0,2258.356945,2786.597818,2842.329774,2842.329774,2842.329774,WAS,QB,True,QB,WAS,BACKUP,STARTER,3,True,Ourlads depth chart,WAS,WAS,False,00-0032268,4361994,Sam Hartman,False,0.0,1.0,27.5882352941,27.5882352941,0.0,1.0,False,True,MEDIUM,,Head coach retained; offensive coordinator changed.,1.0262101519,1.006552538,PHI,0.9100444255,0.9775111064,1.006552538,22.33,155.87466674,22.33,22.33,10.0,169.5,107.566667,0.78,0.4,False,17.0,379.61,379.61,379.61,False,22.33,22.33,False,False,Marcus Mariota,WAS,passingYards,BACKUP,Ourlads depth chart,232.0,232.0,,0.0,17.0,,,1.0,False,10.0,1.0,0.5,0.5,0.0,8.5,0.4888
4685413,Cade Klubnik,QB,,,,,,,,,,,,,,,,,NYJ,,,QB,NYJ,BACKUP,UNCERTAIN,3,True,Ourlads depth chart,,NYJ,False,,4250360,Bailey Zappe,False,0.0,1.0,,30.6875,0.0,1.0,False,True,MEDIUM,,Head coach retained; offensive coordinator changed.,0.9367180352,0.9841795088,TEN,1.1050913464,1.0262728366,0.9841795088,22.33,22.33,22.33,22.33,0.0,22.33,22.33,0.35,0.4,False,17.0,379.61,379.61,379.61,False,22.33,22.33,False,False,Cade Klubnik,NYJ,passingYards,BACKUP,Ourlads depth chart,224.0,224.0,,0.0,17.0,,,1.0,False,,,,,,,
00-0031503,Jameis Winston,QB,NYG,2026.0,32.652943,3.0,20.0,1.0,3.0,BACKUP,3.0,False,76.5,2726.354229,2584.114791,2635.797087,2635.797087,2635.797087,NYG,QB,True,QB,NYG,BACKUP,BACKUP,3,True,Ourlads depth chart,NYG,NYG,False,00-0040691,4689114,Jaxson Dart,False,0.0,1.0,30.8235294118,30.8235294118,0.0,1.0,True,True,LOW,,New head coach and offensive staff.,1.0342491959,1.008562299,DAL,1.1836337307,1.04,1.008562299,22.33,157.6256817,22.33,22.33,3.0,189.0,140.731818,0.35,0.4,False,17.0,379.61,379.61,379.61,False,22.33,22.33,False,False,Jameis Winston,NYG,passingYards,BACKUP,Ourlads depth chart,218.0,218.0,,0.0,17.0,,,1.0,False,2.0,0.6667,0.5,0.3333,0.0,5.67,0.3467
00-0033869,Mitchell Trubisky,QB,BUF,2026.0,32.034176,3.0,17.0,1.0,4.0,BACKUP,2.0,False,379.1,1125.407058,1382.253043,1409.898103,1409.898103,1409.898103,TEN,QB,True,QB,TEN,BACKUP,BACKUP,3,True,Ourlads depth chart,BUF,TEN,True,00-0034857,4688380,Cam Ward,False,-18.6862529989,1.0,29.1176470588,33.5294117647,15.1515151515,1.0212121212,True,True,LOW,,New head coach and offensive staff.,1.0415336171,1.0103834043,NYJ,0.997750088,0.999437522,1.0318157795,22.33,70.4635,22.33,22.33,4.0,78.25,58.78375,0.6,0.4,False,17.0,379.61,379.61,379.61,False,22.33,22.33,False,False,Mitchell Trubisky,TEN,passingYards,BACKUP,Ourlads depth chart,214.0,214.0,,0.0,17.0,,,1.0,False,4.0,1.0,0.5,0.5,0.0,8.5,0.4997
00-0027973,Andy Dalton,QB,CAR,2026.0,38.843351,3.0,12.0,0.0,4.0,BACKUP,2.0,False,379.1,1846.941505,2229.031569,2000.005697,2000.005697,2000.005697,PHI,QB,True,QB,PHI,DEVELOPMENTAL,BACKUP,3,True,Ourlads depth chart,CAR,PHI,True,00-0039150,4040715,Jalen Hurts,False,7.0740617735,1.0,30.2941176471,29.2352941176,-3.4951456311,0.9951067961,False,True,MEDIUM,,Head coach retained; offensive coordinator changed.,1.0722729502,1.0180682375,WAS,1.1443625386,1.0360906346,1.0130866221,5.81,112.0766668,5.81,5.81,4.0,73.25,170.316667,0.6,0.4,False,17.0,98.77,98.77,98.77,False,5.81,5.81,False,False,Andy Dalton,PHI,passingYards,DEVELOPMENTAL,Ourlads depth chart,94.0,94.0,,0.0,17.0,,,1.0,False,1.0,0.25,0.5,0.125,0.0,2.12,0.1295
4241820,Sam Ehlinger,QB,,,,,,,,,,,,,,,,,DEN,,,QB,DEN,DEVELOPMENTAL,UNCERTAIN,3,True,Ourlads depth chart,,DEN,False,,4426338,Bo Nix,False,0.0,1.0,,36.0,0.0,1.0,False,True,MEDIUM,,Head coach retained; offensive coordinator changed.,0.9679501833,0.9919875458,KC,0.912924313,0.9782310782,0.9919875458,5.81,5.81,5.81,5.81,0.0,5.81,5.81,0.35,0.4,False,17.0,98.77,98.77,98.77,False,5.81,5.81,False,False,Sam Ehlinger,DEN,passingYards,DEVELOPMENTAL,Ourlads depth chart,91.0,91.0,,0.0,17.0,,,1.0,False,3.0,0.75,1.0,0.75,0.0,12.75,0.7337
4431465,Behren Morton,QB,,,,,,,,,,,,,,,,,NE,,,QB,NE,DEVELOPMENTAL,UNCERTAIN,3,True,Ourlads depth chart,,NE,False,,4431452,Drake Maye,False,0.0,1.0,,29.5294117647,0.0,1.0,False,False,HIGH,,Offensive leadership retained.,0.9529809289,0.9882452322,SEA,0.947482962,0.9868707405,0.9882452322,5.81,5.81,5.81,5.81,0.0,5.81,5.81,0.35,0.04,False,17.0,98.77,98.77,98.77,False,5.81,5.81,False,False,Behren Morton,NE,passingYards,DEVELOPMENTAL,Ourlads depth chart,88.0,88.0,,0.0,17.0,,,1.0,False,,,,,,,
00-0033662,Cooper Rush,QB,BAL,2026.0,32.778887,3.0,23.0,1.0,4.0,BACKUP,3.0,False,76.5,1524.180128,1725.026941,1725.026941,1725.026941,1725.026941,ATL,QB,True,QB,ATL,DEVELOPMENTAL,BACKUP,3,True,Ourlads depth chart,BAL,ATL,True,00-0034796,4360423,Michael Penix Jr.,False,12.3141972194,1.0,24.7647058824,32.0588235294,29.4536817102,1.0412351544,True,True,LOW,,New head coach and offensive staff.,1.0073445792,1.0018361448,PIT,1.1616418631,1.04,1.0431470129,5.81,88.2833332,5.81,5.81,4.0,75.75,107.083333,0.6,0.4,False,17.0,98.77,98.77,98.77,False,5.81,5.81,False,False,Cooper Rush,ATL,passingYards,DEVELOPMENTAL,Ourlads depth chart,86.0,86.0,,0.0,17.0,,,1.0,False,0.0,0.0,0.5,0.0,0.0,0.0,0.0
4429955,Will Howard,QB,,,,,,,,,,,,,,,,,PIT,,,QB,PIT,DEVELOPMENTAL,UNCERTAIN,3,True,Ourlads depth chart,,PIT,False,,8439,Aaron Rodgers,False,0.0,1.0,,32.3529411765,0.0,1.0,True,True,LOW,,New head coach and offensive staff.,1.0054811226,1.0013702807,ATL,0.9878013859,0.9969503465,1.0013702807,5.81,5.81,5.81,5.81,0.0,5.81,5.81,0.35,0.4,False,17.0,98.77,98.77,98.77,False,5.81,5.81,False,False,Will Howard,PIT,passingYards,DEVELOPMENTAL,Ourlads depth chart,85.0,85.0,,0.0,17.0,,,1.0,False,,,,,,,
00-0040673,Jalen Milroe,QB,SEA,2026.0,23.719152,1.0,3.0,0.0,3.0,BACKUP,3.0,False,76.5,0.0,1853.061594,1853.061594,1853.061594,1853.061594,SEA,QB,True,QB,SEA,DEVELOPMENTAL,BACKUP,3,True,Ourlads depth chart,SEA,SEA,False,00-0034869,3912547,Sam Darnold,False,0.0,1.0,26.6666666667,26.6666666667,0.0,1.0,False,True,MEDIUM,,Head coach retained; offensive coordinator changed.,1.0153374218,1.0038343555,NE,0.9186840878,0.979671022,1.0038343555,5.81,3.7765,5.81,5.81,3.0,0.0,5.81,0.35,0.4,False,17.0,98.77,98.77,98.77,False,5.81,5.81,False,False,Jalen Milroe,SEA,passingYards,DEVELOPMENTAL,Ourlads depth chart,83.0,83.0,,0.0,17.0,,,1.0,False,0.0,0.0,1.0,0.0,0.0,0.0,0.0
4430431,Kurtis Rourke,QB,,,,,,,,,,,,,,,,,SF,,,QB,SF,DEVELOPMENTAL,UNCERTAIN,3,True,Ourlads depth chart,,SF,False,,4361741,Brock Purdy,False,0.0,1.0,,33.7058823529,0.0,1.0,False,False,HIGH,,Offensive leadership retained.,0.9922213201,0.99805533,LAR,1.0367594721,1.009189868,0.99805533,5.81,5.81,5.81,5.81,0.0,5.81,5.81,0.35,0.04,False,17.0,98.77,98.77,98.77,False,5.81,5.81,False,False,Kurtis Rourke,SF,passingYards,DEVELOPMENTAL,Ourlads depth chart,79.0,79.0,,0.0,17.0,,,1.0,False,,,,,,,
4685512,Jadarian Price,RB,,,,,,,,,,,,,,,,,SEA,,,RB,SEA,STARTER,UNCERTAIN,1,True,Ourlads depth chart,,SEA,False,,3912547,Sam Darnold,False,0.0,1.0,,0.122605364,0.0,1.0,False,True,MEDIUM,,Head coach retained; offensive coordinator changed.,1.0191731627,1.0047932907,NE,0.8519281548,0.9629820387,1.0047932907,88.0,88.0,88.0,88.0,0.0,88.0,88.0,0.35,0.4,False,17.0,1496.0,1496.0,1496.0,False,88.0,88.0,False,False,Jadarian Price,SEA,scrimmageYards,STARTER,Ourlads depth chart,1590.0,1590.0,,0.0,17.0,,,1.0,False,,,,,,,
5082269,Dean Connors,RB,,,,,,,,,,,,,,,,,LAR,,,RB,LAR,STARTER,UNCERTAIN,1,True,Ourlads depth chart,,LAR,False,,12483,Matthew Stafford,False,0.0,1.0,,0.1101549053,0.0,1.0,False,True,MEDIUM,,Head coach retained; offensive coordinator changed.,1.011198711,1.0027996777,SF,1.0162783275,1.0040695819,1.0027996777,88.0,88.0,88.0,88.0,0.0,88.0,88.0,0.35,0.4,False,17.0,1496.0,1496.0,1496.0,False,88.0,88.0,False,False,Dean Connors,LAR,scrimmageYards,STARTER,Ourlads depth chart,1419.0,1419.0,,0.0,17.0,,,1.0,False,,,,,,,
00-0037617,Hassan Haskins,RB,LAC,2026.0,26.766443,2.0,23.0,2.0,11.0,BACKUP,4.0,False,185.3,128.005508,122.956905,122.956905,122.956905,122.956905,NE,RB,True,RB,NE,STARTER,BACKUP,1,True,Ourlads depth chart,LAC,NE,True,00-0036355,4431452,Drake Maye,True,10.9613471425,1.0087690777,0.1282527881,0.1725571726,34.5445780228,1.0483624092,False,False,HIGH,,Offensive leadership retained.,0.9859644871,0.9964911218,SEA,0.8751414561,0.968785364,1.0538447469,88.0,6.7845451,88.0,88.0,11.0,5.454545,11.5,0.78,0.45,False,17.0,1496.0,1496.0,1496.0,False,88.0,88.0,False,False,Hassan Haskins,NE,scrimmageYards,STARTER,Ourlads depth chart,1417.0,1417.0,,0.0,17.0,,,1.0,False,0.0,0.0,1.5,0.0,0.0,0.0,0.0
4430104,Sincere McCormick,RB,,,,,,,,,,,,,,,,,SF,,,RB,SF,STARTER,UNCERTAIN,2,True,Ourlads depth chart,,SF,False,,4361741,Brock Purdy,False,0.0,1.0,,0.3123844732,0.0,1.0,False,False,HIGH,,Offensive leadership retained.,1.013765829,1.0034414572,LAR,1.0004932827,1.0001233207,1.0034414572,88.0,88.0,88.0,88.0,0.0,88.0,88.0,0.35,0.04,False,17.0,1496.0,1496.0,1496.0,False,88.0,88.0,False,False,Sincere McCormick,SF,scrimmageYards,STARTER,Ourlads depth chart,1393.0,1393.0,,0.0,17.0,,,1.0,False,0.0,0.0,1.0,0.0,0.0,0.0,0.0
00-0040719,Bhayshul Tuten,RB,JAX,2026.0,24.546,1.0,15.0,1.0,15.0,ROTATIONAL,2.0,False,635.8,437.466667,423.219048,423.219048,423.219048,423.219048,JAX,RB,True,RB,JAX,STARTER,ROTATIONAL,1,True,Ourlads depth chart,JAX,JAX,False,00-0036971,4360310,Trevor Lawrence,True,0.0,1.0,0.1415607985,0.1415607985,0.0,1.0,False,False,HIGH,,Offensive leadership retained.,0.9817041635,0.9954260409,CLE,0.9967791545,0.9991947886,0.9954260409,88.0,31.9599997,88.0,88.0,15.0,25.733333,88.0,0.9,0.04,False,17.0,1496.0,1496.0,1496.0,False,88.0,88.0,False,False,Bhayshul Tuten,JAX,scrimmageYards,STARTER,Ourlads depth chart,1392.0,1392.0,,0.0,17.0,,,1.0,False,7.0,0.4667,1.5,0.7,0.0,11.9,0.6994
4713118,J'Mari Taylor,RB,,,,,,,,,,,,,,,,,JAX,,,RB,JAX,STARTER,UNCERTAIN,2,True,Ourlads depth chart,,JAX,False,,4360310,Trevor Lawrence,False,0.0,1.0,,0.1415607985,0.0,1.0,False,False,HIGH,,Offensive leadership retained.,0.9817041635,0.9954260409,CLE,0.9967791545,0.9991947886,0.9954260409,88.0,88.0,88.0,88.0,0.0,88.0,88.0,0.35,0.04,False,17.0,1496.0,1496.0,1496.0,False,88.0,88.0,False,False,J'Mari Taylor,JAX,scrimmageYards,STARTER,Ourlads depth chart,1392.0,1392.0,,0.0,17.0,,,1.0,False,,,,,,,
00-0036727,Adam Prentice,RB,DEN,2026.0,29.624818,3.0,28.0,2.0,13.0,BACKUP,5.0,False,185.3,75.94169,79.854144,79.854144,79.854144,79.854144,DEN,RB,True,RB,DEN,STARTER,BACKUP,1,True,Ourlads depth chart,DEN,DEN,False,00-0039732,4426338,Bo Nix,True,0.0,1.0,0.1989795918,0.1989795918,0.0,1.0,False,True,MEDIUM,,Head coach retained; offensive coordinator changed.,0.9786454697,0.9946613674,KC,0.8825697124,0.9706424281,0.9946613674,88.0,6.8553842,88.0,88.0,13.0,7.461538,1.4,0.9,0.4,False,17.0,1496.0,1496.0,1496.0,False,88.0,88.0,False,False,Adam Prentice,DEN,scrimmageYards,STARTER,Ourlads depth chart,1353.0,1353.0,,0.0,17.0,,,1.0,False,0.0,0.0,1.5,0.0,0.0,0.0,0.0
4429805,Frank Gore Jr.,RB,,,,,,,,,,,,,,,,,BUF,,,RB,BUF,STARTER,UNCERTAIN,1,True,Ourlads depth chart,,BUF,False,,4039034,Shane Buechele,False,0.0,1.0,,0.1746031746,0.0,1.0,True,True,MEDIUM,,Head-coach change with some offensive-system continuity.,0.9707802571,0.9926950643,HOU,0.8315004498,0.96,0.9926950643,88.0,88.0,88.0,88.0,0.0,88.0,88.0,0.35,0.4,False,17.0,1496.0,1496.0,1496.0,False,88.0,88.0,False,False,Frank Gore Jr.,BUF,scrimmageYards,STARTER,Ourlads depth chart,1338.0,1338.0,,0.0,17.0,,,1.0,False,2.0,0.1333,1.0,0.1333,0.0,2.27,0.128
00-0039405,Jawhar Jordan,RB,HOU,2026.0,27.040234,1.0,4.0,0.0,4.0,ROTATIONAL,3.0,False,635.8,964.75,484.736111,484.736111,484.736111,484.736111,HOU,RB,True,RB,HOU,STARTER,ROTATIONAL,2,True,Ourlads depth chart,HOU,HOU,False,00-0039163,4432577,C.J. Stroud,True,0.0,1.0,0.1381818182,0.1381818182,0.0,1.0,False,False,HIGH,,Offensive leadership retained.,0.9962329591,0.9990582398,BUF,1.0469198851,1.0117299713,0.9990582398,88.0,69.25,88.0,88.0,4.0,56.75,88.0,0.6,0.04,False,17.0,1496.0,1496.0,1496.0,False,88.0,88.0,False,False,Jawhar Jordan,HOU,scrimmageYards,STARTER,Ourlads depth chart,1337.0,1337.0,,0.0,17.0,,,1.0,False,0.0,0.0,1.5,0.0,0.0,0.0,0.0
4685489,Jaydn Ott,RB,,,,,,,,,,,,,,,,,KC,,,RB,KC,STARTER,UNCERTAIN,1,True,Ourlads depth chart,,KC,False,,3139477,Patrick Mahomes,False,0.0,1.0,,0.1639344262,0.0,1.0,False,True,MEDIUM,,Head coach retained; offensive coordinator changed.,0.9795740018,0.9948935004,DEN,0.7367901808,0.96,0.9948935004,88.0,88.0,88.0,88.0,0.0,88.0,88.0,0.35,0.4,False,17.0,1496.0,1496.0,1496.0,False,88.0,88.0,False,False,Jaydn Ott,KC,scrimmageYards,STARTER,Ourlads depth chart,1329.0,1329.0,,0.0,17.0,,,1.0,False,,,,,,,
00-0037120,Tyler Goodson,RB,IND,2026.0,25.808175,3.0,30.0,2.0,10.0,BACKUP,4.0,False,185.3,153.941877,149.395418,149.395418,149.395418,149.395418,ATL,RB,True,RB,ATL,STARTER,BACKUP,2,True,Ourlads depth chart,IND,ATL,True,00-0035710,4360423,Michael Penix Jr.,True,-7.6785269119,0.9938571785,0.150390625,0.2361111111,56.9985569986,1.06,True,True,LOW,,New head coach and offensive staff.,1.0264648703,1.0066162176,PIT,1.0088500711,1.0022125178,1.060458719,88.0,6.23469056,88.0,88.0,10.0,3.2,16.994048,0.78,0.4,False,17.0,1496.0,1496.0,1496.0,False,88.0,88.0,False,False,Tyler Goodson,ATL,scrimmageYards,STARTER,Ourlads depth chart,1324.0,1324.0,,0.0,17.0,,,1.0,False,0.0,0.0,1.5,0.0,0.0,0.0,0.0
00-0037258,Dameon Pierce,RB,KC,2026.0,26.533721,3.0,29.0,2.0,5.0,BACKUP,4.0,False,185.3,310.152018,279.208094,279.208094,279.208094,279.208094,PHI,RB,True,RB,PHI,STARTER,BACKUP,1,True,Ourlads depth chart,KC,PHI,True,00-0033873,4040715,Jalen Hurts,True,-21.3548927557,0.9829160858,0.1639344262,0.15,-8.5,0.9881,False,True,MEDIUM,,Head coach retained; offensive coordinator changed.,1.0293050859,1.0073262715,WAS,1.1750573078,1.04,0.9783348013,88.0,17.16,88.0,88.0,5.0,7.2,32.1,0.6,0.4,False,17.0,1496.0,1496.0,1496.0,False,88.0,88.0,False,False,Dameon Pierce,PHI,scrimmageYards,STARTER,Ourlads depth chart,1323.0,1323.0,,0.0,17.0,,,1.0,False,0.0,0.0,1.5,0.0,0.0,0.0,0.0
4243315,Salvon Ahmed,RB,,,,,,,,,,,,,,,,,CHI,,,RB,CHI,STARTER,UNCERTAIN,2,True,Ourlads depth chart,,CHI,False,,4431611,Caleb Williams,False,0.0,1.0,,0.1490566038,0.0,1.0,False,True,MEDIUM,,Head coach retained; offensive coordinator changed.,0.9885589148,0.9971397287,CAR,1.0654905261,1.0163726315,0.9971397287,88.0,88.0,88.0,88.0,0.0,88.0,88.0,0.35,0.4,False,17.0,1496.0,1496.0,1496.0,False,88.0,88.0,False,False,Salvon Ahmed,CHI,scrimmageYards,STARTER,Ourlads depth chart,1312.0,1312.0,,0.0,17.0,,,1.0,False,2.0,0.2857,1.0,0.2857,0.0,4.86,0.2904
4710341,Jarquez Hunter,RB,,,,,,,,,,,,,,,,,MIA,,,RB,MIA,STARTER,UNCERTAIN,2,True,Ourlads depth chart,,MIA,False,,4242512,Malik Willis,False,0.0,1.0,,0.2472885033,0.0,1.0,True,True,LOW,,New head coach and offensive staff.,0.9811033487,0.9952758372,LV,1.0014218147,1.0003554537,0.9952758372,88.0,88.0,88.0,88.0,0.0,88.0,88.0,0.35,0.4,False,17.0,1496.0,1496.0,1496.0,False,88.0,88.0,False,False,Jarquez Hunter,MIA,scrimmageYards,STARTER,Ourlads depth chart,1309.0,1309.0,,0.0,17.0,,,1.0,False,,,,,,,
00-0038397,Evan Hull,RB,NO,2026.0,25.849244,2.0,7.0,0.0,6.0,BACKUP,5.0,False,185.3,137.133333,130.202564,132.806615,132.806615,132.806615,ARI,RB,True,RB,ARI,STARTER,BACKUP,1,True,Ourlads depth chart,NO,ARI,True,00-0040743,2578570,Jacoby Brissett,True,10.9360015802,1.0087488013,0.1624472574,0.1996779388,22.9186272665,1.0320860782,True,True,LOW,,New head coach and offensive staff.,0.9882585074,0.9970646269,LAC,0.8700345298,0.9675086324,1.0380595314,88.0,8.2,88.0,88.0,6.0,9.0,7.0,0.6,0.4,False,17.0,1496.0,1496.0,1496.0,False,88.0,88.0,False,False,Evan Hull,ARI,scrimmageYards,STARTER,Ourlads depth chart,1305.0,1305.0,,0.0,17.0,,,1.0,False,0.0,0.0,1.5,0.0,0.0,0.0,0.0
4870808,Jeremiyah Love,RB,,,,,,,,,,,,,,,,,ARI,,,RB,ARI,STARTER,UNCERTAIN,2,True,Ourlads depth chart,,ARI,False,,2578570,Jacoby Brissett,False,0.0,1.0,,0.1996779388,0.0,1.0,True,True,LOW,,New head coach and offensive staff.,0.9882585074,0.9970646269,LAC,0.8700345298,0.9675086324,0.9970646269,88.0,88.0,88.0,88.0,0.0,88.0,88.0,0.35,0.4,False,17.0,1496.0,1496.0,1496.0,False,88.0,88.0,False,False,Jeremiyah Love,ARI,scrimmageYards,STARTER,Ourlads depth chart,1305.0,1305.0,,0.0,17.0,,,1.0,False,,,,,,,
00-0035594,Travis Homer,RB,CHI,2026.0,28.069687,3.0,23.0,2.0,8.0,BACKUP,5.0,False,185.3,10.905635,34.352926,31.585541,31.585541,31.585541,PIT,RB,True,RB,PIT,STARTER,BACKUP,2,True,Ourlads depth chart,CHI,PIT,True,00-0039918,8439,Aaron Rodgers,True,-10.4610603982,0.9916311517,0.1490566038,0.2490842491,67.1071544489,1.06,True,True,LOW,,New head coach and offensive staff.,0.9857186992,0.9964296748,ATL,1.0283492441,1.007087311,1.0473761483,88.0,0.41275,88.0,88.0,8.0,-0.25,2.7625,0.78,0.4,False,17.0,1496.0,1496.0,1496.0,False,88.0,88.0,False,False,Travis Homer,PIT,scrimmageYards,STARTER,Ourlads depth chart,1304.0,1304.0,,0.0,17.0,,,1.0,False,0.0,0.0,1.0,0.0,0.0,0.0,0.0
4612558,Anderson Castle,RB,,,,,,,,,,,,,,,,,IND,,,RB,IND,STARTER,UNCERTAIN,1,True,Ourlads depth chart,,IND,False,,3917792,Daniel Jones,False,0.0,1.0,,0.150390625,0.0,1.0,False,False,HIGH,,Offensive leadership retained.,0.9953590466,0.9988397617,BAL,0.9926007602,0.9981501901,0.9988397617,88.0,88.0,88.0,88.0,0.0,88.0,88.0,0.35,0.04,False,17.0,1496.0,1496.0,1496.0,False,88.0,88.0,False,False,Anderson Castle,IND,scrimmageYards,STARTER,Ourlads depth chart,1301.0,1301.0,,0.0,17.0,,,1.0,False,,,,,,,
4429023,MarShawn Lloyd,RB,,,,,,,,,,,,,,,,,GB,,,RB,GB,STARTER,UNCERTAIN,1,True,Ourlads depth chart,,GB,False,,4036378,Jordan Love,False,0.0,1.0,,0.1695652174,0.0,1.0,False,False,HIGH,,Offensive leadership retained.,1.0034700472,1.0008675118,MIN,0.9842439718,0.9960609929,1.0008675118,88.0,88.0,88.0,88.0,0.0,88.0,88.0,0.35,0.04,False,17.0,1496.0,1496.0,1496.0,False,88.0,88.0,False,False,MarShawn Lloyd,GB,scrimmageYards,STARTER,Ourlads depth chart,1296.0,1296.0,,0.0,17.0,,,1.0,False,0.0,0.0,1.0,0.0,0.0,0.0,0.0
4249836,Pierre Strong Jr.,RB,,,,,,,,,,,,,,,,,GB,,,RB,GB,STARTER,UNCERTAIN,2,True,Ourlads depth chart,,GB,False,,4036378,Jordan Love,False,0.0,1.0,,0.1695652174,0.0,1.0,False,False,HIGH,,Offensive leadership retained.,1.0034700472,1.0008675118,MIN,0.9842439718,0.9960609929,1.0008675118,88.0,88.0,88.0,88.0,0.0,88.0,88.0,0.35,0.04,False,17.0,1496.0,1496.0,1496.0,False,88.0,88.0,False,False,Pierre Strong Jr.,GB,scrimmageYards,STARTER,Ourlads depth chart,1296.0,1296.0,,0.0,17.0,,,1.0,False,0.0,0.0,1.0,0.0,0.0,0.0,0.0
4039274,Jonathan Ward,RB,,,,,,,,,,,,,,,,,BAL,,,RB,BAL,STARTER,UNCERTAIN,2,True,Ourlads depth chart,,BAL,False,,3916387,Lamar Jackson,False,0.0,1.0,,0.1802469136,0.0,1.0,True,True,LOW,,New head coach and offensive staff.,1.0089320004,1.0022330001,IND,0.8793198503,0.9698299626,1.0022330001,88.0,88.0,88.0,88.0,0.0,88.0,88.0,0.35,0.4,False,17.0,1496.0,1496.0,1496.0,False,88.0,88.0,False,False,Jonathan Ward,BAL,scrimmageYards,STARTER,Ourlads depth chart,1294.0,1294.0,,0.0,17.0,,,1.0,False,0.0,0.0,1.0,0.0,0.0,0.0,0.0
00-0040429,Josh Williams,RB,TB,2026.0,26.229813,1.0,2.0,0.0,2.0,BACKUP,4.0,False,185.3,93.5,99.166667,99.166667,99.166667,99.166667,TB,RB,True,RB,TB,STARTER,BACKUP,2,True,Ourlads depth chart,TB,TB,False,00-0034855,3052587,Baker Mayfield,True,0.0,1.0,0.1685185185,0.1685185185,0.0,1.0,False,True,MEDIUM,,Head coach retained; offensive coordinator changed.,1.0207844389,1.0051961097,CIN,1.2827670255,1.04,1.0051961097,88.0,59.125,88.0,88.0,2.0,5.5,88.0,0.35,0.4,False,17.0,1496.0,1496.0,1496.0,False,88.0,88.0,False,False,Josh Williams,TB,scrimmageYards,STARTER,Ourlads depth chart,1283.0,1283.0,,0.0,17.0,,,1.0,False,0.0,0.0,1.5,0.0,0.0,0.0,0.0
4429202,Israel Abanikanda,RB,,,,,,,,,,,,,,,,,DAL,,,RB,DAL,STARTER,UNCERTAIN,1,True,Ourlads depth chart,,DAL,False,,4360698,Joe Milton III,False,0.0,1.0,,0.1350906096,0.0,1.0,False,True,MEDIUM,,Head coach retained; offensive coordinator changed.,1.0196647385,1.0049161846,NYG,1.1625221252,1.04,1.0049161846,88.0,88.0,88.0,88.0,0.0,88.0,88.0,0.35,0.4,False,17.0,1496.0,1496.0,1496.0,False,88.0,88.0,False,False,Israel Abanikanda,DAL,scrimmageYards,STARTER,Ourlads depth chart,1278.0,1278.0,,0.0,17.0,,,1.0,False,0.0,0.0,1.0,0.0,0.0,0.0,0.0
4709392,Anthony Tyus III,RB,,,,,,,,,,,,,,,,,CAR,,,RB,CAR,STARTER,UNCERTAIN,1,True,Ourlads depth chart,,CAR,False,,4685720,Bryce Young,False,0.0,1.0,,0.1916666667,0.0,1.0,False,False,HIGH,,Offensive leadership retained.,0.9983904307,0.9995976077,CHI,1.0408844268,1.0102211067,0.9995976077,88.0,88.0,88.0,88.0,0.0,88.0,88.0,0.35,0.04,False,17.0,1496.0,1496.0,1496.0,False,88.0,88.0,False,False,Anthony Tyus III,CAR,scrimmageYards,STARTER,Ourlads depth chart,1270.0,1270.0,,0.0,17.0,,,1.0,False,,,,,,,
00-0039266,Kendall Milton,RB,CIN,2026.0,24.556952,1.0,1.0,0.0,1.0,BACKUP,4.0,False,185.3,34.0,117.920635,117.920635,117.920635,117.920635,CIN,RB,True,RB,CIN,STARTER,BACKUP,2,True,Ourlads depth chart,CIN,CIN,False,00-0026158,4259592,Sean Clifford,True,0.0,1.0,0.1828665568,0.1828665568,0.0,1.0,False,False,HIGH,,Offensive leadership retained.,0.9856094601,0.996402365,TB,1.0213852538,1.0053463134,0.996402365,88.0,57.9,88.0,88.0,1.0,2.0,88.0,0.35,0.04,False,17.0,1496.0,1496.0,1496.0,False,88.0,88.0,False,False,Kendall Milton,CIN,scrimmageYards,STARTER,Ourlads depth chart,1267.0,1267.0,,0.0,17.0,,,1.0,False,0.0,0.0,1.5,0.0,0.0,0.0,0.0
5081999,CJ Donaldson,RB,,,,,,,,,,,,,,,,,NO,,,RB,NO,STARTER,UNCERTAIN,1,True,Ourlads depth chart,,NO,False,,4360689,Tyler Shough,False,0.0,1.0,,0.1624472574,0.0,1.0,False,False,HIGH,,Offensive leadership retained.,1.045882114,1.0114705285,DET,0.8974262252,0.9743565563,1.0114705285,88.0,88.0,88.0,88.0,0.0,88.0,88.0,0.35,0.04,False,17.0,1496.0,1496.0,1496.0,False,88.0,88.0,False,False,CJ Donaldson,NO,scrimmageYards,STARTER,Ourlads depth chart,1266.0,1266.0,,0.0,17.0,,,1.0,False,,,,,,,
5151317,Robert Henry Jr.,RB,,,,,,,,,,,,,,,,,WAS,,,RB,WAS,STARTER,UNCERTAIN,2,True,Ourlads depth chart,,WAS,False,,4361994,Sam Hartman,False,0.0,1.0,,0.1273148148,0.0,1.0,False,True,MEDIUM,,Head coach retained; offensive coordinator changed.,1.0262463921,1.006561598,PHI,1.0589908017,1.0147477004,1.006561598,88.0,88.0,88.0,88.0,0.0,88.0,88.0,0.35,0.4,False,17.0,1496.0,1496.0,1496.0,False,88.0,88.0,False,False,Robert Henry Jr.,WAS,scrimmageYards,STARTER,Ourlads depth chart,1251.0,1251.0,,0.0,17.0,,,1.0,False,,,,,,,
00-0040715,Cam Skattebo,RB,NYG,2026.0,24.570641,1.0,8.0,1.0,8.0,ROTATIONAL,3.0,False,635.8,1311.125,669.27381,669.27381,669.27381,669.27381,NYG,RB,True,RB,NYG,STARTER,ROTATIONAL,1,True,Ourlads depth chart,NYG,NYG,False,00-0040691,4689114,Jaxson Dart,True,0.0,1.0,0.1956521739,0.1956521739,0.0,1.0,True,True,LOW,,New head coach and offensive staff.,1.0039343132,1.0009835783,DAL,1.0928822215,1.0232205554,1.0009835783,88.0,79.5175,88.0,88.0,8.0,77.125,88.0,0.78,0.4,False,17.0,1496.0,1496.0,1496.0,False,88.0,88.0,False,False,Cam Skattebo,NYG,scrimmageYards,STARTER,Ourlads depth chart,1247.0,1247.0,,0.0,17.0,,,1.0,False,7.0,0.875,1.141,0.9984,0.0,16.97,1.0216
5393270,Grant Finley,RB,,,,,,,,,,,,,,,,,NYG,,,RB,NYG,STARTER,UNCERTAIN,2,True,Ourlads depth chart,,NYG,False,,4689114,Jaxson Dart,False,0.0,1.0,,0.1956521739,0.0,1.0,True,True,LOW,,New head coach and offensive staff.,1.0039343132,1.0009835783,DAL,1.0928822215,1.0232205554,1.0009835783,88.0,88.0,88.0,88.0,0.0,88.0,88.0,0.35,0.4,False,17.0,1496.0,1496.0,1496.0,False,88.0,88.0,False,False,Grant Finley,NYG,scrimmageYards,STARTER,Ourlads depth chart,1247.0,1247.0,,0.0,17.0,,,1.0,False,,,,,,,
00-0033854,Dare Ogunbowale,RB,HOU,2026.0,32.32987,3.0,39.0,3.0,14.0,BACKUP,4.0,False,185.3,170.187213,156.223269,144.502016,144.502016,144.502016,LV,RB,True,RB,LV,STARTER,BACKUP,2,True,Ourlads depth chart,HOU,LV,True,00-0039163,14880,Kirk Cousins,True,-20.7694838267,0.9833844129,0.1381818182,0.2043010753,47.8494623656,1.06,True,True,LOW,,New head coach and offensive staff.,0.9501067641,0.987526691,MIA,1.1360589618,1.0340147404,1.0293854566,88.0,7.9583435,88.0,88.0,14.0,7.214286,14.654861,0.9,0.4,False,17.0,1496.0,1496.0,1496.0,False,88.0,88.0,False,False,Dare Ogunbowale,LV,scrimmageYards,STARTER,Ourlads depth chart,1216.0,1216.0,,0.0,17.0,,,1.0,False,1.0,0.0714,1.5,0.1071,0.0,1.82,0.1108
00-0039299,George Holani,RB,SEA,2026.0,26.711685,2.0,13.0,1.0,10.0,ROTATIONAL,3.0,False,635.8,98.694444,190.285673,194.091386,194.091386,194.091386,SEA,RB,True,RB,SEA,ROTATIONAL,ROTATIONAL,2,True,Ourlads depth chart,SEA,SEA,False,00-0034869,3912547,Sam Darnold,True,0.0,1.0,0.122605364,0.122605364,0.0,1.0,False,True,MEDIUM,,Head coach retained; offensive coordinator changed.,1.0191731627,1.0047932907,NE,0.8519281548,0.9629820387,1.0047932907,37.4,7.524,37.4,37.4,10.0,8.8,3.0,0.78,0.4,False,17.0,635.8,635.8,635.8,False,37.4,37.4,False,False,George Holani,SEA,scrimmageYards,ROTATIONAL,Ourlads depth chart,606.0,606.0,,0.0,17.0,,,1.0,False,1.0,0.1,1.5,0.15,0.0,2.55,0.1444
00-0040067,Jacardia Wright,RB,SEA,2026.0,25.931381,1.0,1.0,0.0,1.0,BACKUP,5.0,False,185.3,340.0,132.492063,132.492063,132.492063,132.492063,SEA,RB,True,RB,SEA,ROTATIONAL,BACKUP,3,True,Ourlads depth chart,SEA,SEA,False,00-0034869,3912547,Sam Darnold,True,0.0,1.0,0.122605364,0.122605364,0.0,1.0,False,True,MEDIUM,,Head coach retained; offensive coordinator changed.,1.0191731627,1.0047932907,NE,0.8519281548,0.9629820387,1.0047932907,37.4,31.31,37.4,37.4,1.0,20.0,37.4,0.35,0.4,False,17.0,635.8,635.8,635.8,False,37.4,37.4,False,False,Jacardia Wright,SEA,scrimmageYards,ROTATIONAL,Ourlads depth chart,606.0,606.0,,0.0,17.0,,,1.0,False,0.0,0.0,1.5,0.0,0.0,0.0,0.0
00-0039738,Blake Corum,RB,LAR,2026.0,25.767107,2.0,32.0,2.0,17.0,CO_STARTER,2.0,False,822.8,644.389971,690.829591,732.279367,732.279367,732.279367,LAR,RB,True,RB,LAR,ROTATIONAL,CO_STARTER,3,True,Ourlads depth chart,LAR,LAR,False,00-0026498,12483,Matthew Stafford,True,0.0,1.0,0.1101549053,0.1101549053,0.0,1.0,False,True,MEDIUM,,Head coach retained; offensive coordinator changed.,1.011198711,1.0027996777,SF,1.0162783275,1.0040695819,1.0027996777,37.4,43.1666667,37.4,37.4,17.0,46.0,17.666667,0.9,0.4,False,17.0,635.8,635.8,635.8,False,37.4,37.4,False,False,Blake Corum,LAR,scrimmageYards,ROTATIONAL,Ourlads depth chart,600.0,600.0,,0.0,17.0,,,1.0,False,6.0,0.3529,0.813,0.287,0.0,4.88,0.2881
4428803,Jordan Waters,RB,,,,,,,,,,,,,,,,,LAR,,,RB,LAR,ROTATIONAL,UNCERTAIN,4,True,Ourlads depth chart,,LAR,False,,12483,Matthew Stafford,False,0.0,1.0,,0.1101549053,0.0,1.0,False,True,MEDIUM,,Head coach retained; offensive coordinator changed.,1.011198711,1.0027996777,SF,1.0162783275,1.0040695819,1.0027996777,37.4,37.4,37.4,37.4,0.0,37.4,37.4,0.35,0.4,False,17.0,635.8,635.8,635.8,False,37.4,37.4,False,False,Jordan Waters,LAR,scrimmageYards,ROTATIONAL,Ourlads depth chart,600.0,600.0,,0.0,17.0,,,1.0,False,,,,,,,
4698253,Lan Larison,RB,,,,,,,,,,,,,,,,,NE,,,RB,NE,ROTATIONAL,UNCERTAIN,3,True,Ourlads depth chart,,NE,False,,4431452,Drake Maye,False,0.0,1.0,,0.1725571726,0.0,1.0,False,False,HIGH,,Offensive leadership retained.,0.9859644871,0.9964911218,SEA,0.8751414561,0.968785364,0.9964911218,37.4,37.4,37.4,37.4,0.0,37.4,37.4,0.35,0.04,False,17.0,635.8,635.8,635.8,False,37.4,37.4,False,False,Lan Larison,NE,scrimmageYards,ROTATIONAL,Ourlads depth chart,598.0,598.0,,0.0,17.0,,,1.0,False,,,,,,,
00-0038611,Chris Rodriguez Jr.,RB,WAS,2026.0,26.933455,3.0,28.0,2.0,12.0,CO_STARTER,2.0,False,822.8,580.117432,627.081267,639.622893,639.622893,639.622893,JAX,RB,True,RB,JAX,ROTATIONAL,CO_STARTER,3,True,Ourlads depth chart,WAS,JAX,True,00-0032268,4360310,Trevor Lawrence,True,39.0595174041,1.0312476139,0.1273148148,0.1415607985,11.1895726778,1.0156654017,False,False,HIGH,,Offensive leadership retained.,0.9817041635,0.9954260409,CLE,0.9967791545,0.9991947886,1.0426117458,37.4,42.4750797,37.4,37.4,12.0,44.166667,27.250794,0.9,0.45,False,17.0,635.8,635.8,635.8,False,37.4,37.4,False,False,Chris Rodriguez Jr.,JAX,scrimmageYards,ROTATIONAL,Ourlads depth chart,591.0,591.0,,0.0,17.0,,,1.0,False,6.0,0.5,0.8468,0.4234,0.0,7.2,0.4231
4685397,Jordan James,RB,,,,,,,,,,,,,,,,,SF,,,RB,SF,ROTATIONAL,UNCERTAIN,3,True,Ourlads depth chart,,SF,False,,4361741,Brock Purdy,False,0.0,1.0,,0.3123844732,0.0,1.0,False,False,HIGH,,Offensive leadership retained.,1.013765829,1.0034414572,LAR,1.0004932827,1.0001233207,1.0034414572,37.4,37.4,37.4,37.4,0.0,37.4,37.4,0.35,0.04,False,17.0,635.8,635.8,635.8,False,37.4,37.4,False,False,Jordan James,SF,scrimmageYards,ROTATIONAL,Ourlads depth chart,589.0,589.0,,0.0,17.0,,,1.0,False,,,,,,,
00-0040734,TreVeyon Henderson,RB,NE,2026.0,23.861524,1.0,17.0,1.0,17.0,STARTER,1.0,False,1496.0,1132.0,1288.554054,1288.554054,1288.554054,1288.554054,NE,RB,True,RB,NE,ROTATIONAL,STARTER,4,True,Ourlads depth chart,NE,NE,False,00-0039851,4431452,Drake Maye,True,0.0,1.0,0.1725571726,0.1725571726,0.0,1.0,False,False,HIGH,,Offensive leadership retained.,0.9859644871,0.9964911218,SEA,0.8751414561,0.968785364,0.9964911218,37.4,63.6694115,37.4,37.4,17.0,66.588235,37.4,0.9,0.04,False,17.0,635.8,635.8,635.8,False,37.4,37.4,False,False,TreVeyon Henderson,NE,scrimmageYards,ROTATIONAL,Ourlads depth chart,588.0,588.0,,0.0,16.7,,,1.0,False,10.0,0.5882,0.5617,0.3304,0.0,5.52,0.3201
4391845,Cody Schrader,RB,,,,,,,,,,,,,,,,,DEN,,,RB,DEN,ROTATIONAL,UNCERTAIN,3,True,Ourlads depth chart,,DEN,False,,4426338,Bo Nix,False,0.0,1.0,,0.1989795918,0.0,1.0,False,True,MEDIUM,,Head coach retained; offensive coordinator changed.,0.9786454697,0.9946613674,KC,0.8825697124,0.9706424281,0.9946613674,37.4,37.4,37.4,37.4,0.0,37.4,37.4,0.35,0.4,False,17.0,635.8,635.8,635.8,False,37.4,37.4,False,False,Cody Schrader,DEN,scrimmageYards,ROTATIONAL,Ourlads depth chart,575.0,575.0,,0.0,17.0,,,1.0,False,0.0,0.0,1.0,0.0,0.0,0.0,0.0
00-0040730,RJ Harvey,RB,DEN,2026.0,25.572715,1.0,17.0,1.0,17.0,STARTER,1.0,False,1496.0,896.0,1180.121622,1180.121622,1180.121622,1180.121622,DEN,RB,True,RB,DEN,ROTATIONAL,STARTER,4,True,Ourlads depth chart,DEN,DEN,False,00-0039732,4426338,Bo Nix,True,0.0,1.0,0.1989795918,0.1989795918,0.0,1.0,False,True,MEDIUM,,Head coach retained; offensive coordinator changed.,0.9786454697,0.9946613674,KC,0.8825697124,0.9706424281,0.9946613674,37.4,51.1752938,37.4,37.4,17.0,52.705882,37.4,0.9,0.4,False,17.0,635.8,635.8,635.8,False,37.4,37.4,False,False,RJ Harvey,DEN,scrimmageYards,ROTATIONAL,Ourlads depth chart,575.0,575.0,,0.0,17.0,,,1.0,False,12.0,0.7059,0.7096,0.5009,0.0,8.52,0.4862
4432631,Noah Whittington,RB,,,,,,,,,,,,,,,,,HOU,,,RB,HOU,ROTATIONAL,UNCERTAIN,3,True,Ourlads depth chart,,HOU,False,,4432577,C.J. Stroud,False,0.0,1.0,,0.1381818182,0.0,1.0,False,False,HIGH,,Offensive leadership retained.,0.9962329591,0.9990582398,BUF,1.0469198851,1.0117299713,0.9990582398,37.4,37.4,37.4,37.4,0.0,37.4,37.4,0.35,0.04,False,17.0,635.8,635.8,635.8,False,37.4,37.4,False,False,Noah Whittington,HOU,scrimmageYards,ROTATIONAL,Ourlads depth chart,568.0,568.0,,0.0,17.0,,,1.0,False,,,,,,,
00-0035537,Ty Johnson,RB,BUF,2026.0,28.956768,3.0,43.0,3.0,17.0,ROTATIONAL,2.0,False,635.8,460.09495,455.229156,455.229156,455.229156,455.229156,BUF,RB,True,RB,BUF,ROTATIONAL,ROTATIONAL,3,True,Ourlads depth chart,BUF,BUF,False,00-0034857,4039034,Shane Buechele,True,-61.6139585605,0.9507088332,0.1746031746,0.1746031746,0.0,1.0,True,True,MEDIUM,,Head-coach change with some offensive-system continuity.,0.9707802571,0.9926950643,HOU,0.8315004498,0.96,0.9437639662,37.4,27.1665032,37.4,37.4,17.0,27.235294,26.547386,0.9,0.4,False,17.0,635.8,635.8,635.8,False,37.4,37.4,False,False,Ty Johnson,BUF,scrimmageYards,ROTATIONAL,Ourlads depth chart,568.0,568.0,,0.0,17.0,,,1.0,False,5.0,0.2941,1.3732,0.4039,0.0,6.87,0.3877
00-0040583,Woody Marks,RB,HOU,2026.0,25.674018,1.0,16.0,1.0,16.0,STARTER,1.0,False,1496.0,967.9375,1219.986111,1219.986111,1219.986111,1219.986111,HOU,RB,True,RB,HOU,ROTATIONAL,STARTER,4,True,Ourlads depth chart,HOU,HOU,False,00-0039163,4432577,C.J. Stroud,True,0.0,1.0,0.1381818182,0.1381818182,0.0,1.0,False,False,HIGH,,Offensive leadership retained.,0.9962329591,0.9990582398,BUF,1.0469198851,1.0117299713,0.9990582398,37.4,54.98375,37.4,37.4,16.0,56.9375,37.4,0.9,0.04,False,17.0,635.8,635.8,635.8,False,37.4,37.4,False,False,Woody Marks,HOU,scrimmageYards,ROTATIONAL,Ourlads depth chart,568.0,568.0,,0.0,17.0,,,1.0,False,5.0,0.3125,0.6569,0.2053,0.0,3.49,0.2077
4832955,Emmett Johnson,RB,,,,,,,,,,,,,,,,,KC,,,RB,KC,ROTATIONAL,UNCERTAIN,3,True,Ourlads depth chart,,KC,False,,3139477,Patrick Mahomes,False,0.0,1.0,,0.1639344262,0.0,1.0,False,True,MEDIUM,,Head coach retained; offensive coordinator changed.,0.9795740018,0.9948935004,DEN,0.7367901808,0.96,0.9948935004,37.4,37.4,37.4,37.4,0.0,37.4,37.4,0.35,0.4,False,17.0,635.8,635.8,635.8,False,37.4,37.4,False,False,Emmett Johnson,KC,scrimmageYards,ROTATIONAL,Ourlads depth chart,565.0,565.0,,0.0,17.0,,,1.0,False,,,,,,,
00-0037746,Brian Robinson Jr.,RB,SF,2026.0,27.448182,3.0,46.0,3.0,17.0,ROTATIONAL,2.0,False,635.8,687.045815,633.775729,583.073671,583.073671,583.073671,ATL,RB,True,RB,ATL,ROTATIONAL,ROTATIONAL,3,True,Ourlads depth chart,SF,ATL,True,00-0036972,4360423,Michael Penix Jr.,True,12.6194531087,1.0100955625,0.3123844732,0.2361111111,-24.4165023011,0.9658168968,True,True,LOW,,New head coach and offensive staff.,1.0264648703,1.0066162176,PIT,1.0088500711,1.0022125178,0.9820219275,37.4,29.5168571,37.4,37.4,17.0,25.0,70.168571,0.9,0.4,False,17.0,635.8,635.8,635.8,False,37.4,37.4,False,False,Brian Robinson Jr.,ATL,scrimmageYards,ROTATIONAL,Ourlads depth chart,563.0,563.0,,0.0,17.0,,,1.0,False,2.0,0.1176,1.496,0.176,0.0,2.99,0.1764
4714365,Carson Steele,RB,,,,,,,,,,,,,,,,,PHI,,,RB,PHI,ROTATIONAL,UNCERTAIN,3,True,Ourlads depth chart,,PHI,False,,4040715,Jalen Hurts,False,0.0,1.0,,0.15,0.0,1.0,False,True,MEDIUM,,Head coach retained; offensive coordinator changed.,1.0293050859,1.0073262715,WAS,1.1750573078,1.04,1.0073262715,37.4,37.4,37.4,37.4,0.0,37.4,37.4,0.35,0.4,False,17.0,635.8,635.8,635.8,False,37.4,37.4,False,False,Carson Steele,PHI,scrimmageYards,ROTATIONAL,Ourlads depth chart,563.0,563.0,,0.0,17.0,,,1.0,False,0.0,0.0,1.0,0.0,0.0,0.0,0.0
4881826,Cash Jones,RB,,,,,,,,,,,,,,,,,ATL,,,RB,ATL,ROTATIONAL,UNCERTAIN,4,True,Ourlads depth chart,,ATL,False,,4360423,Michael Penix Jr.,False,0.0,1.0,,0.2361111111,0.0,1.0,True,True,LOW,,New head coach and offensive staff.,1.0264648703,1.0066162176,PIT,1.0088500711,1.0022125178,1.0066162176,37.4,37.4,37.4,37.4,0.0,37.4,37.4,0.35,0.4,False,17.0,635.8,635.8,635.8,False,37.4,37.4,False,False,Cash Jones,ATL,scrimmageYards,ROTATIONAL,Ourlads depth chart,563.0,563.0,,0.0,17.0,,,1.0,False,,,,,,,
00-0038555,Tank Bigsby,RB,PHI,2026.0,24.006633,3.0,44.0,3.0,15.0,ROTATIONAL,2.0,False,635.8,525.685733,504.731585,464.353058,464.353058,464.353058,PHI,RB,True,RB,PHI,ROTATIONAL,ROTATIONAL,4,True,Ourlads depth chart,PHI,PHI,False,00-0036389,4040715,Jalen Hurts,True,0.0,1.0,0.15,0.15,0.0,1.0,False,True,MEDIUM,,Head coach retained; offensive coordinator changed.,1.0293050859,1.0073262715,WAS,1.1750573078,1.04,1.0073262715,37.4,26.9827888,37.4,37.4,15.0,25.866667,37.027885,0.9,0.4,False,17.0,635.8,635.8,635.8,False,37.4,37.4,False,False,Tank Bigsby,PHI,scrimmageYards,ROTATIONAL,Ourlads depth chart,563.0,563.0,,0.0,17.0,,,1.0,False,2.0,0.1333,1.4459,0.1928,0.0,3.28,0.2005
00-0040039,Amar Johnson,RB,LAC,2026.0,23.584995,1.0,1.0,0.0,1.0,BACKUP,6.0,False,185.3,136.0,122.777778,122.777778,122.777778,122.777778,LAC,RB,True,RB,LAC,ROTATIONAL,BACKUP,2,True,Ourlads depth chart,LAC,LAC,False,00-0036355,4038941,Justin Herbert,True,0.0,1.0,0.1282527881,0.1282527881,0.0,1.0,False,True,MEDIUM,,Head coach retained; offensive coordinator changed.,0.9607575729,0.9901893932,ARI,1.1769143719,1.04,0.9901893932,37.4,27.11,37.4,37.4,1.0,8.0,37.4,0.35,0.4,False,17.0,635.8,635.8,635.8,False,37.4,37.4,False,False,Amar Johnson,LAC,scrimmageYards,ROTATIONAL,Ourlads depth chart,558.0,558.0,,0.0,17.0,,,1.0,False,0.0,0.0,1.5,0.0,0.0,0.0,0.0
00-0038454,Keaton Mitchell,RB,BAL,2026.0,24.622662,3.0,24.0,1.0,13.0,ROTATIONAL,2.0,False,635.8,517.370793,482.424973,482.424973,482.424973,482.424973,LAC,RB,True,RB,LAC,ROTATIONAL,ROTATIONAL,3,True,Ourlads depth chart,BAL,LAC,True,00-0034796,4038941,Justin Herbert,True,18.7990388854,1.0150392311,0.1802469136,0.1282527881,-28.8460559149,0.9596155217,False,True,MEDIUM,,Head coach retained; offensive coordinator changed.,0.9607575729,0.9901893932,ARI,1.1769143719,1.04,0.9644914053,37.4,31.3567307,37.4,37.4,13.0,31.076923,33.875,0.9,0.4,False,17.0,635.8,635.8,635.8,False,37.4,37.4,False,False,Keaton Mitchell,LAC,scrimmageYards,ROTATIONAL,Ourlads depth chart,558.0,558.0,,0.0,17.0,,,1.0,False,1.0,0.0769,1.2035,0.0926,0.0,1.57,0.0963
4248425,Carlos Washington Jr.,RB,,,,,,,,,,,,,,,,,MIA,,,RB,MIA,ROTATIONAL,UNCERTAIN,3,True,Ourlads depth chart,,MIA,False,,4242512,Malik Willis,False,0.0,1.0,,0.2472885033,0.0,1.0,True,True,LOW,,New head coach and offensive staff.,0.9811033487,0.9952758372,LV,1.0014218147,1.0003554537,0.9952758372,37.4,37.4,37.4,37.4,0.0,37.4,37.4,0.35,0.4,False,17.0,635.8,635.8,635.8,False,37.4,37.4,False,False,Carlos Washington Jr.,MIA,scrimmageYards,ROTATIONAL,Ourlads depth chart,557.0,557.0,,0.0,17.0,,,1.0,False,,,,,,,
00-0038896,Jacob Saylors,RB,DET,2026.0,26.484438,1.0,11.0,1.0,11.0,BACKUP,4.0,False,185.3,17.0,70.376344,70.376344,70.376344,70.376344,DET,RB,True,RB,DET,ROTATIONAL,BACKUP,2,True,Ourlads depth chart,DET,DET,False,00-0033106,4597679,Luke Altmyer,True,0.0,1.0,0.2236363636,0.2236363636,0.0,1.0,False,True,MEDIUM,,Head coach retained; offensive coordinator changed.,1.0366241033,1.0091560258,NO,0.9967791545,0.9991947886,1.0091560258,37.4,9.008,37.4,37.4,11.0,1.0,37.4,0.78,0.4,False,17.0,635.8,635.8,635.8,False,37.4,37.4,False,False,Jacob Saylors,DET,scrimmageYards,ROTATIONAL,Ourlads depth chart,557.0,557.0,,0.0,17.0,,,1.0,False,0.0,0.0,1.5,0.0,0.0,0.0,0.0
00-0039874,Jaylen Wright,RB,MIA,2026.0,23.42072,2.0,22.0,2.0,9.0,ROTATIONAL,2.0,False,635.8,479.202296,464.91609,474.214412,474.214412,474.214412,MIA,RB,True,RB,MIA,ROTATIONAL,ROTATIONAL,4,True,Ourlads depth chart,MIA,MIA,False,00-0036212,4242512,Malik Willis,True,-44.4736842105,0.9644210526,0.2472885033,0.2472885033,0.0,1.0,True,True,LOW,,New head coach and offensive staff.,0.9811033487,0.9952758372,LV,1.0014218147,1.0003554537,0.9598649705,37.4,33.12256424,37.4,37.4,9.0,36.888889,19.769231,0.78,0.4,False,17.0,635.8,635.8,635.8,False,37.4,37.4,False,False,Jaylen Wright,MIA,scrimmageYards,ROTATIONAL,Ourlads depth chart,557.0,557.0,,0.0,17.0,,,1.0,False,2.0,0.2222,1.0139,0.2253,0.0,3.83,0.2254
00-0040236,Kyle Monangai,RB,CHI,2026.0,24.239355,1.0,17.0,1.0,17.0,CO_STARTER,2.0,False,822.8,947.0,923.283784,923.283784,923.283784,923.283784,CHI,RB,True,RB,CHI,ROTATIONAL,CO_STARTER,3,True,Ourlads depth chart,CHI,CHI,False,00-0039918,4431611,Caleb Williams,True,0.0,1.0,0.1490566038,0.1490566038,0.0,1.0,False,True,MEDIUM,,Head coach retained; offensive coordinator changed.,0.9885589148,0.9971397287,CAR,1.0654905261,1.0163726315,0.9971397287,37.4,53.8752938,37.4,37.4,17.0,55.705882,37.4,0.9,0.4,False,17.0,635.8,635.8,635.8,False,37.4,37.4,False,False,Kyle Monangai,CHI,scrimmageYards,ROTATIONAL,Ourlads depth chart,557.0,557.0,,0.0,17.0,,,1.0,False,5.0,0.2941,0.6714,0.1975,0.0,3.36,0.2007
00-0038409,Lew Nichols,RB,PIT,2026.0,25.044299,1.0,1.0,0.0,1.0,BACKUP,6.0,False,185.3,0.0,116.301587,116.301587,116.301587,116.301587,PIT,RB,True,RB,PIT,ROTATIONAL,BACKUP,3,True,Ourlads depth chart,PIT,PIT,False,00-0023459,8439,Aaron Rodgers,True,0.0,1.0,0.2490842491,0.2490842491,0.0,1.0,True,True,LOW,,New head coach and offensive staff.,0.9857186992,0.9964296748,ATL,1.0283492441,1.007087311,0.9964296748,37.4,24.31,37.4,37.4,1.0,0.0,37.4,0.35,0.4,False,17.0,635.8,635.8,635.8,False,37.4,37.4,False,False,Lew Nichols,PIT,scrimmageYards,ROTATIONAL,Ourlads depth chart,554.0,554.0,,0.0,17.0,,,1.0,False,0.0,0.0,1.0,0.0,0.0,0.0,0.0
00-0036139,Rico Dowdle,RB,CAR,2026.0,28.217534,3.0,49.0,3.0,17.0,STARTER,1.0,False,1496.0,1257.883194,1262.812991,1262.812991,1262.812991,1262.812991,PIT,RB,True,RB,PIT,ROTATIONAL,STARTER,4,True,Ourlads depth chart,CAR,PIT,True,00-0039150,8439,Aaron Rodgers,True,10.3287944205,1.0082630355,0.1916666667,0.2490842491,29.9569995222,1.0419397993,True,True,LOW,,New head coach and offensive staff.,0.9857186992,0.9964296748,ATL,1.0283492441,1.007087311,1.046798582,37.4,79.1879229,37.4,37.4,17.0,80.764706,64.996875,0.9,0.4,False,17.0,635.8,635.8,635.8,False,37.4,37.4,False,False,Rico Dowdle,PIT,scrimmageYards,ROTATIONAL,Ourlads depth chart,554.0,554.0,,0.0,17.0,,,1.0,False,7.0,0.4118,0.5,0.2059,0.0,3.5,0.2073
00-0037263,Tyler Allgeier,RB,ATL,2026.0,26.380398,3.0,51.0,3.0,17.0,CO_STARTER,2.0,False,822.8,686.978474,701.198774,701.198774,701.198774,701.198774,ARI,RB,True,RB,ARI,ROTATIONAL,CO_STARTER,3,True,Ourlads depth chart,ATL,ARI,True,00-0039917,2578570,Jacoby Brissett,True,9.175435983,1.0073403488,0.2361111111,0.1996779388,-15.4305200341,0.978397272,True,True,LOW,,New head coach and offensive staff.,0.9882585074,0.9970646269,LAC,0.8700345298,0.9675086324,0.9826860069,37.4,36.8964706,37.4,37.4,17.0,35.882353,46.023529,0.9,0.4,False,17.0,635.8,635.8,635.8,False,37.4,37.4,False,False,Tyler Allgeier,ARI,scrimmageYards,ROTATIONAL,Ourlads depth chart,554.0,554.0,,0.0,17.0,,,1.0,False,8.0,0.4706,1.0423,0.4905,0.0,8.34,0.4746
4686468,Seth McGowan,RB,,,,,,,,,,,,,,,,,IND,,,RB,IND,ROTATIONAL,UNCERTAIN,3,True,Ourlads depth chart,,IND,False,,3917792,Daniel Jones,False,0.0,1.0,,0.150390625,0.0,1.0,False,False,HIGH,,Offensive leadership retained.,0.9953590466,0.9988397617,BAL,0.9926007602,0.9981501901,0.9988397617,37.4,37.4,37.4,37.4,0.0,37.4,37.4,0.35,0.04,False,17.0,635.8,635.8,635.8,False,37.4,37.4,False,False,Seth McGowan,IND,scrimmageYards,ROTATIONAL,Ourlads depth chart,553.0,553.0,,0.0,17.0,,,1.0,False,,,,,,,
00-0038685,Chris Brooks,RB,GB,2026.0,26.640499,3.0,31.0,2.0,17.0,ROTATIONAL,3.0,False,635.8,283.395591,312.79217,312.79217,312.79217,312.79217,GB,RB,True,RB,GB,ROTATIONAL,ROTATIONAL,3,True,Ourlads depth chart,GB,GB,False,00-0036264,4036378,Jordan Love,True,0.0,1.0,0.1695652174,0.1695652174,0.0,1.0,False,False,HIGH,,Offensive leadership retained.,1.0034700472,1.0008675118,MIN,0.9842439718,0.9960609929,1.0008675118,37.4,13.1551691,37.4,37.4,17.0,11.588235,27.257576,0.9,0.04,False,17.0,635.8,635.8,635.8,False,37.4,37.4,False,False,Chris Brooks,GB,scrimmageYards,ROTATIONAL,Ourlads depth chart,550.0,550.0,,0.0,17.0,,,1.0,False,0.0,0.0,1.5,0.0,0.0,0.0,0.0
00-0037525,Jordan Mason,RB,MIN,2026.0,27.275694,3.0,44.0,3.0,16.0,STARTER,1.0,False,1496.0,885.621894,939.180884,939.180884,939.180884,939.180884,MIN,RB,True,RB,MIN,ROTATIONAL,STARTER,2,True,Ourlads depth chart,MIN,MIN,False,00-0039923,4573398,Max Brosmer,True,-71.2885153186,0.9429691877,0.1759465479,0.1759465479,0.0,1.0,False,False,HIGH,,Offensive leadership retained.,1.0145031927,1.0036257982,GB,1.0051359429,1.0012839857,0.9463882037,37.4,50.7913542,37.4,37.4,16.0,50.5625,52.851042,0.9,0.04,False,17.0,635.8,635.8,635.8,False,37.4,37.4,False,False,Jordan Mason,MIN,scrimmageYards,ROTATIONAL,Ourlads depth chart,550.0,550.0,,0.0,17.0,,,1.0,False,6.0,0.375,0.7397,0.2774,0.0,4.72,0.2777
00-0034975,Justice Hill,RB,BAL,2026.0,28.79797,3.0,41.0,3.0,10.0,ROTATIONAL,3.0,False,635.8,526.108541,507.704425,463.847009,463.847009,463.847009,BAL,RB,True,RB,BAL,ROTATIONAL,ROTATIONAL,3,True,Ourlads depth chart,BAL,BAL,False,00-0034796,3916387,Lamar Jackson,True,0.0,1.0,0.1802469136,0.1802469136,0.0,1.0,True,True,LOW,,New head coach and offensive staff.,1.0089320004,1.0022330001,IND,0.8793198503,0.9698299626,1.0022330001,37.4,29.11467924,37.4,37.4,10.0,26.2,39.448542,0.78,0.4,False,17.0,635.8,635.8,635.8,False,37.4,37.4,False,False,Justice Hill,BAL,scrimmageYards,ROTATIONAL,Ourlads depth chart,550.0,550.0,,0.0,17.0,,,1.0,False,3.0,0.3,1.4275,0.4282,0.0,7.28,0.4153
00-0040162,Dylan Sampson,RB,CLE,2026.0,21.964154,1.0,15.0,1.0,15.0,ROTATIONAL,2.0,False,635.8,505.466667,469.520251,469.520251,469.520251,469.520251,CLE,RB,True,RB,CLE,ROTATIONAL,ROTATIONAL,2,True,Ourlads depth chart,CLE,CLE,False,00-0040668,3122840,Deshaun Watson,True,0.0,1.0,0.2309160305,0.2309160305,0.0,1.0,True,True,LOW,,New head coach and offensive staff.,1.0258640554,1.0064660138,JAX,0.8087514146,0.96,1.0064660138,37.4,30.4999997,37.4,37.4,15.0,29.733333,37.4,0.9,0.4,False,17.0,635.8,635.8,635.8,False,37.4,37.4,False,False,Dylan Sampson,CLE,scrimmageYards,ROTATIONAL,Ourlads depth chart,547.0,547.0,,0.0,17.0,,,1.0,False,2.0,0.1333,1.2578,0.1677,0.0,2.85,0.161
00-0036919,Kenny Gainwell,RB,PIT,2026.0,27.470085,3.0,50.0,3.0,17.0,CO_STARTER,2.0,False,822.8,766.589622,773.831096,773.831096,773.831096,773.831096,TB,RB,True,RB,TB,ROTATIONAL,CO_STARTER,3,True,Ourlads depth chart,PIT,TB,True,00-0023459,3052587,Baker Mayfield,True,4.6286786273,1.0037029429,0.2490842491,0.1685185185,-32.3447712418,0.9547173203,False,True,MEDIUM,,Head coach retained; offensive coordinator changed.,1.0207844389,1.0051961097,CIN,1.2827670255,1.04,0.9632317696,37.4,56.9077393,37.4,37.4,17.0,60.176471,27.489154,0.9,0.4,False,17.0,635.8,635.8,635.8,False,37.4,37.4,False,False,Kenny Gainwell,TB,scrimmageYards,ROTATIONAL,Ourlads depth chart,546.0,546.0,,0.0,17.0,,,1.0,False,8.0,0.4706,0.6215,0.2925,0.0,4.97,0.3042
00-0037563,Malik Davis,RB,DAL,2026.0,27.765779,2.0,11.0,1.0,10.0,ROTATIONAL,2.0,False,635.8,197.8375,265.2125,265.2125,265.2125,265.2125,DAL,RB,True,RB,DAL,ROTATIONAL,ROTATIONAL,3,True,Ourlads depth chart,DAL,DAL,False,00-0033077,4360698,Joe Milton III,True,-82.9141036982,0.94,0.1350906096,0.1350906096,0.0,1.0,False,True,MEDIUM,,Head coach retained; offensive coordinator changed.,1.0196647385,1.0049161846,NYG,1.1625221252,1.04,0.9446212135,37.4,20.748,37.4,37.4,10.0,26.6,0.0,0.78,0.4,False,17.0,635.8,635.8,635.8,False,37.4,37.4,False,False,Malik Davis,DAL,scrimmageYards,ROTATIONAL,Ourlads depth chart,543.0,543.0,,0.0,17.0,,,1.0,False,2.0,0.2,1.406,0.2812,0.0,4.78,0.2925
4678008,Jonathon Brooks,RB,,,,,,,,,,,,,,,,,CAR,,,RB,CAR,ROTATIONAL,UNCERTAIN,3,True,Ourlads depth chart,,CAR,False,,4685720,Bryce Young,False,0.0,1.0,,0.1916666667,0.0,1.0,False,False,HIGH,,Offensive leadership retained.,0.9983904307,0.9995976077,CHI,1.0408844268,1.0102211067,0.9995976077,37.4,37.4,37.4,37.4,0.0,37.4,37.4,0.35,0.04,False,17.0,635.8,635.8,635.8,False,37.4,37.4,False,False,Jonathon Brooks,CAR,scrimmageYards,ROTATIONAL,Ourlads depth chart,540.0,540.0,,0.0,17.0,,,1.0,False,0.0,0.0,1.0,0.0,0.0,0.0,0.0
4430992,Kentrel Bullock,RB,,,,,,,,,,,,,,,,,CIN,,,RB,CIN,ROTATIONAL,UNCERTAIN,3,True,Ourlads depth chart,,CIN,False,,4259592,Sean Clifford,False,0.0,1.0,,0.1828665568,0.0,1.0,False,False,HIGH,,Offensive leadership retained.,0.9856094601,0.996402365,TB,1.0213852538,1.0053463134,0.996402365,37.4,37.4,37.4,37.4,0.0,37.4,37.4,0.35,0.04,False,17.0,635.8,635.8,635.8,False,37.4,37.4,False,False,Kentrel Bullock,CIN,scrimmageYards,ROTATIONAL,Ourlads depth chart,539.0,539.0,,0.0,17.0,,,1.0,False,,,,,,,
00-0033526,Samaje Perine,RB,CIN,2026.0,30.960916,3.0,49.0,3.0,15.0,ROTATIONAL,2.0,False,635.8,529.673835,518.906196,518.906196,518.906196,518.906196,CIN,RB,True,RB,CIN,ROTATIONAL,ROTATIONAL,4,True,Ourlads depth chart,CIN,CIN,False,00-0026158,4259592,Sean Clifford,True,0.0,1.0,0.1828665568,0.1828665568,0.0,1.0,False,False,HIGH,,Offensive leadership retained.,0.9856094601,0.996402365,TB,1.0213852538,1.0053463134,0.996402365,37.4,31.1497062,37.4,37.4,15.0,31.266667,30.097059,0.9,0.04,False,17.0,635.8,635.8,635.8,False,37.4,37.4,False,False,Samaje Perine,CIN,scrimmageYards,ROTATIONAL,Ourlads depth chart,539.0,539.0,,0.0,17.0,,,1.0,False,3.0,0.2,1.1962,0.2392,0.0,4.07,0.2405
00-0033906,Alvin Kamara,RB,NO,2026.0,31.106025,3.0,38.0,3.0,11.0,STARTER,1.0,False,1496.0,1259.948322,1268.848613,1135.812116,1135.812116,1135.812116,NO,RB,True,RB,NO,ROTATIONAL,STARTER,3,True,Ourlads depth chart,NO,NO,False,00-0040743,4360689,Tyler Shough,True,0.0,1.0,0.1624472574,0.1624472574,0.0,1.0,False,False,HIGH,,Offensive leadership retained.,1.045882114,1.0114705285,DET,0.8974262252,0.9743565563,1.0114705285,37.4,68.70797066,37.4,37.4,11.0,59.727273,100.548626,0.78,0.04,False,17.0,635.8,635.8,635.8,False,37.4,37.4,False,False,Alvin Kamara,NO,scrimmageYards,ROTATIONAL,Ourlads depth chart,537.0,537.0,,0.0,17.0,,,1.0,False,1.0,0.0909,0.6262,0.0569,0.0,0.97,0.0555
00-0038040,Zamir White,RB,LV,2026.0,26.955358,3.0,26.0,2.0,5.0,ROTATIONAL,3.0,False,635.8,346.066159,352.947961,352.947961,352.947961,352.947961,NO,RB,True,RB,NO,ROTATIONAL,ROTATIONAL,4,True,Ourlads depth chart,LV,NO,True,00-0030565,4360689,Tyler Shough,True,7.4680690786,1.0059744553,0.2043010753,0.1624472574,-20.4863424384,0.9713191206,False,False,HIGH,,Offensive leadership retained.,1.045882114,1.0114705285,DET,0.8974262252,0.9743565563,0.9883303315,37.4,19.5548076,37.4,37.4,5.0,11.2,32.087019,0.6,0.45,False,17.0,635.8,635.8,635.8,False,37.4,37.4,False,False,Zamir White,NO,scrimmageYards,ROTATIONAL,Ourlads depth chart,537.0,537.0,,0.0,17.0,,,1.0,False,0.0,0.0,1.5,0.0,0.0,0.0,0.0
00-0035567,Craig Reynolds,RB,DET,2026.0,30.213468,3.0,25.0,2.0,5.0,ROTATIONAL,3.0,False,635.8,122.947678,193.356322,174.463912,174.463912,174.463912,WAS,RB,True,RB,WAS,ROTATIONAL,ROTATIONAL,3,True,Ourlads depth chart,DET,WAS,True,00-0033106,4361994,Sam Hartman,True,0.0,1.0,0.2236363636,0.1273148148,-43.0706112617,0.94,False,True,MEDIUM,,Head coach retained; offensive coordinator changed.,1.0262463921,1.006561598,PHI,1.0589908017,1.0147477004,0.9461679021,37.4,8.9341668,37.4,37.4,5.0,0.8,21.135417,0.6,0.4,False,17.0,635.8,635.8,635.8,False,37.4,37.4,False,False,Craig Reynolds,WAS,scrimmageYards,ROTATIONAL,Ourlads depth chart,532.0,532.0,,0.0,17.0,,,1.0,False,0.0,0.0,1.5,0.0,0.0,0.0,0.0
00-0037256,Rachaad White,RB,TB,2026.0,27.637097,3.0,49.0,3.0,17.0,CO_STARTER,2.0,False,822.8,1006.778665,991.914513,991.914513,991.914513,991.914513,WAS,RB,True,RB,WAS,ROTATIONAL,CO_STARTER,4,True,Ourlads depth chart,TB,WAS,True,00-0034855,4361994,Sam Hartman,True,0.0,1.0,0.1685185185,0.1273148148,-24.4505494505,0.9657692308,False,True,MEDIUM,,Head coach retained; offensive coordinator changed.,1.0262463921,1.006561598,PHI,1.0589908017,1.0147477004,0.9721062203,37.4,49.3513919,37.4,37.4,17.0,46.470588,75.278627,0.9,0.4,False,17.0,635.8,635.8,635.8,False,37.4,37.4,False,False,Rachaad White,WAS,scrimmageYards,ROTATIONAL,Ourlads depth chart,532.0,532.0,,0.0,17.0,,,1.0,False,4.0,0.2353,0.8048,0.1894,0.0,3.22,0.1922
00-0039384,Tyrone Tracy Jr.,RB,NYG,2026.0,26.774657,2.0,32.0,2.0,15.0,STARTER,1.0,False,1496.0,1153.378986,1223.502899,1229.00267,1229.00267,1229.00267,NYG,RB,True,RB,NYG,ROTATIONAL,STARTER,3,True,Ourlads depth chart,NYG,NYG,False,00-0040691,4689114,Jaxson Dart,True,0.0,1.0,0.1956521739,0.1956521739,0.0,1.0,True,True,LOW,,New head coach and offensive staff.,1.0039343132,1.0009835783,DAL,1.0928822215,1.0232205554,1.0009835783,37.4,68.2858821,37.4,37.4,15.0,68.533333,66.058824,0.9,0.4,False,17.0,635.8,635.8,635.8,False,37.4,37.4,False,False,Tyrone Tracy Jr.,NYG,scrimmageYards,ROTATIONAL,Ourlads depth chart,530.0,530.0,,0.0,17.0,,,1.0,False,4.0,0.2667,0.5457,0.1455,0.0,2.47,0.1489
00-0040205,Kalel Mullings,RB,TEN,2026.0,23.910806,1.0,4.0,0.0,4.0,BACKUP,4.0,False,185.3,29.75,106.722222,106.722222,106.722222,106.722222,TEN,RB,True,RB,TEN,ROTATIONAL,BACKUP,3,True,Ourlads depth chart,TEN,TEN,False,00-0040676,4688380,Cam Ward,True,0.0,1.0,0.1830708661,0.1830708661,0.0,1.0,True,True,LOW,,New head coach and offensive staff.,0.9912079622,0.9978019905,NYJ,1.1420944201,1.035523605,0.9978019905,37.4,16.01,37.4,37.4,4.0,1.75,37.4,0.6,0.4,False,17.0,635.8,635.8,635.8,False,37.4,37.4,False,False,Kalel Mullings,TEN,scrimmageYards,ROTATIONAL,Ourlads depth chart,520.0,520.0,,0.0,17.0,,,1.0,False,0.0,0.0,1.5,0.0,0.0,0.0,0.0
00-0039032,Tyjae Spears,RB,TEN,2026.0,25.21405,3.0,42.0,3.0,13.0,CO_STARTER,2.0,False,822.8,738.496214,775.080389,775.080389,775.080389,775.080389,TEN,RB,True,RB,TEN,ROTATIONAL,CO_STARTER,4,True,Ourlads depth chart,TEN,TEN,False,00-0040676,4688380,Cam Ward,True,0.0,1.0,0.1830708661,0.1830708661,0.0,1.0,True,True,LOW,,New head coach and offensive staff.,0.9912079622,0.9978019905,NYJ,1.1420944201,1.035523605,0.9978019905,37.4,42.4978582,37.4,37.4,13.0,42.076923,46.286275,0.9,0.4,False,17.0,635.8,635.8,635.8,False,37.4,37.4,False,False,Tyjae Spears,TEN,scrimmageYards,ROTATIONAL,Ourlads depth chart,520.0,520.0,,0.0,17.0,,,1.0,False,2.0,0.1538,0.8888,0.1367,0.0,2.32,0.1416
00-0038488,Brady Russell,RB,SEA,2026.0,28.003977,3.0,24.0,2.0,10.0,BACKUP,7.0,False,185.3,0.0,20.352778,20.352778,20.352778,20.352778,SEA,RB,True,RB,SEA,UNCERTAIN,BACKUP,4,False,uncertain fallback because no verified depth source was available,SEA,SEA,False,00-0034869,3912547,Sam Darnold,True,0.0,1.0,0.122605364,0.122605364,0.0,1.0,False,True,MEDIUM,,Head coach retained; offensive coordinator changed.,1.0191731627,1.0047932907,NE,0.8519281548,0.9629820387,1.0047932907,31.9,0.0,31.9,31.9,10.0,0.0,0.0,0.78,0.4,False,17.0,542.3,542.3,542.3,False,31.9,31.9,False,False,Brady Russell,SEA,scrimmageYards,UNCERTAIN,uncertain fallback because no verified depth source was available,517.0,517.0,,0.0,17.0,,,1.0,False,0.0,0.0,1.0,0.0,0.0,0.0,0.0
4686658,Mike Washington Jr.,RB,,,,,,,,,,,,,,,,,LV,,,RB,LV,ROTATIONAL,UNCERTAIN,3,True,Ourlads depth chart,,LV,False,,14880,Kirk Cousins,False,0.0,1.0,,0.2043010753,0.0,1.0,True,True,LOW,,New head coach and offensive staff.,0.9501067641,0.987526691,MIA,1.1360589618,1.0340147404,0.987526691,37.4,37.4,37.4,37.4,0.0,37.4,37.4,0.35,0.4,False,17.0,635.8,635.8,635.8,False,37.4,37.4,False,False,Mike Washington Jr.,LV,scrimmageYards,ROTATIONAL,Ourlads depth chart,516.0,516.0,,0.0,17.0,,,1.0,False,,,,,,,
4688835,Roman Hemby,RB,,,,,,,,,,,,,,,,,LV,,,RB,LV,ROTATIONAL,UNCERTAIN,4,True,Ourlads depth chart,,LV,False,,14880,Kirk Cousins,False,0.0,1.0,,0.2043010753,0.0,1.0,True,True,LOW,,New head coach and offensive staff.,0.9501067641,0.987526691,MIA,1.1360589618,1.0340147404,0.987526691,37.4,37.4,37.4,37.4,0.0,37.4,37.4,0.35,0.4,False,17.0,635.8,635.8,635.8,False,37.4,37.4,False,False,Roman Hemby,LV,scrimmageYards,ROTATIONAL,Ourlads depth chart,516.0,516.0,,0.0,17.0,,,1.0,False,,,,,,,
00-0039794,Braelon Allen,RB,NYJ,2026.0,22.615776,2.0,21.0,1.0,4.0,ROTATIONAL,3.0,False,635.8,439.328125,440.046417,440.046417,440.046417,440.046417,NYJ,RB,True,RB,NYJ,ROTATIONAL,ROTATIONAL,2,True,Ourlads depth chart,NYJ,NYJ,False,00-0036945,4250360,Bailey Zappe,True,0.0,1.0,0.1897959184,0.1897959184,0.0,1.0,False,True,MEDIUM,,Head coach retained; offensive coordinator changed.,0.9762149005,0.9940537251,TEN,0.9336389751,0.9834097438,0.9940537251,37.4,25.2911764,37.4,37.4,4.0,23.25,28.352941,0.6,0.4,False,17.0,635.8,635.8,635.8,False,37.4,37.4,False,False,Braelon Allen,NYJ,scrimmageYards,ROTATIONAL,Ourlads depth chart,513.0,513.0,,0.0,17.0,,,1.0,False,1.0,0.25,1.5,0.375,0.0,6.38,0.3688
00-0036425,DeeJay Dallas,RB,JAX,2026.0,27.96017,3.0,38.0,2.0,5.0,BACKUP,4.0,False,185.3,66.883184,71.36275,72.109862,72.109862,72.109862,JAX,RB,True,RB,JAX,UNCERTAIN,BACKUP,4,False,uncertain fallback because no verified depth source was available,JAX,JAX,False,00-0036971,4360310,Trevor Lawrence,True,0.0,1.0,0.1415607985,0.1415607985,0.0,1.0,False,False,HIGH,,Offensive leadership retained.,0.9817041635,0.9954260409,CLE,0.9967791545,0.9991947886,0.9954260409,31.9,4.0055884,31.9,31.9,5.0,4.2,3.713971,0.6,0.0,False,17.0,542.3,542.3,542.3,False,31.9,31.9,False,False,DeeJay Dallas,JAX,scrimmageYards,UNCERTAIN,uncertain fallback because no verified depth source was available,505.0,505.0,,0.0,17.0,,,1.0,False,0.0,0.0,1.5,0.0,0.0,0.0,0.0
00-0029892,Kyle Juszczyk,RB,SF,2026.0,35.360733,3.0,41.0,3.0,16.0,ROTATIONAL,3.0,False,635.8,233.313278,262.712471,238.455089,238.455089,238.455089,SF,RB,True,RB,SF,UNCERTAIN,ROTATIONAL,4,False,uncertain fallback because no verified depth source was available,SF,SF,False,00-0036972,4361741,Brock Purdy,True,23.1313599183,1.0185050879,0.3123844732,0.3123844732,0.0,1.0,False,False,HIGH,,Offensive leadership retained.,1.013765829,1.0034414572,LAR,1.0004932827,1.0001233207,1.0220102297,31.9,13.259513,31.9,31.9,16.0,13.125,14.47013,0.9,0.0,False,17.0,542.3,542.3,542.3,False,31.9,31.9,False,False,Kyle Juszczyk,SF,scrimmageYards,UNCERTAIN,uncertain fallback because no verified depth source was available,493.0,493.0,,0.0,16.7,,,1.0,False,2.0,0.125,1.5,0.1875,0.0,3.13,0.1875
4372070,Ben VanSumeren,RB,,,,,,,,,,,,,,,,,BUF,,,RB,BUF,UNCERTAIN,UNCERTAIN,4,False,uncertain fallback because no verified depth source was available,,BUF,False,,4039034,Shane Buechele,False,0.0,1.0,,0.1746031746,0.0,1.0,True,True,MEDIUM,,Head-coach change with some offensive-system continuity.,0.9707802571,0.9926950643,HOU,0.8315004498,0.96,0.9926950643,31.9,31.9,31.9,31.9,0.0,31.9,31.9,0.35,0.4,False,17.0,542.3,542.3,542.3,False,31.9,31.9,False,False,Ben VanSumeren,BUF,scrimmageYards,UNCERTAIN,uncertain fallback because no verified depth source was available,485.0,485.0,,0.0,17.0,,,1.0,False,0.0,0.0,1.0,0.0,0.0,0.0,0.0
00-0038705,Emari Demercado,RB,ARI,2026.0,27.615194,3.0,36.0,3.0,12.0,ROTATIONAL,3.0,False,635.8,537.114604,515.917279,523.33637,523.33637,523.33637,KC,RB,True,RB,KC,UNCERTAIN,ROTATIONAL,4,False,uncertain fallback because no verified depth source was available,ARI,KC,True,00-0033119,3139477,Patrick Mahomes,True,6.5656568744,1.0052525255,0.1996779388,0.1639344262,-17.9005817028,0.9749391856,False,True,MEDIUM,,Head coach retained; offensive coordinator changed.,0.9795740018,0.9948935004,DEN,0.7367901808,0.96,0.9750554022,31.9,33.892273,31.9,31.9,12.0,34.416667,29.172727,0.9,0.4,False,17.0,542.3,542.3,542.3,False,31.9,31.9,False,False,Emari Demercado,KC,scrimmageYards,UNCERTAIN,uncertain fallback because no verified depth source was available,482.0,482.0,,0.0,17.0,,,1.0,False,1.0,0.0833,0.9269,0.0772,0.0,1.31,0.0741
00-0035125,Alec Ingold,RB,MIA,2026.0,30.147758,3.0,30.0,3.0,9.0,BACKUP,4.0,False,185.3,141.065229,132.791263,119.886334,119.886334,119.886334,LAC,RB,True,RB,LAC,UNCERTAIN,BACKUP,4,False,uncertain fallback because no verified depth source was available,MIA,LAC,True,00-0036212,4038941,Justin Herbert,True,22.5986842105,1.0180789474,0.2472885033,0.1282527881,-48.1363725298,0.94,False,True,MEDIUM,,Head coach retained; offensive coordinator changed.,0.9607575729,0.9901893932,ARI,1.1769143719,1.04,0.9476055166,31.9,7.73556692,31.9,31.9,9.0,6.777778,11.131364,0.78,0.4,False,17.0,542.3,542.3,542.3,False,31.9,31.9,False,False,Alec Ingold,LAC,scrimmageYards,UNCERTAIN,uncertain fallback because no verified depth source was available,477.0,477.0,,0.0,17.0,,,1.0,False,0.0,0.0,1.5,0.0,0.0,0.0,0.0
00-0037329,Brittain Brown,RB,CHI,2026.0,28.893797,1.0,2.0,0.0,2.0,ROTATIONAL,3.0,False,635.8,314.5,404.393939,404.393939,404.393939,404.393939,CHI,RB,True,RB,CHI,UNCERTAIN,ROTATIONAL,4,False,uncertain fallback because no verified depth source was available,CHI,CHI,False,00-0039918,4431611,Caleb Williams,True,0.0,1.0,0.1490566038,0.1490566038,0.0,1.0,False,True,MEDIUM,,Head coach retained; offensive coordinator changed.,0.9885589148,0.9971397287,CAR,1.0654905261,1.0163726315,0.9971397287,31.9,27.21,31.9,31.9,2.0,18.5,31.9,0.35,0.4,False,17.0,542.3,542.3,542.3,False,31.9,31.9,False,False,Brittain Brown,CHI,scrimmageYards,UNCERTAIN,uncertain fallback because no verified depth source was available,475.0,475.0,,0.0,17.0,,,1.0,False,1.0,0.5,1.5,0.75,0.0,12.75,0.7623
3116136,Justin Jackson,RB,,,,,,,,,,,,,,,,,DET,,,RB,DET,UNCERTAIN,UNCERTAIN,4,False,uncertain fallback because no verified depth source was available,,DET,False,,4597679,Luke Altmyer,False,0.0,1.0,,0.2236363636,0.0,1.0,False,True,MEDIUM,,Head coach retained; offensive coordinator changed.,1.0366241033,1.0091560258,NO,0.9967791545,0.9991947886,1.0091560258,31.9,31.9,31.9,31.9,0.0,31.9,31.9,0.35,0.4,False,17.0,542.3,542.3,542.3,False,31.9,31.9,False,False,Justin Jackson,DET,scrimmageYards,UNCERTAIN,uncertain fallback because no verified depth source was available,475.0,475.0,,0.0,17.0,,,1.0,False,2.0,0.1333,1.0,0.1333,0.0,2.27,0.1332
00-0035291,Trayveon Williams,RB,CLE,2026.0,28.871893,3.0,27.0,1.0,6.0,BACKUP,5.0,False,185.3,107.079993,106.113428,108.235697,108.235697,108.235697,DET,RB,True,RB,DET,UNCERTAIN,BACKUP,3,False,uncertain fallback because no verified depth source was available,CLE,DET,True,00-0040668,4597679,Luke Altmyer,True,0.0,1.0,0.2309160305,0.2236363636,-3.1525169046,0.9955864763,False,True,MEDIUM,,Head coach retained; offensive coordinator changed.,1.0366241033,1.0091560258,NO,0.9967791545,0.9991947886,1.0047020918,31.9,9.7912502,31.9,31.9,6.0,15.166667,1.728125,0.6,0.4,False,17.0,542.3,542.3,542.3,False,31.9,31.9,False,False,Trayveon Williams,DET,scrimmageYards,UNCERTAIN,uncertain fallback because no verified depth source was available,475.0,475.0,,0.0,17.0,,,1.0,False,0.0,0.0,1.5,0.0,0.0,0.0,0.0
00-0033553,James Conner,RB,ARI,2026.0,31.327796,3.0,32.0,2.0,3.0,BACKUP,5.0,False,185.3,1039.614596,852.044455,761.197458,761.197458,761.197458,ARI,RB,True,RB,ARI,UNCERTAIN,BACKUP,4,False,uncertain fallback because no verified depth source was available,ARI,ARI,False,00-0033119,2578570,Jacoby Brissett,True,0.0,1.0,0.1996779388,0.1996779388,0.0,1.0,True,True,LOW,,New head coach and offensive staff.,0.9882585074,0.9970646269,LAC,0.8700345298,0.9675086324,0.9970646269,31.9,76.42479175,31.9,31.9,3.0,44.333333,93.704808,0.35,0.4,False,17.0,542.3,542.3,542.3,False,31.9,31.9,False,False,James Conner,ARI,scrimmageYards,UNCERTAIN,uncertain fallback because no verified depth source was available,473.0,473.0,,0.0,17.0,,,1.0,False,2.0,0.6667,0.7195,0.4797,0.0,8.15,0.4641
00-0040476,Ulysses Bentley IV,RB,IND,2026.0,25.67128,1.0,1.0,0.0,1.0,BACKUP,5.0,False,185.3,0.0,116.301587,116.301587,116.301587,116.301587,IND,RB,True,RB,IND,UNCERTAIN,BACKUP,4,False,uncertain fallback because no verified depth source was available,IND,IND,False,00-0035710,3917792,Daniel Jones,True,0.0,1.0,0.150390625,0.150390625,0.0,1.0,False,False,HIGH,,Offensive leadership retained.,0.9953590466,0.9988397617,BAL,0.9926007602,0.9981501901,0.9988397617,31.9,20.735,31.9,31.9,1.0,0.0,31.9,0.35,0.0,False,17.0,542.3,542.3,542.3,False,31.9,31.9,False,False,Ulysses Bentley IV,IND,scrimmageYards,UNCERTAIN,uncertain fallback because no verified depth source was available,472.0,472.0,,0.0,17.0,,,1.0,False,0.0,0.0,1.0,0.0,0.0,0.0,0.0
4374033,Jermar Jefferson,RB,,,,,,,,,,,,,,,,,MIN,,,RB,MIN,UNCERTAIN,UNCERTAIN,3,False,uncertain fallback because no verified depth source was available,,MIN,False,,4573398,Max Brosmer,False,0.0,1.0,,0.1759465479,0.0,1.0,False,False,HIGH,,Offensive leadership retained.,1.0145031927,1.0036257982,GB,1.0051359429,1.0012839857,1.0036257982,31.9,31.9,31.9,31.9,0.0,31.9,31.9,0.35,0.0,False,17.0,542.3,542.3,542.3,False,31.9,31.9,False,False,Jermar Jefferson,MIN,scrimmageYards,UNCERTAIN,uncertain fallback because no verified depth source was available,470.0,470.0,,0.0,17.0,,,1.0,False,0.0,0.0,1.0,0.0,0.0,0.0,0.0
00-0035700,Josh Jacobs,RB,GB,2026.0,28.554296,3.0,45.0,3.0,15.0,STARTER,1.0,False,1496.0,1453.949614,1432.391182,1377.03339,1377.03339,1377.03339,GB,RB,True,RB,GB,UNCERTAIN,STARTER,4,False,uncertain fallback because no verified depth source was available,GB,GB,False,00-0036264,4036378,Jordan Love,True,0.0,1.0,0.1695652174,0.1695652174,0.0,1.0,False,False,HIGH,,Offensive leadership retained.,1.0034700472,1.0008675118,MIN,0.9842439718,0.9960609929,1.0008675118,31.9,82.0133481,31.9,31.9,15.0,80.733333,93.533484,0.9,0.0,False,17.0,542.3,542.3,542.3,False,31.9,31.9,False,False,Josh Jacobs,GB,scrimmageYards,UNCERTAIN,uncertain fallback because no verified depth source was available,470.0,470.0,,0.0,17.0,,,1.0,False,14.0,0.9333,0.5,0.4667,0.0,7.93,0.4648
4879972,Lucas Scott,RB,,,,,,,,,,,,,,,,,BAL,,,RB,BAL,UNCERTAIN,UNCERTAIN,4,False,uncertain fallback because no verified depth source was available,,BAL,False,,3916387,Lamar Jackson,False,0.0,1.0,,0.1802469136,0.0,1.0,True,True,LOW,,New head coach and offensive staff.,1.0089320004,1.0022330001,IND,0.8793198503,0.9698299626,1.0022330001,31.9,31.9,31.9,31.9,0.0,31.9,31.9,0.35,0.4,False,17.0,542.3,542.3,542.3,False,31.9,31.9,False,False,Lucas Scott,BAL,scrimmageYards,UNCERTAIN,uncertain fallback because no verified depth source was available,470.0,470.0,,0.0,17.0,,,1.0,False,,,,,,,
00-0038440,Zavier Scott,RB,MIN,2026.0,27.127847,1.0,11.0,1.0,11.0,ROTATIONAL,3.0,False,635.8,327.636364,367.053763,367.053763,367.053763,367.053763,MIN,RB,True,RB,MIN,UNCERTAIN,ROTATIONAL,4,False,uncertain fallback because no verified depth source was available,MIN,MIN,False,00-0039923,4573398,Max Brosmer,True,-71.2885153186,0.9429691877,0.1759465479,0.1759465479,0.0,1.0,False,False,HIGH,,Offensive leadership retained.,1.0145031927,1.0036257982,GB,1.0051359429,1.0012839857,0.9463882037,31.9,22.05072706,31.9,31.9,11.0,19.272727,31.9,0.78,0.0,False,17.0,542.3,542.3,542.3,False,31.9,31.9,False,False,Zavier Scott,MIN,scrimmageYards,UNCERTAIN,uncertain fallback because no verified depth source was available,470.0,470.0,,0.0,17.0,,,1.0,False,1.0,0.0909,1.5,0.1364,0.0,2.32,0.1365
4432374,Ahmani Marshall,RB,,,,,,,,,,,,,,,,,CLE,,,RB,CLE,UNCERTAIN,UNCERTAIN,4,False,uncertain fallback because no verified depth source was available,,CLE,False,,3122840,Deshaun Watson,False,0.0,1.0,,0.2309160305,0.0,1.0,True,True,LOW,,New head coach and offensive staff.,1.0258640554,1.0064660138,JAX,0.8087514146,0.96,1.0064660138,31.9,31.9,31.9,31.9,0.0,31.9,31.9,0.35,0.4,False,17.0,542.3,542.3,542.3,False,31.9,31.9,False,False,Ahmani Marshall,CLE,scrimmageYards,UNCERTAIN,uncertain fallback because no verified depth source was available,467.0,467.0,,0.0,17.0,,,1.0,False,,,,,,,
2515270,Michael Burton,RB,,,,,,,,,,,,,,,,,CLE,,,RB,CLE,UNCERTAIN,UNCERTAIN,3,False,uncertain fallback because no verified depth source was available,,CLE,False,,3122840,Deshaun Watson,False,0.0,1.0,,0.2309160305,0.0,1.0,True,True,LOW,,New head coach and offensive staff.,1.0258640554,1.0064660138,JAX,0.8087514146,0.96,1.0064660138,31.9,31.9,31.9,31.9,0.0,31.9,31.9,0.35,0.4,False,17.0,542.3,542.3,542.3,False,31.9,31.9,False,False,Michael Burton,CLE,scrimmageYards,UNCERTAIN,uncertain fallback because no verified depth source was available,467.0,467.0,,0.0,17.0,,,1.0,False,2.0,0.1667,1.0,0.1667,0.0,2.83,0.16
4879256,Barika Kpeenu,RB,,,,,,,,,,,,,,,,,TB,,,RB,TB,UNCERTAIN,UNCERTAIN,4,False,uncertain fallback because no verified depth source was available,,TB,False,,3052587,Baker Mayfield,False,0.0,1.0,,0.1685185185,0.0,1.0,False,True,MEDIUM,,Head coach retained; offensive coordinator changed.,1.0207844389,1.0051961097,CIN,1.2827670255,1.04,1.0051961097,31.9,31.9,31.9,31.9,0.0,31.9,31.9,0.35,0.4,False,17.0,542.3,542.3,542.3,False,31.9,31.9,False,False,Barika Kpeenu,TB,scrimmageYards,UNCERTAIN,uncertain fallback because no verified depth source was available,465.0,465.0,,0.0,17.0,,,1.0,False,,,,,,,
00-0038738,Hunter Luepke,RB,DAL,2026.0,26.50908,3.0,38.0,3.0,14.0,BACKUP,4.0,False,185.3,192.642914,178.190312,188.881731,188.881731,188.881731,DAL,RB,True,RB,DAL,UNCERTAIN,BACKUP,4,False,uncertain fallback because no verified depth source was available,DAL,DAL,False,00-0033077,4360698,Joe Milton III,True,-82.9141036982,0.94,0.1350906096,0.1350906096,0.0,1.0,False,True,MEDIUM,,Head coach retained; offensive coordinator changed.,1.0196647385,1.0049161846,NYG,1.1625221252,1.04,0.9446212135,31.9,12.3927144,31.9,31.9,14.0,12.857143,8.212857,0.9,0.4,False,17.0,542.3,542.3,542.3,False,31.9,31.9,False,False,Hunter Luepke,DAL,scrimmageYards,UNCERTAIN,uncertain fallback because no verified depth source was available,464.0,464.0,,0.0,17.0,,,1.0,False,1.0,0.0714,1.5,0.1071,0.0,1.82,0.1114
00-0040644,Trevor Etienne,RB,CAR,2026.0,22.147594,1.0,17.0,1.0,17.0,ROTATIONAL,3.0,False,635.8,107.0,288.384021,288.384021,288.384021,288.384021,CAR,RB,True,RB,CAR,UNCERTAIN,ROTATIONAL,4,False,uncertain fallback because no verified depth source was available,CAR,CAR,False,00-0039150,4685720,Bryce Young,True,0.0,1.0,0.1916666667,0.1916666667,0.0,1.0,False,False,HIGH,,Offensive leadership retained.,0.9983904307,0.9995976077,CHI,1.0408844268,1.0102211067,0.9995976077,31.9,8.8547062,31.9,31.9,17.0,6.294118,31.9,0.9,0.0,False,17.0,542.3,542.3,542.3,False,31.9,31.9,False,False,Trevor Etienne,CAR,scrimmageYards,UNCERTAIN,uncertain fallback because no verified depth source was available,460.0,460.0,,0.0,17.0,,,1.0,False,0.0,0.0,1.5,0.0,0.0,0.0,0.0
00-0033376,Patrick Ricard,RB,BAL,2026.0,32.266898,3.0,22.0,1.0,5.0,BACKUP,5.0,False,185.3,45.762634,60.696302,53.768718,53.768718,53.768718,NYG,RB,True,RB,NYG,UNCERTAIN,BACKUP,4,False,uncertain fallback because no verified depth source was available,BAL,NYG,True,00-0034796,4689114,Jaxson Dart,True,-17.2336491633,0.9862130807,0.1802469136,0.1956521739,8.5467540203,1.0119654556,True,True,LOW,,New head coach and offensive staff.,1.0039343132,1.0009835783,DAL,1.0928822215,1.0232205554,0.998995194,31.9,2.932,31.9,31.9,5.0,2.2,4.03,0.6,0.4,False,17.0,542.3,542.3,542.3,False,31.9,31.9,False,False,Patrick Ricard,NYG,scrimmageYards,UNCERTAIN,uncertain fallback because no verified depth source was available,452.0,452.0,,0.0,17.0,,,1.0,False,0.0,0.0,1.5,0.0,0.0,0.0,0.0
00-0034959,Andrew Beck,RB,NYJ,2026.0,30.298343,3.0,25.0,2.0,11.0,BACKUP,6.0,False,185.3,47.460909,57.971163,59.130587,59.130587,59.130587,NYJ,RB,True,RB,NYJ,UNCERTAIN,BACKUP,3,False,uncertain fallback because no verified depth source was available,NYJ,NYJ,False,00-0036945,4250360,Bailey Zappe,True,0.0,1.0,0.1897959184,0.1897959184,0.0,1.0,False,True,MEDIUM,,Head coach retained; offensive coordinator changed.,0.9762149005,0.9940537251,TEN,0.9336389751,0.9834097438,0.9940537251,31.9,3.91762164,31.9,31.9,11.0,4.545455,1.691667,0.78,0.4,False,17.0,542.3,542.3,542.3,False,31.9,31.9,False,False,Andrew Beck,NYJ,scrimmageYards,UNCERTAIN,uncertain fallback because no verified depth source was available,438.0,438.0,,0.0,17.0,,,1.0,False,2.0,0.1818,1.5,0.2727,0.0,4.64,0.2682
4430893,Chip Trayanum,RB,,,,,,,,,,,,,,,,,NYJ,,,RB,NYJ,UNCERTAIN,UNCERTAIN,4,False,uncertain fallback because no verified depth source was available,,NYJ,False,,4250360,Bailey Zappe,False,0.0,1.0,,0.1897959184,0.0,1.0,False,True,MEDIUM,,Head coach retained; offensive coordinator changed.,0.9762149005,0.9940537251,TEN,0.9336389751,0.9834097438,0.9940537251,31.9,31.9,31.9,31.9,0.0,31.9,31.9,0.35,0.4,False,17.0,542.3,542.3,542.3,False,31.9,31.9,False,False,Chip Trayanum,NYJ,scrimmageYards,UNCERTAIN,uncertain fallback because no verified depth source was available,438.0,438.0,,0.0,17.0,,,1.0,False,,,,,,,
4241802,Jalen Reagor,WR,,,,,,,,,,,,,,,,,MIA,,,WR,MIA,STARTER,UNCERTAIN,2,True,Ourlads depth chart,,MIA,False,,4242512,Malik Willis,False,0.0,1.0,,0.5314533623,0.0,1.0,True,True,LOW,,New head coach and offensive staff.,0.9589800573,0.9897450143,LV,1.0587846502,1.0146961625,0.9897450143,53.0,53.0,53.0,53.0,0.0,53.0,53.0,0.35,0.4,False,17.0,901.0,901.0,901.0,False,53.0,53.0,False,False,Jalen Reagor,MIA,receivingYards,STARTER,Ourlads depth chart,1067.0,1067.0,,0.0,17.0,,,1.0,False,0.0,0.0,1.0,0.0,0.0,0.0,0.0
00-0038104,Tyquan Thornton,WR,KC,2026.0,26.068277,3.0,25.0,2.0,12.0,BACKUP,5.0,False,102.0,357.033275,314.910705,321.20892,321.20892,321.20892,KC,WR,True,WR,KC,STARTER,BACKUP,3,True,Ourlads depth chart,KC,KC,False,00-0033873,3139477,Patrick Mahomes,True,0.0,1.0,0.5683060109,0.5683060109,0.0,1.0,False,True,MEDIUM,,Head coach retained; offensive coordinator changed.,0.962214811,0.9905537027,DEN,0.9407659057,0.9851914764,0.9905537027,40.0,33.9676389,40.0,40.0,12.0,36.5,11.176389,0.9,0.4,False,17.0,680.0,680.0,680.0,False,40.0,40.0,False,False,Tyquan Thornton,KC,receivingYards,STARTER,Ourlads depth chart,1022.0,1022.0,,0.0,17.0,,,1.0,False,3.0,0.25,1.0959,0.274,0.0,4.66,0.2699
00-0032398,Chris Moore,WR,WAS,2026.0,33.211476,2.0,25.0,2.0,10.0,ROTATIONAL,4.0,False,292.4,387.542971,384.774978,352.217637,352.217637,352.217637,BAL,WR,True,WR,BAL,STARTER,ROTATIONAL,1,True,Ourlads depth chart,WAS,BAL,True,00-0032268,3916387,Lamar Jackson,True,15.67960059,1.0282232811,0.6319444444,0.5209876543,-17.557997558,0.9613724054,True,True,LOW,,New head coach and offensive staff.,0.9842111361,0.996052784,IND,1.2102208886,1.04,0.9846036443,67.0,22.36466674,67.0,67.0,10.0,20.7,28.266667,0.78,0.4,False,17.0,1139.0,1139.0,1139.0,False,67.0,67.0,False,False,Chris Moore,BAL,receivingYards,STARTER,Ourlads depth chart,986.0,986.0,,0.0,17.0,,,1.0,False,1.0,0.1,1.5,0.15,0.0,2.55,0.156
00-0033921,Chris Godwin Jr.,WR,TB,2026.0,30.5119,3.0,33.0,2.0,9.0,ROTATIONAL,4.0,False,292.4,941.369393,857.581754,857.581754,857.581754,857.581754,TB,WR,True,WR,TB,STARTER,ROTATIONAL,1,True,Ourlads depth chart,TB,TB,False,00-0034855,3052587,Baker Mayfield,True,0.0,1.0,0.6722222222,0.6722222222,0.0,1.0,False,True,MEDIUM,,Head coach retained; offensive coordinator changed.,0.9927459093,0.9981864773,CIN,0.8282462425,0.96,0.9981864773,67.0,47.60497474,67.0,67.0,9.0,40.0,74.568067,0.78,0.4,False,17.0,1139.0,1139.0,1139.0,False,67.0,67.0,False,False,Chris Godwin Jr.,TB,receivingYards,STARTER,Ourlads depth chart,977.0,977.0,,0.0,17.0,,,1.0,False,2.0,0.2222,1.5,0.3333,0.0,5.67,0.32
00-0034419,Braxton Berrios,WR,HOU,2026.0,30.906158,3.0,26.0,1.0,4.0,BACKUP,6.0,False,102.0,105.803938,112.063356,114.304623,114.304623,114.304623,NYG,WR,True,WR,NYG,STARTER,BACKUP,1,True,Ourlads depth chart,HOU,NYG,True,00-0039163,4689114,Jaxson Dart,True,-25.2877345277,0.9544820779,0.6290909091,0.6027667984,-4.1844684594,0.9907941694,True,True,LOW,,New head coach and offensive staff.,1.0432329497,1.0108082374,DAL,1.2296791762,1.04,0.9559165766,67.0,7.6325,67.0,67.0,4.0,9.25,5.20625,0.6,0.4,False,17.0,1139.0,1139.0,1139.0,False,67.0,67.0,False,False,Braxton Berrios,NYG,receivingYards,STARTER,Ourlads depth chart,949.0,949.0,,0.0,17.0,,,1.0,False,0.0,0.0,1.5,0.0,0.0,0.0,0.0
00-0034837,Calvin Ridley,WR,TEN,2026.0,31.700151,3.0,41.0,2.0,7.0,ROTATIONAL,4.0,False,292.4,834.927123,760.020654,698.018646,698.018646,698.018646,TEN,WR,True,WR,TEN,STARTER,ROTATIONAL,1,True,Ourlads depth chart,TEN,TEN,False,00-0040676,4688380,Cam Ward,True,0.0,1.0,0.5413385827,0.5413385827,0.0,1.0,True,True,LOW,,New head coach and offensive staff.,1.0515437784,1.0128859446,NYJ,0.9784134622,0.9946033655,1.0128859446,67.0,49.8926048,67.0,67.0,7.0,43.285714,59.802941,0.6,0.4,False,17.0,1139.0,1139.0,1139.0,False,67.0,67.0,False,False,Calvin Ridley,TEN,receivingYards,STARTER,Ourlads depth chart,932.0,932.0,,0.0,17.0,,,1.0,False,0.0,0.0,1.5,0.0,0.0,0.0,0.0
00-0037487,Deven Thompkins,WR,ATL,2026.0,26.692519,3.0,29.0,1.0,7.0,BACKUP,7.0,False,102.0,73.43424,84.742656,84.742656,84.742656,84.742656,LV,WR,True,WR,LV,STARTER,BACKUP,1,True,Ourlads depth chart,ATL,LV,True,00-0039917,14880,Kirk Cousins,True,-21.851664906,0.9606670032,0.5119047619,0.4602150538,-10.0975243811,0.9777854464,True,True,LOW,,New head coach and offensive staff.,0.9302902803,0.9825725701,MIA,0.9158085368,0.9789521342,0.9229561727,67.0,4.0378154,67.0,67.0,7.0,3.857143,4.308824,0.6,0.4,False,17.0,1139.0,1139.0,1139.0,False,67.0,67.0,False,False,Deven Thompkins,LV,receivingYards,STARTER,Ourlads depth chart,926.0,926.0,,0.0,17.0,,,1.0,False,0.0,0.0,1.5,0.0,0.0,0.0,0.0
00-0033589,David Moore,WR,CAR,2026.0,31.628966,3.0,24.0,1.0,3.0,BACKUP,7.0,False,102.0,141.821754,137.603816,125.903126,125.903126,125.903126,CAR,WR,True,WR,CAR,STARTER,BACKUP,1,True,Ourlads depth chart,CAR,CAR,False,00-0039150,4685720,Bryce Young,True,0.0,1.0,0.6020833333,0.6020833333,0.0,1.0,False,False,HIGH,,Offensive leadership retained.,0.9848829696,0.9962207424,CHI,1.1510000132,1.0377500033,0.9962207424,67.0,14.0339999,67.0,67.0,3.0,1.666667,20.693333,0.35,0.04,False,17.0,1139.0,1139.0,1139.0,False,67.0,67.0,False,False,David Moore,CAR,receivingYards,STARTER,Ourlads depth chart,918.0,918.0,,0.0,17.0,,,1.0,False,0.0,0.0,1.5,0.0,0.0,0.0,0.0
00-0037666,Jalen Tolbert,WR,DAL,2026.0,27.511154,3.0,43.0,3.0,12.0,BACKUP,5.0,False,102.0,387.78351,361.910228,361.910228,361.910228,361.910228,MIA,WR,True,WR,MIA,STARTER,BACKUP,3,True,Ourlads depth chart,DAL,MIA,True,00-0033077,4242512,Malik Willis,True,-60.5997363969,0.94,0.6375617792,0.5314533623,-16.6428447314,0.9633857416,True,True,LOW,,New head coach and offensive staff.,0.9589800573,0.9897450143,LV,1.0587846502,1.0146961625,0.8962958605,40.0,18.2273532,40.0,40.0,12.0,16.916667,30.023529,0.9,0.4,False,17.0,680.0,680.0,680.0,False,40.0,40.0,False,False,Jalen Tolbert,MIA,receivingYards,STARTER,Ourlads depth chart,844.0,844.0,,0.0,17.0,,,1.0,False,1.0,0.0833,1.5,0.125,0.0,2.12,0.1268
00-0034487,Trent Sherfield,WR,ARI,2026.0,30.514638,3.0,28.0,2.0,4.0,BACKUP,7.0,False,102.0,110.038266,115.182248,115.182248,115.182248,115.182248,BUF,WR,True,WR,BUF,STARTER,BACKUP,4,True,Ourlads depth chart,ARI,BUF,True,00-0033119,4039034,Shane Buechele,True,-63.3986927452,0.94,0.4492753623,0.5853174603,30.2803379416,1.06,True,True,MEDIUM,,Head-coach change with some offensive-system continuity.,0.9738101588,0.9934525397,HOU,0.914539518,0.9786348795,0.9898761106,40.0,5.9045456,40.0,40.0,4.0,5.25,6.886364,0.6,0.4,False,17.0,680.0,680.0,680.0,False,40.0,40.0,False,False,Trent Sherfield,BUF,receivingYards,STARTER,Ourlads depth chart,806.0,806.0,,0.0,17.0,,,1.0,False,0.0,0.0,1.5,0.0,0.0,0.0,0.0
3916071,Gary Jennings,WR,,,,,,,,,,,,,,,,,LAC,,,WR,LAC,STARTER,UNCERTAIN,1,True,Ourlads depth chart,,LAC,False,,4038941,Justin Herbert,False,0.0,1.0,,0.687732342,0.0,1.0,False,True,MEDIUM,,Head coach retained; offensive coordinator changed.,0.9672162378,0.9918040595,ARI,0.9856045685,0.9964011421,0.9918040595,67.0,67.0,67.0,67.0,0.0,67.0,67.0,0.35,0.4,False,17.0,1139.0,1139.0,1139.0,False,67.0,67.0,False,False,Gary Jennings,LAC,receivingYards,STARTER,Ourlads depth chart,792.0,792.0,,0.0,17.0,,,1.0,False,,,,,,,
00-0039146,Jayden Reed,WR,GB,2026.0,26.344805,3.0,38.0,2.0,5.0,BACKUP,5.0,False,102.0,794.792051,705.420408,705.420408,705.420408,705.420408,GB,WR,True,WR,GB,STARTER,BACKUP,3,True,Ourlads depth chart,GB,GB,False,00-0036264,4036378,Jordan Love,True,0.0,1.0,0.6173913043,0.6173913043,0.0,1.0,False,False,HIGH,,Offensive leadership retained.,0.9901083409,0.9975270852,MIN,0.8337453238,0.96,0.9975270852,40.0,44.8858088,40.0,40.0,5.0,41.4,50.114522,0.6,0.04,False,17.0,680.0,680.0,680.0,False,40.0,40.0,False,False,Jayden Reed,GB,receivingYards,STARTER,Ourlads depth chart,785.0,785.0,,0.0,17.0,,,1.0,False,1.0,0.2,0.9662,0.1932,0.0,3.29,0.1855
00-0039855,Jalen McMillan,WR,TB,2026.0,24.734916,2.0,17.0,1.0,4.0,BACKUP,6.0,False,102.0,682.635418,540.921831,551.740267,551.740267,551.740267,TB,WR,True,WR,TB,STARTER,BACKUP,4,True,Ourlads depth chart,TB,TB,False,00-0034855,3052587,Baker Mayfield,True,0.0,1.0,0.6722222222,0.6722222222,0.0,1.0,False,True,MEDIUM,,Head coach retained; offensive coordinator changed.,0.9927459093,0.9981864773,CIN,0.8282462425,0.96,0.9981864773,40.0,40.8846152,40.0,40.0,4.0,44.5,35.461538,0.6,0.4,False,17.0,680.0,680.0,680.0,False,40.0,40.0,False,False,Jalen McMillan,TB,receivingYards,STARTER,Ourlads depth chart,773.0,773.0,,0.0,17.0,,,1.0,False,0.0,0.0,0.8989,0.0,0.0,0.0,0.0
4832800,Denzel Boston,WR,,,,,,,,,,,,,,,,,CLE,,,WR,CLE,STARTER,UNCERTAIN,1,True,Ourlads depth chart,,CLE,False,,3122840,Deshaun Watson,False,0.0,1.0,,0.4427480916,0.0,1.0,True,True,LOW,,New head coach and offensive staff.,1.0439047832,1.0109761958,JAX,0.9911036498,0.9977759124,1.0109761958,67.0,67.0,67.0,67.0,0.0,67.0,67.0,0.35,0.4,False,17.0,1139.0,1139.0,1139.0,False,67.0,67.0,False,False,Denzel Boston,CLE,receivingYards,STARTER,Ourlads depth chart,752.0,752.0,,0.0,17.0,,,1.0,False,,,,,,,
4240573,Ihmir Smith-Marsette,WR,,,,,,,,,,,,,,,,,ARI,,,WR,ARI,STARTER,UNCERTAIN,1,True,Ourlads depth chart,,ARI,False,,2578570,Jacoby Brissett,False,0.0,1.0,,0.4492753623,0.0,1.0,True,True,LOW,,New head coach and offensive staff.,1.0026492322,1.000662308,LAC,0.9166545493,0.9791636373,1.000662308,67.0,67.0,67.0,67.0,0.0,67.0,67.0,0.35,0.4,False,17.0,1139.0,1139.0,1139.0,False,67.0,67.0,False,False,Ihmir Smith-Marsette,ARI,receivingYards,STARTER,Ourlads depth chart,741.0,741.0,,0.0,17.0,,,1.0,False,0.0,0.0,1.0,0.0,0.0,0.0,0.0
00-0034854,KhaDarel Hodge,WR,ATL,2026.0,32.661157,3.0,33.0,3.0,8.0,BACKUP,6.0,False,102.0,121.753035,122.376833,110.96039,110.96039,110.96039,SF,WR,True,WR,SF,STARTER,BACKUP,3,True,Ourlads depth chart,ATL,SF,True,00-0039917,4361741,Brock Purdy,True,9.3340062657,1.0168012113,0.5119047619,0.4473197782,-12.6166014701,0.9722434768,False,False,HIGH,,Offensive leadership retained.,0.983414889,0.9958537223,LAR,1.0414413938,1.0103603485,0.9844794244,40.0,6.00149998,40.0,40.0,8.0,3.875,13.540909,0.78,0.45,False,17.0,680.0,680.0,680.0,False,40.0,40.0,False,False,KhaDarel Hodge,SF,receivingYards,STARTER,Ourlads depth chart,721.0,721.0,,0.0,17.0,,,1.0,False,0.0,0.0,1.5,0.0,0.0,0.0,0.0
4869645,Caleb Douglas,WR,,,,,,,,,,,,,,,,,MIA,,,WR,MIA,STARTER,UNCERTAIN,1,True,Ourlads depth chart,,MIA,False,,4242512,Malik Willis,False,0.0,1.0,,0.5314533623,0.0,1.0,True,True,LOW,,New head coach and offensive staff.,0.9589800573,0.9897450143,LV,1.0587846502,1.0146961625,0.9897450143,67.0,67.0,67.0,67.0,0.0,67.0,67.0,0.35,0.4,False,17.0,1139.0,1139.0,1139.0,False,67.0,67.0,False,False,Caleb Douglas,MIA,receivingYards,STARTER,Ourlads depth chart,637.0,637.0,,0.0,17.0,,,1.0,False,,,,,,,
00-0037132,Britain Covey,WR,PHI,2026.0,29.457805,3.0,26.0,1.0,6.0,BACKUP,5.0,False,102.0,71.474729,92.857709,92.857709,92.857709,92.857709,PHI,WR,True,WR,PHI,STARTER,BACKUP,1,True,Ourlads depth chart,PHI,PHI,False,00-0036389,4040715,Jalen Hurts,True,0.0,1.0,0.6239130435,0.6239130435,0.0,1.0,False,True,MEDIUM,,Head coach retained; offensive coordinator changed.,1.0817762841,1.020444071,WAS,1.1700352946,1.04,1.020444071,67.0,4.1599998,67.0,67.0,6.0,3.333333,5.4,0.6,0.4,False,17.0,1139.0,1139.0,1139.0,False,67.0,67.0,False,False,Britain Covey,PHI,receivingYards,STARTER,Ourlads depth chart,617.0,617.0,,0.0,17.0,,,1.0,False,0.0,0.0,1.5,0.0,0.0,0.0,0.0
4870795,Makai Lemon,WR,,,,,,,,,,,,,,,,,PHI,,,WR,PHI,STARTER,UNCERTAIN,4,True,Ourlads depth chart,,PHI,False,,4040715,Jalen Hurts,False,0.0,1.0,,0.6239130435,0.0,1.0,False,True,MEDIUM,,Head coach retained; offensive coordinator changed.,1.0817762841,1.020444071,WAS,1.1700352946,1.04,1.020444071,40.0,40.0,40.0,40.0,0.0,40.0,40.0,0.35,0.4,False,17.0,680.0,680.0,680.0,False,40.0,40.0,False,False,Makai Lemon,PHI,receivingYards,STARTER,Ourlads depth chart,617.0,617.0,,0.0,17.0,,,1.0,False,,,,,,,
00-0036497,Tim Jones,WR,JAX,2026.0,28.299671,3.0,20.0,2.0,2.0,BACKUP,7.0,False,102.0,120.67365,124.995115,127.021494,127.021494,127.021494,JAX,WR,True,WR,JAX,STARTER,BACKUP,4,True,Ourlads depth chart,JAX,JAX,False,00-0036971,4360310,Trevor Lawrence,True,0.0,1.0,0.667876588,0.667876588,0.0,1.0,False,False,HIGH,,Offensive leadership retained.,1.0625170583,1.0156292646,CLE,0.7876376423,0.96,1.0156292646,40.0,6.6785625,40.0,40.0,2.0,7.5,6.23625,0.35,0.04,False,17.0,680.0,680.0,680.0,False,40.0,40.0,False,False,Tim Jones,JAX,receivingYards,STARTER,Ourlads depth chart,614.0,614.0,,0.0,17.0,,,1.0,False,0.0,0.0,1.5,0.0,0.0,0.0,0.0
5093923,Andrew Armstrong,WR,,,,,,,,,,,,,,,,,KC,,,WR,KC,STARTER,UNCERTAIN,1,True,Ourlads depth chart,,KC,False,,3139477,Patrick Mahomes,False,0.0,1.0,,0.5683060109,0.0,1.0,False,True,MEDIUM,,Head coach retained; offensive coordinator changed.,0.962214811,0.9905537027,DEN,0.9407659057,0.9851914764,0.9905537027,67.0,67.0,67.0,67.0,0.0,67.0,67.0,0.35,0.4,False,17.0,1139.0,1139.0,1139.0,False,67.0,67.0,False,False,Andrew Armstrong,KC,receivingYards,STARTER,Ourlads depth chart,610.0,610.0,,0.0,17.0,,,1.0,False,,,,,,,
00-0040727,Tre' Harris,WR,LAC,2026.0,24.50767,1.0,16.0,1.0,16.0,ROTATIONAL,4.0,False,292.4,344.25,332.444444,332.444444,332.444444,332.444444,LAC,WR,True,WR,LAC,STARTER,ROTATIONAL,4,True,Ourlads depth chart,LAC,LAC,False,00-0036355,4038941,Justin Herbert,True,0.0,1.0,0.687732342,0.687732342,0.0,1.0,False,True,MEDIUM,,Head coach retained; offensive coordinator changed.,0.9672162378,0.9918040595,ARI,0.9856045685,0.9964011421,0.9918040595,40.0,22.225,40.0,40.0,16.0,20.25,40.0,0.9,0.4,False,17.0,680.0,680.0,680.0,False,40.0,40.0,False,False,Tre' Harris,LAC,receivingYards,STARTER,Ourlads depth chart,597.0,597.0,,0.0,17.0,,,1.0,False,1.0,0.0625,1.5,0.0938,0.0,1.59,0.0934
00-0037380,Kaden Davis,WR,CLE,2026.0,27.935529,2.0,2.0,0.0,1.0,BACKUP,8.0,False,102.0,0.0,104.55,104.55,104.55,104.55,CHI,WR,True,WR,CHI,STARTER,BACKUP,1,True,Ourlads depth chart,CLE,CHI,True,00-0040668,4431611,Caleb Williams,True,32.5042017143,1.0585075631,0.4427480916,0.5943396226,34.238776838,1.06,False,True,MEDIUM,,Head coach retained; offensive coordinator changed.,0.9447222583,0.9861805646,CAR,0.8959272429,0.9739818107,1.1065123613,67.0,0.0,67.0,67.0,1.0,0.0,0.0,0.35,0.4,False,17.0,1139.0,1139.0,1139.0,False,67.0,67.0,False,False,Kaden Davis,CHI,receivingYards,STARTER,Ourlads depth chart,596.0,596.0,,0.0,17.0,,,1.0,False,0.0,0.0,1.0,0.0,0.0,0.0,0.0
00-0040735,Luther Burden III,WR,CHI,2026.0,22.722554,1.0,15.0,1.0,15.0,ROTATIONAL,4.0,False,292.4,738.933333,513.951948,513.951948,513.951948,513.951948,CHI,WR,True,WR,CHI,STARTER,ROTATIONAL,3,True,Ourlads depth chart,CHI,CHI,False,00-0039918,4431611,Caleb Williams,True,0.0,1.0,0.5943396226,0.5943396226,0.0,1.0,False,True,MEDIUM,,Head coach retained; offensive coordinator changed.,0.9447222583,0.9861805646,CAR,0.8959272429,0.9739818107,0.9861805646,40.0,43.1200003,40.0,40.0,15.0,43.466667,40.0,0.9,0.4,False,17.0,680.0,680.0,680.0,False,40.0,40.0,False,False,Luther Burden III,CHI,receivingYards,STARTER,Ourlads depth chart,596.0,596.0,,0.0,17.0,,,1.0,False,2.0,0.1333,0.9202,0.1227,0.0,2.09,0.1195
00-0040669,Isaac TeSlaa,WR,DET,2026.0,24.529573,1.0,14.0,1.0,14.0,ROTATIONAL,4.0,False,292.4,290.214286,309.5,309.5,309.5,309.5,DET,WR,True,WR,DET,STARTER,ROTATIONAL,2,True,Ourlads depth chart,DET,DET,False,00-0033106,4597679,Luke Altmyer,True,0.0,1.0,0.6090909091,0.6090909091,0.0,1.0,False,True,MEDIUM,,Head coach retained; offensive coordinator changed.,0.9775923324,0.9943980831,NO,0.8739309178,0.9684827294,0.9943980831,53.0,20.6642861,53.0,53.0,14.0,17.071429,53.0,0.9,0.4,False,17.0,901.0,901.0,901.0,False,53.0,53.0,False,False,Isaac TeSlaa,DET,receivingYards,STARTER,Ourlads depth chart,595.0,595.0,,0.0,17.0,,,1.0,False,6.0,0.4286,1.5,0.6429,0.0,10.93,0.6226
3915802,Lucky Jackson,WR,,,,,,,,,,,,,,,,,DET,,,WR,DET,STARTER,UNCERTAIN,4,True,Ourlads depth chart,,DET,False,,4597679,Luke Altmyer,False,0.0,1.0,,0.6090909091,0.0,1.0,False,True,MEDIUM,,Head coach retained; offensive coordinator changed.,0.9775923324,0.9943980831,NO,0.8739309178,0.9684827294,0.9943980831,40.0,40.0,40.0,40.0,0.0,40.0,40.0,0.35,0.4,False,17.0,680.0,680.0,680.0,False,40.0,40.0,False,False,Lucky Jackson,DET,receivingYards,STARTER,Ourlads depth chart,595.0,595.0,,0.0,17.0,,,1.0,False,,,,,,,
4431334,Chris Hilton Jr.,WR,,,,,,,,,,,,,,,,,GB,,,WR,GB,STARTER,UNCERTAIN,1,True,Ourlads depth chart,,GB,False,,4036378,Jordan Love,False,0.0,1.0,,0.6173913043,0.0,1.0,False,False,HIGH,,Offensive leadership retained.,0.9901083409,0.9975270852,MIN,0.8337453238,0.96,0.9975270852,67.0,67.0,67.0,67.0,0.0,67.0,67.0,0.35,0.04,False,17.0,1139.0,1139.0,1139.0,False,67.0,67.0,False,False,Chris Hilton Jr.,GB,receivingYards,STARTER,Ourlads depth chart,593.0,593.0,,0.0,17.0,,,1.0,False,,,,,,,
00-0040667,Matthew Golden,WR,GB,2026.0,23.086696,1.0,14.0,1.0,14.0,ROTATIONAL,4.0,False,292.4,438.357143,383.568182,383.568182,383.568182,383.568182,GB,WR,True,WR,GB,STARTER,ROTATIONAL,4,True,Ourlads depth chart,GB,GB,False,00-0036264,4036378,Jordan Love,True,0.0,1.0,0.6173913043,0.6173913043,0.0,1.0,False,False,HIGH,,Offensive leadership retained.,0.9901083409,0.9975270852,MIN,0.8337453238,0.96,0.9975270852,40.0,27.2071426,40.0,40.0,14.0,25.785714,40.0,0.9,0.04,False,17.0,680.0,680.0,680.0,False,40.0,40.0,False,False,Matthew Golden,GB,receivingYards,STARTER,Ourlads depth chart,593.0,593.0,,0.0,17.0,,,1.0,False,0.0,0.0,1.5,0.0,0.0,0.0,0.0
00-0039739,Roman Wilson,WR,PIT,2026.0,25.203098,1.0,9.0,1.0,9.0,BACKUP,5.0,False,102.0,313.555556,193.448276,193.448276,193.448276,193.448276,PIT,WR,True,WR,PIT,STARTER,BACKUP,3,True,Ourlads depth chart,PIT,PIT,False,00-0023459,8439,Aaron Rodgers,True,0.0,1.0,0.4743589744,0.4743589744,0.0,1.0,True,True,LOW,,New head coach and offensive staff.,0.9775176842,0.9943794211,ATL,1.0312892437,1.0078223109,0.9943794211,40.0,23.18666632,40.0,40.0,9.0,18.444444,40.0,0.78,0.4,False,17.0,680.0,680.0,680.0,False,40.0,40.0,False,False,Roman Wilson,PIT,receivingYards,STARTER,Ourlads depth chart,593.0,593.0,,0.0,17.0,,,1.0,False,2.0,0.2222,1.5,0.3333,0.0,5.67,0.3359
00-0039816,Anthony Gould,WR,IND,2026.0,25.405703,2.0,19.0,2.0,11.0,BACKUP,5.0,False,102.0,21.242249,53.053951,56.237188,56.237188,56.237188,IND,WR,True,WR,IND,STARTER,BACKUP,2,True,Ourlads depth chart,IND,IND,False,00-0035710,3917792,Daniel Jones,True,0.0,1.0,0.578125,0.578125,0.0,1.0,False,False,HIGH,,Offensive leadership retained.,1.0192211242,1.004805281,BAL,1.2195270261,1.04,1.004805281,53.0,1.0579549,53.0,53.0,11.0,0.545455,2.875,0.78,0.04,False,17.0,901.0,901.0,901.0,False,53.0,53.0,False,False,Anthony Gould,IND,receivingYards,STARTER,Ourlads depth chart,592.0,592.0,,0.0,17.0,,,1.0,False,0.0,0.0,1.5,0.0,0.0,0.0,0.0
4688418,Michael Briscoe,WR,,,,,,,,,,,,,,,,,MIN,,,WR,MIN,STARTER,UNCERTAIN,4,True,Ourlads depth chart,,MIN,False,,4573398,Max Brosmer,False,0.0,1.0,,0.6146993318,0.0,1.0,False,False,HIGH,,Offensive leadership retained.,1.0209131492,1.0052282873,GB,0.9712223559,0.992805589,1.0052282873,40.0,40.0,40.0,40.0,0.0,40.0,40.0,0.35,0.04,False,17.0,680.0,680.0,680.0,False,40.0,40.0,False,False,Michael Briscoe,MIN,receivingYards,STARTER,Ourlads depth chart,589.0,589.0,,0.0,17.0,,,1.0,False,,,,,,,
00-0039792,Devontez Walker,WR,BAL,2026.0,25.203098,2.0,11.0,1.0,8.0,ROTATIONAL,4.0,False,292.4,204.0,246.0,250.92,250.92,250.92,BAL,WR,True,WR,BAL,STARTER,ROTATIONAL,2,True,Ourlads depth chart,BAL,BAL,False,00-0034796,3916387,Lamar Jackson,True,0.0,1.0,0.5209876543,0.5209876543,0.0,1.0,True,True,LOW,,New head coach and offensive staff.,0.9842111361,0.996052784,IND,1.2102208886,1.04,0.996052784,53.0,14.8,53.0,53.0,8.0,17.0,7.0,0.78,0.4,False,17.0,901.0,901.0,901.0,False,53.0,53.0,False,False,Devontez Walker,BAL,receivingYards,STARTER,Ourlads depth chart,588.0,588.0,,0.0,17.0,,,1.0,False,3.0,0.375,1.5,0.5625,0.0,9.56,0.585
4696062,Antwane Wells Jr.,WR,,,,,,,,,,,,,,,,,ATL,,,WR,ATL,STARTER,UNCERTAIN,1,True,Ourlads depth chart,,ATL,False,,4360423,Michael Penix Jr.,False,0.0,1.0,,0.5119047619,0.0,1.0,True,True,LOW,,New head coach and offensive staff.,0.9923229031,0.9980807258,PIT,1.1768033946,1.04,0.9980807258,67.0,67.0,67.0,67.0,0.0,67.0,67.0,0.35,0.4,False,17.0,1139.0,1139.0,1139.0,False,67.0,67.0,False,False,Antwane Wells Jr.,ATL,receivingYards,STARTER,Ourlads depth chart,584.0,584.0,,0.0,17.0,,,1.0,False,,,,,,,
4429847,Garrett Greene,WR,,,,,,,,,,,,,,,,,TB,,,WR,TB,STARTER,UNCERTAIN,3,True,Ourlads depth chart,,TB,False,,3052587,Baker Mayfield,False,0.0,1.0,,0.6722222222,0.0,1.0,False,True,MEDIUM,,Head coach retained; offensive coordinator changed.,0.9927459093,0.9981864773,CIN,0.8282462425,0.96,0.9981864773,40.0,40.0,40.0,40.0,0.0,40.0,40.0,0.35,0.4,False,17.0,680.0,680.0,680.0,False,40.0,40.0,False,False,Garrett Greene,TB,receivingYards,STARTER,Ourlads depth chart,583.0,583.0,,0.0,17.0,,,1.0,False,,,,,,,
4685110,Anthony Smith,WR,,,,,,,,,,,,,,,,,DAL,,,WR,DAL,STARTER,UNCERTAIN,1,True,Ourlads depth chart,,DAL,False,,4360698,Joe Milton III,False,0.0,1.0,,0.6375617792,0.0,1.0,False,True,MEDIUM,,Head coach retained; offensive coordinator changed.,1.0547287667,1.0136821917,NYG,1.0913561316,1.0228390329,1.0136821917,67.0,67.0,67.0,67.0,0.0,67.0,67.0,0.35,0.4,False,17.0,1139.0,1139.0,1139.0,False,67.0,67.0,False,False,Anthony Smith,DAL,receivingYards,STARTER,Ourlads depth chart,581.0,581.0,,0.0,17.0,,,1.0,False,,,,,,,
4718457,Noah Thomas,WR,,,,,,,,,,,,,,,,,CIN,,,WR,CIN,STARTER,UNCERTAIN,3,True,Ourlads depth chart,,CIN,False,,4259592,Sean Clifford,False,0.0,1.0,,0.6046128501,0.0,1.0,False,False,HIGH,,Offensive leadership retained.,1.0305178794,1.0076294699,TB,1.0613226877,1.0153306719,1.0076294699,40.0,40.0,40.0,40.0,0.0,40.0,40.0,0.35,0.04,False,17.0,680.0,680.0,680.0,False,40.0,40.0,False,False,Noah Thomas,CIN,receivingYards,STARTER,Ourlads depth chart,576.0,576.0,,0.0,17.0,,,1.0,False,,,,,,,
4879276,Bryce Lance,WR,,,,,,,,,,,,,,,,,NO,,,WR,NO,STARTER,UNCERTAIN,1,True,Ourlads depth chart,,NO,False,,4360689,Tyler Shough,False,0.0,1.0,,0.5337552743,0.0,1.0,False,False,HIGH,,Offensive leadership retained.,1.0117314252,1.0029328563,DET,1.1184285318,1.0296071329,1.0029328563,67.0,67.0,67.0,67.0,0.0,67.0,67.0,0.35,0.04,False,17.0,1139.0,1139.0,1139.0,False,67.0,67.0,False,False,Bryce Lance,NO,receivingYards,STARTER,Ourlads depth chart,575.0,575.0,,0.0,17.0,,,1.0,False,,,,,,,
00-0038740,Jalen Moreno-Cropper,WR,DAL,2026.0,25.33178,1.0,2.0,0.0,2.0,BACKUP,7.0,False,102.0,0.0,126.727273,126.727273,126.727273,126.727273,NO,WR,True,WR,NO,STARTER,BACKUP,4,True,Ourlads depth chart,DAL,NO,True,00-0033077,4360689,Tyler Shough,True,-19.0605527377,0.9656910051,0.6375617792,0.5337552743,-16.281795484,0.9641800499,False,False,HIGH,,Offensive leadership retained.,1.0117314252,1.0029328563,DET,1.1184285318,1.0296071329,0.933830784,40.0,26.0,40.0,40.0,2.0,0.0,40.0,0.35,0.45,False,17.0,680.0,680.0,680.0,False,40.0,40.0,False,False,Jalen Moreno-Cropper,NO,receivingYards,STARTER,Ourlads depth chart,575.0,575.0,,0.0,17.0,,,1.0,False,0.0,0.0,1.0,0.0,0.0,0.0,0.0
00-0036959,Michael Bandy,WR,DEN,2026.0,28.740474,2.0,5.0,0.0,4.0,BACKUP,6.0,False,102.0,92.96875,118.294886,118.294886,118.294886,118.294886,DEN,WR,True,WR,DEN,STARTER,BACKUP,3,True,Ourlads depth chart,DEN,DEN,False,00-0039732,4426338,Bo Nix,True,0.0,1.0,0.6071428571,0.6071428571,0.0,1.0,False,True,MEDIUM,,Head coach retained; offensive coordinator changed.,0.9566410815,0.9891602704,KC,0.8963502492,0.9740875623,0.9891602704,40.0,7.5,40.0,40.0,4.0,12.5,0.0,0.6,0.4,False,17.0,680.0,680.0,680.0,False,40.0,40.0,False,False,Michael Bandy,DEN,receivingYards,STARTER,Ourlads depth chart,572.0,572.0,,0.0,17.0,,,1.0,False,1.0,0.25,1.5,0.375,0.0,6.38,0.3653
00-0040134,Pat Bryant,WR,DEN,2026.0,23.727366,1.0,13.0,1.0,13.0,ROTATIONAL,4.0,False,292.4,494.307692,403.949036,403.949036,403.949036,403.949036,DEN,WR,True,WR,DEN,STARTER,ROTATIONAL,4,True,Ourlads depth chart,DEN,DEN,False,00-0039732,4426338,Bo Nix,True,0.0,1.0,0.6071428571,0.6071428571,0.0,1.0,False,True,MEDIUM,,Head coach retained; offensive coordinator changed.,0.9566410815,0.9891602704,KC,0.8963502492,0.9740875623,0.9891602704,40.0,30.1692307,40.0,40.0,13.0,29.076923,40.0,0.9,0.4,False,17.0,680.0,680.0,680.0,False,40.0,40.0,False,False,Pat Bryant,DEN,receivingYards,STARTER,Ourlads depth chart,572.0,572.0,,0.0,17.0,,,1.0,False,1.0,0.0769,1.3757,0.1058,0.0,1.8,0.1031
5081432,Antonio Williams,WR,,,,,,,,,,,,,,,,,WAS,,,WR,WAS,STARTER,UNCERTAIN,1,True,Ourlads depth chart,,WAS,False,,4361994,Sam Hartman,False,0.0,1.0,,0.6319444444,0.0,1.0,False,True,MEDIUM,,Head coach retained; offensive coordinator changed.,1.0288756198,1.007218905,PHI,0.9856045685,0.9964011421,1.007218905,67.0,67.0,67.0,67.0,0.0,67.0,67.0,0.35,0.4,False,17.0,1139.0,1139.0,1139.0,False,67.0,67.0,False,False,Antonio Williams,WAS,receivingYards,STARTER,Ourlads depth chart,569.0,569.0,,0.0,17.0,,,1.0,False,,,,,,,
4683111,Jaden Bradley,WR,,,,,,,,,,,,,,,,,WAS,,,WR,WAS,STARTER,UNCERTAIN,2,True,Ourlads depth chart,,WAS,False,,4361994,Sam Hartman,False,0.0,1.0,,0.6319444444,0.0,1.0,False,True,MEDIUM,,Head coach retained; offensive coordinator changed.,1.0288756198,1.007218905,PHI,0.9856045685,0.9964011421,1.007218905,53.0,53.0,53.0,53.0,0.0,53.0,53.0,0.35,0.4,False,17.0,901.0,901.0,901.0,False,53.0,53.0,False,False,Jaden Bradley,WAS,receivingYards,STARTER,Ourlads depth chart,569.0,569.0,,0.0,17.0,,,1.0,False,,,,,,,
4870653,KC Concepcion,WR,,,,,,,,,,,,,,,,,CLE,,,WR,CLE,STARTER,UNCERTAIN,3,True,Ourlads depth chart,,CLE,False,,3122840,Deshaun Watson,False,0.0,1.0,,0.4427480916,0.0,1.0,True,True,LOW,,New head coach and offensive staff.,1.0439047832,1.0109761958,JAX,0.9911036498,0.9977759124,1.0109761958,40.0,40.0,40.0,40.0,0.0,40.0,40.0,0.35,0.4,False,17.0,680.0,680.0,680.0,False,40.0,40.0,False,False,KC Concepcion,CLE,receivingYards,STARTER,Ourlads depth chart,568.0,568.0,,0.0,17.0,,,1.0,False,,,,,,,
5096863,Kole Wilson,WR,,,,,,,,,,,,,,,,,CLE,,,WR,CLE,STARTER,UNCERTAIN,4,True,Ourlads depth chart,,CLE,False,,3122840,Deshaun Watson,False,0.0,1.0,,0.4427480916,0.0,1.0,True,True,LOW,,New head coach and offensive staff.,1.0439047832,1.0109761958,JAX,0.9911036498,0.9977759124,1.0109761958,40.0,40.0,40.0,40.0,0.0,40.0,40.0,0.35,0.4,False,17.0,680.0,680.0,680.0,False,40.0,40.0,False,False,Kole Wilson,CLE,receivingYards,STARTER,Ourlads depth chart,568.0,568.0,,0.0,17.0,,,1.0,False,,,,,,,
4682648,Malachi Fields,WR,,,,,,,,,,,,,,,,,NYG,,,WR,NYG,STARTER,UNCERTAIN,3,True,Ourlads depth chart,,NYG,False,,4689114,Jaxson Dart,False,0.0,1.0,,0.6027667984,0.0,1.0,True,True,LOW,,New head coach and offensive staff.,1.0432329497,1.0108082374,DAL,1.2296791762,1.04,1.0108082374,40.0,40.0,40.0,40.0,0.0,40.0,40.0,0.35,0.4,False,17.0,680.0,680.0,680.0,False,40.0,40.0,False,False,Malachi Fields,NYG,receivingYards,STARTER,Ourlads depth chart,567.0,567.0,,0.0,17.0,,,1.0,False,,,,,,,
00-0040138,Jaylin Noel,WR,HOU,2026.0,23.992943,1.0,17.0,1.0,17.0,BACKUP,5.0,False,102.0,292.0,194.810811,194.810811,194.810811,194.810811,HOU,WR,True,WR,HOU,STARTER,BACKUP,1,True,Ourlads depth chart,HOU,HOU,False,00-0039163,4432577,C.J. Stroud,True,0.0,1.0,0.6290909091,0.6290909091,0.0,1.0,False,False,HIGH,,Offensive leadership retained.,1.0583118785,1.0145779696,BUF,0.8312072863,0.96,1.0145779696,67.0,22.1588239,67.0,67.0,17.0,17.176471,67.0,0.9,0.04,False,17.0,1139.0,1139.0,1139.0,False,67.0,67.0,False,False,Jaylin Noel,HOU,receivingYards,STARTER,Ourlads depth chart,565.0,565.0,,0.0,17.0,,,1.0,False,2.0,0.1176,1.5,0.1765,0.0,3.0,0.1694
4683159,Lewis Bond,WR,,,,,,,,,,,,,,,,,HOU,,,WR,HOU,STARTER,UNCERTAIN,3,True,Ourlads depth chart,,HOU,False,,4432577,C.J. Stroud,False,0.0,1.0,,0.6290909091,0.0,1.0,False,False,HIGH,,Offensive leadership retained.,1.0583118785,1.0145779696,BUF,0.8312072863,0.96,1.0145779696,40.0,40.0,40.0,40.0,0.0,40.0,40.0,0.35,0.04,False,17.0,680.0,680.0,680.0,False,40.0,40.0,False,False,Lewis Bond,HOU,receivingYards,STARTER,Ourlads depth chart,565.0,565.0,,0.0,17.0,,,1.0,False,,,,,,,
4871023,Carnell Tate,WR,,,,,,,,,,,,,,,,,TEN,,,WR,TEN,STARTER,UNCERTAIN,2,True,Ourlads depth chart,,TEN,False,,4688380,Cam Ward,False,0.0,1.0,,0.5413385827,0.0,1.0,True,True,LOW,,New head coach and offensive staff.,1.0515437784,1.0128859446,NYJ,0.9784134622,0.9946033655,1.0128859446,53.0,53.0,53.0,53.0,0.0,53.0,53.0,0.35,0.4,False,17.0,901.0,901.0,901.0,False,53.0,53.0,False,False,Carnell Tate,TEN,receivingYards,STARTER,Ourlads depth chart,556.0,556.0,,0.0,17.0,,,1.0,False,,,,,,,
00-0040522,Xavier Restrepo,WR,TEN,2026.0,24.38994,1.0,2.0,0.0,2.0,BACKUP,6.0,False,102.0,348.5,158.409091,158.409091,158.409091,158.409091,TEN,WR,True,WR,TEN,STARTER,BACKUP,4,True,Ourlads depth chart,TEN,TEN,False,00-0040676,4688380,Cam Ward,True,0.0,1.0,0.5413385827,0.5413385827,0.0,1.0,True,True,LOW,,New head coach and offensive staff.,1.0515437784,1.0128859446,NYJ,0.9784134622,0.9946033655,1.0128859446,40.0,33.175,40.0,40.0,2.0,20.5,40.0,0.35,0.4,False,17.0,680.0,680.0,680.0,False,40.0,40.0,False,False,Xavier Restrepo,TEN,receivingYards,STARTER,Ourlads depth chart,556.0,556.0,,0.0,17.0,,,1.0,False,0.0,0.0,1.5,0.0,0.0,0.0,0.0
00-0035602,Alex Bachman,WR,LV,2026.0,30.260012,2.0,16.0,1.0,11.0,BACKUP,6.0,False,102.0,40.904461,83.025764,83.025764,83.025764,83.025764,LAR,WR,True,WR,LAR,STARTER,BACKUP,1,True,Ourlads depth chart,LV,LAR,True,00-0030565,12483,Matthew Stafford,True,37.2970343185,1.06,0.4602150538,0.6316695353,37.2552962183,1.06,False,True,MEDIUM,,Head coach retained; offensive coordinator changed.,0.9897848656,0.9974462164,SF,1.0541315814,1.0135328953,1.1207305687,67.0,2.21490902,67.0,67.0,11.0,1.090909,6.2,0.78,0.4,False,17.0,1139.0,1139.0,1139.0,False,67.0,67.0,False,False,Alex Bachman,LAR,receivingYards,STARTER,Ourlads depth chart,554.0,554.0,,0.0,17.0,,,1.0,False,0.0,0.0,1.5,0.0,0.0,0.0,0.0
00-0038621,DeMario Douglas,WR,NE,2026.0,25.731514,3.0,46.0,3.0,16.0,ROTATIONAL,4.0,False,292.4,548.350011,508.108938,467.460223,467.460223,467.460223,NE,WR,True,WR,NE,STARTER,ROTATIONAL,2,True,Ourlads depth chart,NE,NE,False,00-0039851,4431452,Drake Maye,True,0.0,1.0,0.5883575884,0.5883575884,0.0,1.0,False,False,HIGH,,Offensive leadership retained.,0.9589800573,0.9897450143,SEA,0.7969437798,0.96,0.9897450143,53.0,29.0690625,53.0,53.0,16.0,27.9375,39.253125,0.9,0.04,False,17.0,901.0,901.0,901.0,False,53.0,53.0,False,False,DeMario Douglas,NE,receivingYards,STARTER,Ourlads depth chart,553.0,553.0,,0.0,17.0,,,1.0,False,3.0,0.1875,1.5,0.2812,0.0,4.78,0.27
00-0039451,Isaiah Williams,WR,NYJ,2026.0,25.589143,2.0,23.0,2.0,15.0,ROTATIONAL,4.0,False,292.4,155.712572,194.746305,206.431084,206.431084,206.431084,NYJ,WR,True,WR,NYJ,STARTER,ROTATIONAL,3,True,Ourlads depth chart,NYJ,NYJ,False,00-0036945,4250360,Bailey Zappe,True,0.0,1.0,0.593877551,0.593877551,0.0,1.0,False,True,MEDIUM,,Head coach retained; offensive coordinator changed.,0.9440255421,0.9860063855,TEN,1.1903395947,1.04,0.9860063855,40.0,11.6550003,40.0,40.0,15.0,12.866667,0.75,0.9,0.4,False,17.0,680.0,680.0,680.0,False,40.0,40.0,False,False,Isaiah Williams,NYJ,receivingYards,STARTER,Ourlads depth chart,553.0,553.0,,0.0,17.0,,,1.0,False,0.0,0.0,1.5,0.0,0.0,0.0,0.0
00-0040729,Jack Bech,WR,LV,2026.0,23.705463,1.0,14.0,1.0,14.0,ROTATIONAL,4.0,False,292.4,272.0,315.068182,315.068182,315.068182,315.068182,LV,WR,True,WR,LV,STARTER,ROTATIONAL,2,True,Ourlads depth chart,LV,LV,False,00-0030565,14880,Kirk Cousins,True,-14.6611571658,0.9736099171,0.4602150538,0.4602150538,0.0,1.0,True,True,LOW,,New head coach and offensive staff.,0.9302902803,0.9825725701,MIA,0.9158085368,0.9789521342,0.9566423985,53.0,19.7,53.0,53.0,14.0,16.0,53.0,0.9,0.4,False,17.0,901.0,901.0,901.0,False,53.0,53.0,False,False,Jack Bech,LV,receivingYards,STARTER,Ourlads depth chart,553.0,553.0,,0.0,17.0,,,1.0,False,0.0,0.0,1.5,0.0,0.0,0.0,0.0
5011554,Kyle Dixon,WR,,,,,,,,,,,,,,,,,NE,,,WR,NE,STARTER,UNCERTAIN,3,True,Ourlads depth chart,,NE,False,,4431452,Drake Maye,False,0.0,1.0,,0.5883575884,0.0,1.0,False,False,HIGH,,Offensive leadership retained.,0.9589800573,0.9897450143,SEA,0.7969437798,0.96,0.9897450143,40.0,40.0,40.0,40.0,0.0,40.0,40.0,0.35,0.04,False,17.0,680.0,680.0,680.0,False,40.0,40.0,False,False,Kyle Dixon,NE,receivingYards,STARTER,Ourlads depth chart,553.0,553.0,,0.0,17.0,,,1.0,False,,,,,,,
4682509,Malik McClain,WR,,,,,,,,,,,,,,,,,NYJ,,,WR,NYJ,STARTER,UNCERTAIN,4,True,Ourlads depth chart,,NYJ,False,,4250360,Bailey Zappe,False,0.0,1.0,,0.593877551,0.0,1.0,False,True,MEDIUM,,Head coach retained; offensive coordinator changed.,0.9440255421,0.9860063855,TEN,1.1903395947,1.04,0.9860063855,40.0,40.0,40.0,40.0,0.0,40.0,40.0,0.35,0.4,False,17.0,680.0,680.0,680.0,False,40.0,40.0,False,False,Malik McClain,NYJ,receivingYards,STARTER,Ourlads depth chart,553.0,553.0,,0.0,17.0,,,1.0,False,,,,,,,
4710714,De'Zhaun Stribling,WR,,,,,,,,,,,,,,,,,SF,,,WR,SF,STARTER,UNCERTAIN,1,True,Ourlads depth chart,,SF,False,,4361741,Brock Purdy,False,0.0,1.0,,0.4473197782,0.0,1.0,False,False,HIGH,,Offensive leadership retained.,0.983414889,0.9958537223,LAR,1.0414413938,1.0103603485,0.9958537223,67.0,67.0,67.0,67.0,0.0,67.0,67.0,0.35,0.04,False,17.0,1139.0,1139.0,1139.0,False,67.0,67.0,False,False,De'Zhaun Stribling,SF,receivingYards,STARTER,Ourlads depth chart,544.0,544.0,,0.0,17.0,,,1.0,False,,,,,,,
4685381,Emmanuel Henderson Jr.,WR,,,,,,,,,,,,,,,,,SEA,,,WR,SEA,STARTER,UNCERTAIN,2,True,Ourlads depth chart,,SEA,False,,3912547,Sam Darnold,False,0.0,1.0,,0.6819923372,0.0,1.0,False,True,MEDIUM,,Head coach retained; offensive coordinator changed.,1.0206145565,1.0051536391,NE,0.8519345927,0.9629836482,1.0051536391,53.0,53.0,53.0,53.0,0.0,53.0,53.0,0.35,0.4,False,17.0,901.0,901.0,901.0,False,53.0,53.0,False,False,Emmanuel Henderson Jr.,SEA,receivingYards,STARTER,Ourlads depth chart,521.0,521.0,,0.0,17.0,,,1.0,False,,,,,,,
4869961,Chris Bell,WR,,,,,,,,,,,,,,,,,MIA,,,WR,MIA,ROTATIONAL,UNCERTAIN,5,True,Ourlads depth chart,,MIA,False,,4242512,Malik Willis,False,0.0,1.0,,0.5314533623,0.0,1.0,True,True,LOW,,New head coach and offensive staff.,0.9589800573,0.9897450143,LV,1.0587846502,1.0146961625,0.9897450143,17.16,17.16,17.16,17.16,0.0,17.16,17.16,0.35,0.4,False,17.0,291.72,291.72,291.72,False,17.16,17.16,False,False,Chris Bell,MIA,receivingYards,ROTATIONAL,Ourlads depth chart,273.0,273.0,,0.0,17.0,,,1.0,False,,,,,,,
00-0038824,Ryan Miller,WR,TB,2026.0,26.530983,2.0,18.0,2.0,9.0,BACKUP,8.0,False,102.0,116.726337,125.795802,125.795802,125.795802,125.795802,MIA,WR,True,WR,MIA,ROTATIONAL,BACKUP,6,True,Ourlads depth chart,TB,MIA,True,00-0034855,4242512,Malik Willis,True,-51.4351475502,0.94,0.6722222222,0.5314533623,-20.9408221437,0.9539301913,True,True,LOW,,New head coach and offensive staff.,0.9589800573,0.9897450143,LV,1.0587846502,1.0146961625,0.8874987918,17.16,6.07555568,17.16,17.16,9.0,3.777778,14.222222,0.78,0.4,False,17.0,291.72,291.72,291.72,False,17.16,17.16,False,False,Ryan Miller,MIA,receivingYards,ROTATIONAL,Ourlads depth chart,273.0,273.0,,0.0,17.0,,,1.0,False,1.0,0.1111,1.5,0.1667,0.0,2.83,0.1691
00-0036980,Elijah Moore,WR,BUF,2026.0,26.432418,3.0,42.0,3.0,9.0,BACKUP,7.0,False,102.0,384.161138,358.122719,358.122719,358.122719,358.122719,PHI,WR,True,WR,PHI,ROTATIONAL,BACKUP,5,True,Ourlads depth chart,BUF,PHI,True,00-0034857,4040715,Jalen Hurts,True,-12.1046892039,0.9782115594,0.5853174603,0.6239130435,6.5939572587,1.014506706,False,True,MEDIUM,,Head coach retained; offensive coordinator changed.,1.0817762841,1.020444071,WAS,1.1700352946,1.04,1.0126909277,17.16,17.31219568,17.16,17.16,9.0,12.444444,34.570588,0.78,0.4,False,17.0,291.72,291.72,291.72,False,17.16,17.16,False,False,Elijah Moore,PHI,receivingYards,ROTATIONAL,Ourlads depth chart,265.0,265.0,,0.0,17.0,,,1.0,False,0.0,0.0,1.3789,0.0,0.0,0.0,0.0
4241372,Hollywood Brown,WR,,,,,,,,,,,,,,,,,PHI,,,WR,PHI,ROTATIONAL,UNCERTAIN,6,True,Ourlads depth chart,,PHI,False,,4040715,Jalen Hurts,False,0.0,1.0,,0.6239130435,0.0,1.0,False,True,MEDIUM,,Head coach retained; offensive coordinator changed.,1.0817762841,1.020444071,WAS,1.1700352946,1.04,1.020444071,17.16,17.16,17.16,17.16,0.0,17.16,17.16,0.35,0.4,False,17.0,291.72,291.72,291.72,False,17.16,17.16,False,False,Hollywood Brown,PHI,receivingYards,ROTATIONAL,Ourlads depth chart,265.0,265.0,,0.0,17.0,,,1.0,False,,,,,,,
00-0036841,Austin Trammell,WR,JAX,2026.0,28.162775,3.0,22.0,1.0,6.0,BACKUP,6.0,False,102.0,247.336076,209.24099,209.24099,209.24099,209.24099,JAX,WR,True,WR,JAX,ROTATIONAL,BACKUP,5,True,Ourlads depth chart,JAX,JAX,False,00-0036971,4360310,Trevor Lawrence,True,0.0,1.0,0.667876588,0.667876588,0.0,1.0,False,False,HIGH,,Offensive leadership retained.,1.0625170583,1.0156292646,CLE,0.7876376423,0.96,1.0156292646,17.16,15.270667,17.16,17.16,6.0,7.666667,26.676667,0.6,0.04,False,17.0,291.72,291.72,291.72,False,17.16,17.16,False,False,Austin Trammell,JAX,receivingYards,ROTATIONAL,Ourlads depth chart,263.0,263.0,,0.0,17.0,,,1.0,False,0.0,0.0,1.5,0.0,0.0,0.0,0.0
4685415,Travis Hunter,WR,,,,,,,,,,,,,,,,,JAX,,,WR,JAX,ROTATIONAL,UNCERTAIN,6,True,Ourlads depth chart,,JAX,False,,4360310,Trevor Lawrence,False,0.0,1.0,,0.667876588,0.0,1.0,False,False,HIGH,,Offensive leadership retained.,1.0625170583,1.0156292646,CLE,0.7876376423,0.96,1.0156292646,17.16,17.16,17.16,17.16,0.0,17.16,17.16,0.35,0.04,False,17.0,291.72,291.72,291.72,False,17.16,17.16,False,False,Travis Hunter,JAX,receivingYards,ROTATIONAL,Ourlads depth chart,263.0,263.0,,0.0,17.0,,,1.0,False,,,,,,,
00-0040646,Jalen Royals,WR,KC,2026.0,23.535713,1.0,2.0,0.0,2.0,BACKUP,6.0,False,102.0,34.0,105.090909,105.090909,105.090909,105.090909,KC,WR,True,WR,KC,ROTATIONAL,BACKUP,5,True,Ourlads depth chart,KC,KC,False,00-0033873,3139477,Patrick Mahomes,True,0.0,1.0,0.5683060109,0.5683060109,0.0,1.0,False,True,MEDIUM,,Head coach retained; offensive coordinator changed.,0.962214811,0.9905537027,DEN,0.9407659057,0.9851914764,0.9905537027,17.16,11.854,17.16,17.16,2.0,2.0,17.16,0.35,0.4,False,17.0,291.72,291.72,291.72,False,17.16,17.16,False,False,Jalen Royals,KC,receivingYards,ROTATIONAL,Ourlads depth chart,262.0,262.0,,0.0,17.0,,,1.0,False,0.0,0.0,1.5,0.0,0.0,0.0,0.0
00-0038519,Nikko Remigio,WR,KC,2026.0,26.826677,2.0,19.0,1.0,14.0,BACKUP,7.0,False,102.0,76.259204,100.700803,100.700803,100.700803,100.700803,KC,WR,True,WR,KC,ROTATIONAL,BACKUP,6,True,Ourlads depth chart,KC,KC,False,00-0033873,3139477,Patrick Mahomes,True,0.0,1.0,0.5683060109,0.5683060109,0.0,1.0,False,True,MEDIUM,,Head coach retained; offensive coordinator changed.,0.962214811,0.9905537027,DEN,0.9407659057,0.9851914764,0.9905537027,17.16,2.31,17.16,17.16,14.0,1.5,9.6,0.9,0.4,False,17.0,291.72,291.72,291.72,False,17.16,17.16,False,False,Nikko Remigio,KC,receivingYards,ROTATIONAL,Ourlads depth chart,262.0,262.0,,0.0,17.0,,,1.0,False,0.0,0.0,1.5,0.0,0.0,0.0,0.0
4242433,Joshua Palmer,WR,,,,,,,,,,,,,,,,,BUF,,,WR,BUF,ROTATIONAL,UNCERTAIN,5,True,Ourlads depth chart,,BUF,False,,4039034,Shane Buechele,False,0.0,1.0,,0.5853174603,0.0,1.0,True,True,MEDIUM,,Head-coach change with some offensive-system continuity.,0.9738101588,0.9934525397,HOU,0.914539518,0.9786348795,0.9934525397,17.16,17.16,17.16,17.16,0.0,17.16,17.16,0.35,0.4,False,17.0,291.72,291.72,291.72,False,17.16,17.16,False,False,Joshua Palmer,BUF,receivingYards,ROTATIONAL,Ourlads depth chart,261.0,261.0,,0.0,17.0,,,1.0,False,,,,,,,
4432215,Stephen Gosnell,WR,,,,,,,,,,,,,,,,,BUF,,,WR,BUF,ROTATIONAL,UNCERTAIN,6,True,Ourlads depth chart,,BUF,False,,4039034,Shane Buechele,False,0.0,1.0,,0.5853174603,0.0,1.0,True,True,MEDIUM,,Head-coach change with some offensive-system continuity.,0.9738101588,0.9934525397,HOU,0.914539518,0.9786348795,0.9934525397,17.16,17.16,17.16,17.16,0.0,17.16,17.16,0.35,0.4,False,17.0,291.72,291.72,291.72,False,17.16,17.16,False,False,Stephen Gosnell,BUF,receivingYards,ROTATIONAL,Ourlads depth chart,261.0,261.0,,0.0,17.0,,,1.0,False,,,,,,,
00-0040563,Efton Chism III,WR,NE,2026.0,24.849908,1.0,8.0,1.0,8.0,BACKUP,6.0,False,102.0,159.375,145.107143,145.107143,145.107143,145.107143,NE,WR,True,WR,NE,ROTATIONAL,BACKUP,5,True,Ourlads depth chart,NE,NE,False,00-0039851,4431452,Drake Maye,True,0.0,1.0,0.5883575884,0.5883575884,0.0,1.0,False,False,HIGH,,Offensive leadership retained.,0.9589800573,0.9897450143,SEA,0.7969437798,0.96,0.9897450143,17.16,11.0877,17.16,17.16,8.0,9.375,17.16,0.78,0.04,False,17.0,291.72,291.72,291.72,False,17.16,17.16,False,False,Efton Chism III,NE,receivingYards,ROTATIONAL,Ourlads depth chart,257.0,257.0,,0.0,17.0,,,1.0,False,1.0,0.125,1.5,0.1875,0.0,3.19,0.18
00-0038573,Derius Davis,WR,LAC,2026.0,25.97245,3.0,43.0,3.0,11.0,BACKUP,6.0,False,102.0,46.295581,66.609272,66.609272,66.609272,66.609272,LAC,WR,True,WR,LAC,ROTATIONAL,BACKUP,5,True,Ourlads depth chart,LAC,LAC,False,00-0036355,4038941,Justin Herbert,True,0.0,1.0,0.687732342,0.687732342,0.0,1.0,False,True,MEDIUM,,Head coach retained; offensive coordinator changed.,0.9672162378,0.9918040595,ARI,0.9856045685,0.9964011421,0.9918040595,17.16,2.07576552,17.16,17.16,11.0,0.909091,6.212157,0.78,0.4,False,17.0,291.72,291.72,291.72,False,17.16,17.16,False,False,Derius Davis,LAC,receivingYards,ROTATIONAL,Ourlads depth chart,256.0,256.0,,0.0,17.0,,,1.0,False,0.0,0.0,1.5,0.0,0.0,0.0,0.0
00-0040277,Jahdae Walker,WR,CHI,2026.0,24.159955,1.0,6.0,0.0,6.0,BACKUP,5.0,False,102.0,246.5,164.115385,164.115385,164.115385,164.115385,CHI,WR,True,WR,CHI,ROTATIONAL,BACKUP,5,True,Ourlads depth chart,CHI,CHI,False,00-0039918,4431611,Caleb Williams,True,0.0,1.0,0.5943396226,0.5943396226,0.0,1.0,False,True,MEDIUM,,Head coach retained; offensive coordinator changed.,0.9447222583,0.9861805646,CAR,0.8959272429,0.9739818107,0.9861805646,17.16,15.564,17.16,17.16,6.0,14.5,17.16,0.6,0.4,False,17.0,291.72,291.72,291.72,False,17.16,17.16,False,False,Jahdae Walker,CHI,receivingYards,ROTATIONAL,Ourlads depth chart,256.0,256.0,,0.0,17.0,,,1.0,False,2.0,0.3333,1.1834,0.3945,0.0,6.71,0.3842
00-0040184,KeAndre Lambert-Smith,WR,LAC,2026.0,24.877287,1.0,10.0,1.0,10.0,BACKUP,5.0,False,102.0,86.7,121.833333,121.833333,121.833333,121.833333,LAC,WR,True,WR,LAC,ROTATIONAL,BACKUP,6,True,Ourlads depth chart,LAC,LAC,False,00-0036355,4038941,Justin Herbert,True,0.0,1.0,0.687732342,0.687732342,0.0,1.0,False,True,MEDIUM,,Head coach retained; offensive coordinator changed.,0.9672162378,0.9918040595,ARI,0.9856045685,0.9964011421,0.9918040595,17.16,7.7532,17.16,17.16,10.0,5.1,17.16,0.78,0.4,False,17.0,291.72,291.72,291.72,False,17.16,17.16,False,False,KeAndre Lambert-Smith,LAC,receivingYards,ROTATIONAL,Ourlads depth chart,256.0,256.0,,0.0,17.0,,,1.0,False,1.0,0.1,1.5,0.15,0.0,2.55,0.1495
3914397,Scotty Miller,WR,,,,,,,,,,,,,,,,,CHI,,,WR,CHI,ROTATIONAL,UNCERTAIN,6,True,Ourlads depth chart,,CHI,False,,4431611,Caleb Williams,False,0.0,1.0,,0.5943396226,0.0,1.0,False,True,MEDIUM,,Head coach retained; offensive coordinator changed.,0.9447222583,0.9861805646,CAR,0.8959272429,0.9739818107,0.9861805646,17.16,17.16,17.16,17.16,0.0,17.16,17.16,0.35,0.4,False,17.0,291.72,291.72,291.72,False,17.16,17.16,False,False,Scotty Miller,CHI,receivingYards,ROTATIONAL,Ourlads depth chart,256.0,256.0,,0.0,17.0,,,1.0,False,,,,,,,
00-0037524,Tay Martin,WR,WAS,2026.0,28.715833,2.0,3.0,0.0,2.0,BACKUP,9.0,False,102.0,327.617284,163.950081,163.950081,163.950081,163.950081,DET,WR,True,WR,DET,ROTATIONAL,BACKUP,5,True,Ourlads depth chart,WAS,DET,True,00-0032268,4597679,Luke Altmyer,True,0.0,1.0,0.6319444444,0.6090909091,-3.6163836164,0.992043956,False,True,MEDIUM,,Head coach retained; offensive coordinator changed.,0.9775923324,0.9943980831,NO,0.8739309178,0.9684827294,0.9864866082,17.16,35.875,17.16,17.16,2.0,11.5,49.0,0.35,0.4,False,17.0,291.72,291.72,291.72,False,17.16,17.16,False,False,Tay Martin,DET,receivingYards,ROTATIONAL,Ourlads depth chart,255.0,255.0,,0.0,17.0,,,1.0,False,0.0,0.0,1.4922,0.0,0.0,0.0,0.0
00-0035544,Tom Kennedy,WR,DET,2026.0,30.093,2.0,9.0,0.0,6.0,BACKUP,5.0,False,102.0,47.8125,84.3625,84.3625,84.3625,84.3625,DET,WR,True,WR,DET,ROTATIONAL,BACKUP,6,True,Ourlads depth chart,DET,DET,False,00-0033106,4597679,Luke Altmyer,True,0.0,1.0,0.6090909091,0.6090909091,0.0,1.0,False,True,MEDIUM,,Head coach retained; offensive coordinator changed.,0.9775923324,0.9943980831,NO,0.8739309178,0.9684827294,0.9943980831,17.16,3.6,17.16,17.16,6.0,6.0,0.0,0.6,0.4,False,17.0,291.72,291.72,291.72,False,17.16,17.16,False,False,Tom Kennedy,DET,receivingYards,ROTATIONAL,Ourlads depth chart,255.0,255.0,,0.0,17.0,,,1.0,False,0.0,0.0,1.5,0.0,0.0,0.0,0.0
00-0035021,Ashton Dulin,WR,IND,2026.0,29.299007,2.0,25.0,2.0,12.0,ROTATIONAL,4.0,False,292.4,118.375781,154.415953,157.504272,157.504272,157.504272,IND,WR,True,WR,IND,ROTATIONAL,ROTATIONAL,5,True,Ourlads depth chart,IND,IND,False,00-0035710,3917792,Daniel Jones,True,0.0,1.0,0.578125,0.578125,0.0,1.0,False,False,HIGH,,Offensive leadership retained.,1.0192211242,1.004805281,BAL,1.2195270261,1.04,1.004805281,17.16,8.4653843,17.16,17.16,12.0,8.833333,5.153846,0.9,0.04,False,17.0,291.72,291.72,291.72,False,17.16,17.16,False,False,Ashton Dulin,IND,receivingYards,ROTATIONAL,Ourlads depth chart,254.0,254.0,,0.0,17.0,,,1.0,False,0.0,0.0,1.5,0.0,0.0,0.0,0.0
00-0036862,Ben Skowronek,WR,PIT,2026.0,29.181277,3.0,38.0,3.0,16.0,BACKUP,7.0,False,102.0,93.813226,99.089305,99.089305,99.089305,99.089305,PIT,WR,True,WR,PIT,ROTATIONAL,BACKUP,4,True,Ourlads depth chart,PIT,PIT,False,00-0023459,8439,Aaron Rodgers,True,0.0,1.0,0.4743589744,0.4743589744,0.0,1.0,True,True,LOW,,New head coach and offensive staff.,0.9775176842,0.9943794211,ATL,1.0312892437,1.0078223109,0.9943794211,26.4,4.5572756,26.4,26.4,16.0,4.3125,6.760256,0.9,0.4,False,17.0,448.8,448.8,448.8,False,26.4,26.4,False,False,Ben Skowronek,PIT,receivingYards,ROTATIONAL,Ourlads depth chart,254.0,254.0,,0.0,17.0,,,1.0,False,1.0,0.0625,1.5,0.0938,0.0,1.59,0.0945
00-0037091,Bo Melton,WR,GB,2026.0,27.292121,3.0,30.0,2.0,13.0,BACKUP,6.0,False,102.0,247.411319,231.981131,231.981131,231.981131,231.981131,GB,WR,True,WR,GB,ROTATIONAL,BACKUP,5,True,Ourlads depth chart,GB,GB,False,00-0036264,4036378,Jordan Love,True,0.0,1.0,0.6173913043,0.6173913043,0.0,1.0,False,False,HIGH,,Offensive leadership retained.,0.9901083409,0.9975270852,MIN,0.8337453238,0.96,0.9975270852,17.16,9.7701921,17.16,17.16,13.0,8.230769,23.625,0.9,0.04,False,17.0,291.72,291.72,291.72,False,17.16,17.16,False,False,Bo Melton,GB,receivingYards,ROTATIONAL,Ourlads depth chart,254.0,254.0,,0.0,17.0,,,1.0,False,1.0,0.0769,1.5,0.1154,0.0,1.96,0.1108
4685261,Germie Bernard,WR,,,,,,,,,,,,,,,,,PIT,,,WR,PIT,ROTATIONAL,UNCERTAIN,5,True,Ourlads depth chart,,PIT,False,,8439,Aaron Rodgers,False,0.0,1.0,,0.4743589744,0.0,1.0,True,True,LOW,,New head coach and offensive staff.,0.9775176842,0.9943794211,ATL,1.0312892437,1.0078223109,0.9943794211,17.16,17.16,17.16,17.16,0.0,17.16,17.16,0.35,0.4,False,17.0,291.72,291.72,291.72,False,17.16,17.16,False,False,Germie Bernard,PIT,receivingYards,ROTATIONAL,Ourlads depth chart,254.0,254.0,,0.0,17.0,,,1.0,False,,,,,,,
5081338,Kaden Wetjen,WR,,,,,,,,,,,,,,,,,PIT,,,WR,PIT,ROTATIONAL,UNCERTAIN,6,True,Ourlads depth chart,,PIT,False,,8439,Aaron Rodgers,False,0.0,1.0,,0.4743589744,0.0,1.0,True,True,LOW,,New head coach and offensive staff.,0.9775176842,0.9943794211,ATL,1.0312892437,1.0078223109,0.9943794211,17.16,17.16,17.16,17.16,0.0,17.16,17.16,0.35,0.4,False,17.0,291.72,291.72,291.72,False,17.16,17.16,False,False,Kaden Wetjen,PIT,receivingYards,ROTATIONAL,Ourlads depth chart,254.0,254.0,,0.0,17.0,,,1.0,False,,,,,,,
00-0032951,Laquon Treadwell,WR,IND,2026.0,31.21828,2.0,9.0,0.0,6.0,BACKUP,7.0,False,102.0,16.230453,91.209451,91.209451,91.209451,91.209451,IND,WR,True,WR,IND,ROTATIONAL,BACKUP,6,True,Ourlads depth chart,IND,IND,False,00-0035710,3917792,Daniel Jones,True,0.0,1.0,0.578125,0.578125,0.0,1.0,False,False,HIGH,,Offensive leadership retained.,1.0192211242,1.004805281,BAL,1.2195270261,1.04,1.004805281,17.16,2.1333332,17.16,17.16,6.0,0.0,5.333333,0.6,0.04,False,17.0,291.72,291.72,291.72,False,17.16,17.16,False,False,Laquon Treadwell,IND,receivingYards,ROTATIONAL,Ourlads depth chart,254.0,254.0,,0.0,17.0,,,1.0,False,0.0,0.0,1.0,0.0,0.0,0.0,0.0
00-0038090,Skyy Moore,WR,SF,2026.0,25.975188,3.0,33.0,2.0,17.0,BACKUP,5.0,False,102.0,103.766529,108.455143,108.455143,108.455143,108.455143,GB,WR,True,WR,GB,ROTATIONAL,BACKUP,6,True,Ourlads depth chart,SF,GB,True,00-0036972,4036378,Jordan Love,True,15.2673172588,1.0274811711,0.4473197782,0.6173913043,38.0201221703,1.06,False,False,HIGH,,Offensive leadership retained.,0.9901083409,0.9975270852,MIN,0.8337453238,0.96,1.0864367156,17.16,5.2628054,17.16,17.16,17.0,5.117647,6.569231,0.9,0.45,False,17.0,291.72,291.72,291.72,False,17.16,17.16,False,False,Skyy Moore,GB,receivingYards,ROTATIONAL,Ourlads depth chart,254.0,254.0,,0.0,17.0,,,1.0,False,0.0,0.0,1.5,0.0,0.0,0.0,0.0
00-0040506,Myles Price,WR,MIN,2026.0,24.710275,1.0,16.0,1.0,16.0,BACKUP,5.0,False,102.0,0.0,77.444444,77.444444,77.444444,77.444444,MIN,WR,True,WR,MIN,ROTATIONAL,BACKUP,5,True,Ourlads depth chart,MIN,MIN,False,00-0039923,4573398,Max Brosmer,True,-71.2885153186,0.94,0.6146993318,0.6146993318,0.0,1.0,False,False,HIGH,,Offensive leadership retained.,1.0209131492,1.0052282873,GB,0.9712223559,0.992805589,0.9449145901,17.16,1.716,17.16,17.16,16.0,0.0,17.16,0.9,0.04,False,17.0,291.72,291.72,291.72,False,17.16,17.16,False,False,Myles Price,MIN,receivingYards,ROTATIONAL,Ourlads depth chart,253.0,253.0,,0.0,17.0,,,1.0,False,0.0,0.0,1.0,0.0,0.0,0.0,0.0
00-0040154,Tai Felton,WR,MIN,2026.0,23.467265,1.0,12.0,1.0,12.0,ROTATIONAL,4.0,False,292.4,35.416667,229.041193,229.041193,229.041193,229.041193,MIN,WR,True,WR,MIN,ROTATIONAL,ROTATIONAL,6,True,Ourlads depth chart,MIN,MIN,False,00-0039923,4573398,Max Brosmer,True,-71.2885153186,0.94,0.6146993318,0.6146993318,0.0,1.0,False,False,HIGH,,Offensive leadership retained.,1.0209131492,1.0052282873,GB,0.9712223559,0.992805589,0.9449145901,17.16,3.5909997,17.16,17.16,12.0,2.083333,17.16,0.9,0.04,False,17.0,291.72,291.72,291.72,False,17.16,17.16,False,False,Tai Felton,MIN,receivingYards,ROTATIONAL,Ourlads depth chart,253.0,253.0,,0.0,17.0,,,1.0,False,0.0,0.0,1.5,0.0,0.0,0.0,0.0
00-0040075,LaJohntay Wester,WR,BAL,2026.0,24.42827,1.0,14.0,1.0,14.0,BACKUP,6.0,False,102.0,0.0,82.0,82.0,82.0,82.0,BAL,WR,True,WR,BAL,ROTATIONAL,BACKUP,5,True,Ourlads depth chart,BAL,BAL,False,00-0034796,3916387,Lamar Jackson,True,0.0,1.0,0.5209876543,0.5209876543,0.0,1.0,True,True,LOW,,New head coach and offensive staff.,0.9842111361,0.996052784,IND,1.2102208886,1.04,0.996052784,17.16,1.716,17.16,17.16,14.0,0.0,17.16,0.9,0.4,False,17.0,291.72,291.72,291.72,False,17.16,17.16,False,False,LaJohntay Wester,BAL,receivingYards,ROTATIONAL,Ourlads depth chart,252.0,252.0,,0.0,17.0,,,1.0,False,0.0,0.0,1.0,0.0,0.0,0.0,0.0
4695910,Xavier Guillory,WR,,,,,,,,,,,,,,,,,BAL,,,WR,BAL,ROTATIONAL,UNCERTAIN,6,True,Ourlads depth chart,,BAL,False,,3916387,Lamar Jackson,False,0.0,1.0,,0.5209876543,0.0,1.0,True,True,LOW,,New head coach and offensive staff.,0.9842111361,0.996052784,IND,1.2102208886,1.04,0.996052784,17.16,17.16,17.16,17.16,0.0,17.16,17.16,0.35,0.4,False,17.0,291.72,291.72,291.72,False,17.16,17.16,False,False,Xavier Guillory,BAL,receivingYards,ROTATIONAL,Ourlads depth chart,252.0,252.0,,0.0,17.0,,,1.0,False,,,,,,,
00-0036463,Chris Blair,WR,ATL,2026.0,28.904748,2.0,3.0,0.0,1.0,BACKUP,9.0,False,102.0,25.867284,124.591385,124.591385,124.591385,124.591385,ATL,WR,True,WR,ATL,ROTATIONAL,BACKUP,5,True,Ourlads depth chart,ATL,ATL,False,00-0039917,4360423,Michael Penix Jr.,True,0.0,1.0,0.5119047619,0.5119047619,0.0,1.0,True,True,LOW,,New head coach and offensive staff.,0.9923229031,0.9980807258,PIT,1.1768033946,1.04,0.9980807258,17.16,5.525,17.16,17.16,1.0,0.0,8.5,0.35,0.4,False,17.0,291.72,291.72,291.72,False,17.16,17.16,False,False,Chris Blair,ATL,receivingYards,ROTATIONAL,Ourlads depth chart,251.0,251.0,,0.0,17.0,,,1.0,False,0.0,0.0,1.0,0.0,0.0,0.0,0.0
4869816,Vinny Anthony II,WR,,,,,,,,,,,,,,,,,ATL,,,WR,ATL,ROTATIONAL,UNCERTAIN,6,True,Ourlads depth chart,,ATL,False,,4360423,Michael Penix Jr.,False,0.0,1.0,,0.5119047619,0.0,1.0,True,True,LOW,,New head coach and offensive staff.,0.9923229031,0.9980807258,PIT,1.1768033946,1.04,0.9980807258,17.16,17.16,17.16,17.16,0.0,17.16,17.16,0.35,0.4,False,17.0,291.72,291.72,291.72,False,17.16,17.16,False,False,Vinny Anthony II,ATL,receivingYards,ROTATIONAL,Ourlads depth chart,251.0,251.0,,0.0,17.0,,,1.0,False,,,,,,,
00-0039589,Kameron Johnson,WR,TB,2026.0,24.461125,2.0,21.0,1.0,17.0,BACKUP,7.0,False,102.0,44.961199,68.570899,72.685153,72.685153,72.685153,TB,WR,True,WR,TB,ROTATIONAL,BACKUP,5,True,Ourlads depth chart,TB,TB,False,00-0034855,3052587,Baker Mayfield,True,0.0,1.0,0.6722222222,0.6722222222,0.0,1.0,False,True,MEDIUM,,Head coach retained; offensive coordinator changed.,0.9927459093,0.9981864773,CIN,0.8282462425,0.96,0.9981864773,17.16,3.3882354,17.16,17.16,17.0,3.764706,0.0,0.9,0.4,False,17.0,291.72,291.72,291.72,False,17.16,17.16,False,False,Kameron Johnson,TB,receivingYards,ROTATIONAL,Ourlads depth chart,250.0,250.0,,0.0,17.0,,,1.0,False,1.0,0.0588,1.5,0.0882,0.0,1.5,0.0847
00-0040237,Tez Johnson,WR,TB,2026.0,24.291375,1.0,15.0,1.0,15.0,BACKUP,5.0,False,102.0,364.933333,236.057143,236.057143,236.057143,236.057143,TB,WR,True,WR,TB,ROTATIONAL,BACKUP,6,True,Ourlads depth chart,TB,TB,False,00-0034855,3052587,Baker Mayfield,True,0.0,1.0,0.6722222222,0.6722222222,0.0,1.0,False,True,MEDIUM,,Head coach retained; offensive coordinator changed.,0.9927459093,0.9981864773,CIN,0.8282462425,0.96,0.9981864773,17.16,21.0360003,17.16,17.16,15.0,21.466667,17.16,0.9,0.4,False,17.0,291.72,291.72,291.72,False,17.16,17.16,False,False,Tez Johnson,TB,receivingYards,ROTATIONAL,Ourlads depth chart,250.0,250.0,,0.0,17.0,,,1.0,False,5.0,0.3333,0.7994,0.2665,0.0,4.53,0.2558
00-0039062,Jonathan Mingo,WR,DAL,2026.0,25.367372,3.0,34.0,2.0,5.0,BACKUP,6.0,False,102.0,154.573319,150.615062,150.615062,150.615062,150.615062,DAL,WR,True,WR,DAL,ROTATIONAL,BACKUP,5,True,Ourlads depth chart,DAL,DAL,False,00-0033077,4360698,Joe Milton III,True,-82.9141036982,0.94,0.6375617792,0.6375617792,0.0,1.0,False,True,MEDIUM,,Head coach retained; offensive coordinator changed.,1.0547287667,1.0136821917,NYG,1.0913561316,1.0228390329,0.9528612602,17.16,10.002762,17.16,17.16,5.0,5.0,17.506905,0.6,0.4,False,17.0,291.72,291.72,291.72,False,17.16,17.16,False,False,Jonathan Mingo,DAL,receivingYards,ROTATIONAL,Ourlads depth chart,249.0,249.0,,0.0,17.0,,,1.0,False,0.0,0.0,1.5,0.0,0.0,0.0,0.0
00-0037801,KaVontae Turpin,WR,DAL,2026.0,30.082048,3.0,48.0,3.0,15.0,ROTATIONAL,4.0,False,292.4,391.904818,383.666942,383.666942,383.666942,383.666942,DAL,WR,True,WR,DAL,ROTATIONAL,ROTATIONAL,6,True,Ourlads depth chart,DAL,DAL,False,00-0033077,4360698,Joe Milton III,True,-82.9141036982,0.94,0.6375617792,0.6375617792,0.0,1.0,False,True,MEDIUM,,Head coach retained; offensive coordinator changed.,1.0547287667,1.0136821917,NYG,1.0913561316,1.0228390329,0.9528612602,17.16,25.6436949,17.16,17.16,15.0,26.4,18.836949,0.9,0.4,False,17.0,291.72,291.72,291.72,False,17.16,17.16,False,False,KaVontae Turpin,DAL,receivingYards,ROTATIONAL,Ourlads depth chart,249.0,249.0,,0.0,17.0,,,1.0,False,2.0,0.1333,0.65,0.0867,0.0,1.47,0.0886
4698597,Barion Brown,WR,,,,,,,,,,,,,,,,,NO,,,WR,NO,ROTATIONAL,UNCERTAIN,5,True,Ourlads depth chart,,NO,False,,4360689,Tyler Shough,False,0.0,1.0,,0.5337552743,0.0,1.0,False,False,HIGH,,Offensive leadership retained.,1.0117314252,1.0029328563,DET,1.1184285318,1.0296071329,1.0029328563,17.16,17.16,17.16,17.16,0.0,17.16,17.16,0.35,0.04,False,17.0,291.72,291.72,291.72,False,17.16,17.16,False,False,Barion Brown,NO,receivingYards,ROTATIONAL,Ourlads depth chart,247.0,247.0,,0.0,17.0,,,1.0,False,,,,,,,
4384852,Dohnte Meyers,WR,,,,,,,,,,,,,,,,,CIN,,,WR,CIN,ROTATIONAL,UNCERTAIN,5,True,Ourlads depth chart,,CIN,False,,4259592,Sean Clifford,False,0.0,1.0,,0.6046128501,0.0,1.0,False,False,HIGH,,Offensive leadership retained.,1.0305178794,1.0076294699,TB,1.0613226877,1.0153306719,1.0076294699,17.16,17.16,17.16,17.16,0.0,17.16,17.16,0.35,0.04,False,17.0,291.72,291.72,291.72,False,17.16,17.16,False,False,Dohnte Meyers,CIN,receivingYards,ROTATIONAL,Ourlads depth chart,247.0,247.0,,0.0,17.0,,,1.0,False,,,,,,,
00-0040534,Ke'Shawn Williams,WR,CIN,2026.0,24.680158,1.0,11.0,1.0,11.0,BACKUP,5.0,False,102.0,7.727273,92.677419,92.677419,92.677419,92.677419,CIN,WR,True,WR,CIN,ROTATIONAL,BACKUP,6,True,Ourlads depth chart,CIN,CIN,False,00-0026158,4259592,Sean Clifford,True,0.0,1.0,0.6046128501,0.6046128501,0.0,1.0,False,False,HIGH,,Offensive leadership retained.,1.0305178794,1.0076294699,TB,1.0613226877,1.0153306719,1.0076294699,17.16,4.1297451,17.16,17.16,11.0,0.454545,17.16,0.78,0.04,False,17.0,291.72,291.72,291.72,False,17.16,17.16,False,False,Ke'Shawn Williams,CIN,receivingYards,ROTATIONAL,Ourlads depth chart,247.0,247.0,,0.0,17.0,,,1.0,False,0.0,0.0,1.5,0.0,0.0,0.0,0.0
4426407,Trey Palmer,WR,,,,,,,,,,,,,,,,,NO,,,WR,NO,ROTATIONAL,UNCERTAIN,6,True,Ourlads depth chart,,NO,False,,4360689,Tyler Shough,False,0.0,1.0,,0.5337552743,0.0,1.0,False,False,HIGH,,Offensive leadership retained.,1.0117314252,1.0029328563,DET,1.1184285318,1.0296071329,1.0029328563,17.16,17.16,17.16,17.16,0.0,17.16,17.16,0.35,0.04,False,17.0,291.72,291.72,291.72,False,17.16,17.16,False,False,Trey Palmer,NO,receivingYards,ROTATIONAL,Ourlads depth chart,247.0,247.0,,0.0,17.0,,,1.0,False,1.0,0.0667,1.0,0.0667,0.0,1.13,0.0686
00-0035406,Lil'Jordan Humphrey,WR,DEN,2026.0,28.370856,3.0,32.0,2.0,7.0,BACKUP,5.0,False,102.0,346.448117,313.756309,318.476638,318.476638,318.476638,DEN,WR,True,WR,DEN,ROTATIONAL,BACKUP,5,True,Ourlads depth chart,DEN,DEN,False,00-0039732,4426338,Bo Nix,True,0.0,1.0,0.6071428571,0.6071428571,0.0,1.0,False,True,MEDIUM,,Head coach retained; offensive coordinator changed.,0.9566410815,0.9891602704,KC,0.8963502492,0.9740875623,0.9891602704,17.16,20.8746752,17.16,17.16,7.0,22.285714,18.758117,0.6,0.4,False,17.0,291.72,291.72,291.72,False,17.16,17.16,False,False,Lil'Jordan Humphrey,DEN,receivingYards,ROTATIONAL,Ourlads depth chart,245.0,245.0,,0.0,17.0,,,1.0,False,1.0,0.1429,0.77,0.11,0.0,1.87,0.1071
00-0038976,Marvin Mims Jr.,WR,DEN,2026.0,24.455649,3.0,48.0,3.0,15.0,STARTER,3.0,False,680.0,405.878097,456.269137,481.821818,481.821818,481.821818,DEN,WR,True,WR,DEN,ROTATIONAL,STARTER,6,True,Ourlads depth chart,DEN,DEN,False,00-0039732,4426338,Bo Nix,True,0.0,1.0,0.6071428571,0.6071428571,0.0,1.0,False,True,MEDIUM,,Head coach retained; offensive coordinator changed.,0.9566410815,0.9891602704,KC,0.8963502492,0.9740875623,0.9891602704,17.16,22.0679231,17.16,17.16,15.0,21.466667,27.479228,0.9,0.4,False,17.0,291.72,291.72,291.72,False,17.16,17.16,False,False,Marvin Mims Jr.,DEN,receivingYards,ROTATIONAL,Ourlads depth chart,245.0,245.0,,0.0,17.0,,,1.0,False,1.0,0.0667,0.7994,0.0533,0.0,0.91,0.0519
00-0036626,Dyami Brown,WR,JAX,2026.0,26.834891,3.0,42.0,3.0,11.0,ROTATIONAL,4.0,False,292.4,316.995942,317.74645,323.144544,323.144544,323.144544,WAS,WR,True,WR,WAS,ROTATIONAL,ROTATIONAL,5,True,Ourlads depth chart,JAX,WAS,True,00-0036971,4361994,Sam Hartman,True,0.0,1.0,0.667876588,0.6319444444,-5.3800573671,0.9881638738,False,True,MEDIUM,,Head coach retained; offensive coordinator changed.,1.0288756198,1.007218905,PHI,0.9856045685,0.9964011421,0.9952973349,17.16,19.84113066,17.16,17.16,11.0,20.636364,17.021667,0.78,0.4,False,17.0,291.72,291.72,291.72,False,17.16,17.16,False,False,Dyami Brown,WAS,receivingYards,ROTATIONAL,Ourlads depth chart,244.0,244.0,,0.0,17.0,,,1.0,False,1.0,0.0909,0.8315,0.0756,0.0,1.29,0.0753
00-0039920,Malachi Corley,WR,CLE,2026.0,24.450174,2.0,17.0,1.0,12.0,BACKUP,5.0,False,102.0,83.26374,97.907982,99.866141,99.866141,99.866141,CLE,WR,True,WR,CLE,ROTATIONAL,BACKUP,5,True,Ourlads depth chart,CLE,CLE,False,00-0040668,3122840,Deshaun Watson,True,0.0,1.0,0.4427480916,0.4427480916,0.0,1.0,True,True,LOW,,New head coach and offensive staff.,1.0439047832,1.0109761958,JAX,0.9911036498,0.9977759124,1.0109761958,17.16,6.2449997,17.16,17.16,12.0,6.583333,3.2,0.9,0.4,False,17.0,291.72,291.72,291.72,False,17.16,17.16,False,False,Malachi Corley,CLE,receivingYards,ROTATIONAL,Ourlads depth chart,244.0,244.0,,0.0,17.0,,,1.0,False,0.0,0.0,1.5,0.0,0.0,0.0,0.0
00-0037742,Treylon Burks,WR,WAS,2026.0,26.44337,3.0,22.0,2.0,8.0,BACKUP,5.0,False,102.0,236.805638,215.933002,220.227696,220.227696,220.227696,WAS,WR,True,WR,WAS,ROTATIONAL,BACKUP,6,True,Ourlads depth chart,WAS,WAS,False,00-0032268,4361994,Sam Hartman,True,0.0,1.0,0.6319444444,0.6319444444,0.0,1.0,False,True,MEDIUM,,Head coach retained; offensive coordinator changed.,1.0288756198,1.007218905,PHI,0.9856045685,0.9964011421,1.007218905,17.16,15.53817768,17.16,17.16,8.0,16.25,13.014444,0.78,0.4,False,17.0,291.72,291.72,291.72,False,17.16,17.16,False,False,Treylon Burks,WAS,receivingYards,ROTATIONAL,Ourlads depth chart,244.0,244.0,,0.0,17.0,,,1.0,False,1.0,0.125,1.056,0.132,0.0,2.24,0.1315
00-0036630,Tylan Wallace,WR,BAL,2026.0,27.305811,3.0,29.0,2.0,11.0,BACKUP,5.0,False,102.0,121.583203,124.20332,124.20332,124.20332,124.20332,CLE,WR,True,WR,CLE,ROTATIONAL,BACKUP,6,True,Ourlads depth chart,BAL,CLE,True,00-0034796,3122840,Deshaun Watson,True,0.0,1.0,0.5209876543,0.4427480916,-15.0175463985,0.9669613979,True,True,LOW,,New head coach and offensive staff.,1.0439047832,1.0109761958,JAX,0.9911036498,0.9977759124,0.9775749555,17.16,5.63199228,17.16,17.16,11.0,4.090909,11.095833,0.78,0.4,False,17.0,291.72,291.72,291.72,False,17.16,17.16,False,False,Tylan Wallace,CLE,receivingYards,ROTATIONAL,Ourlads depth chart,244.0,244.0,,0.0,17.0,,,1.0,False,1.0,0.0909,1.5,0.1364,0.0,2.32,0.1361
00-0035535,Darius Slayton,WR,NYG,2026.0,29.635769,3.0,47.0,3.0,14.0,STARTER,2.0,False,901.0,657.300895,673.479895,673.479895,673.479895,673.479895,NYG,WR,True,WR,NYG,ROTATIONAL,STARTER,5,True,Ourlads depth chart,NYG,NYG,False,00-0040691,4689114,Jaxson Dart,True,0.0,1.0,0.6027667984,0.6027667984,0.0,1.0,True,True,LOW,,New head coach and offensive staff.,1.0432329497,1.0108082374,DAL,1.2296791762,1.04,1.0108082374,17.16,38.4988205,17.16,17.16,14.0,38.428571,39.131066,0.9,0.4,False,17.0,291.72,291.72,291.72,False,17.16,17.16,False,False,Darius Slayton,NYG,receivingYards,ROTATIONAL,Ourlads depth chart,243.0,243.0,,0.0,17.0,,,1.0,False,1.0,0.0714,0.5,0.0357,0.0,0.61,0.0371
16733,Odell Beckham Jr.,WR,,,,,,,,,,,,,,,,,NYG,,,WR,NYG,ROTATIONAL,UNCERTAIN,6,True,Ourlads depth chart,,NYG,False,,4689114,Jaxson Dart,False,0.0,1.0,,0.6027667984,0.0,1.0,True,True,LOW,,New head coach and offensive staff.,1.0432329497,1.0108082374,DAL,1.2296791762,1.04,1.0108082374,17.16,17.16,17.16,17.16,0.0,17.16,17.16,0.35,0.4,False,17.0,291.72,291.72,291.72,False,17.16,17.16,False,False,Odell Beckham Jr.,NYG,receivingYards,ROTATIONAL,Ourlads depth chart,243.0,243.0,,0.0,17.0,,,1.0,False,0.0,0.0,1.0,0.0,0.0,0.0,0.0
00-0038728,Jared Wayne,WR,HOU,2026.0,25.901264,1.0,1.0,0.0,1.0,BACKUP,8.0,False,102.0,340.0,148.952381,148.952381,148.952381,148.952381,HOU,WR,True,WR,HOU,ROTATIONAL,BACKUP,5,True,Ourlads depth chart,HOU,HOU,False,00-0039163,4432577,C.J. Stroud,True,0.0,1.0,0.6290909091,0.6290909091,0.0,1.0,False,False,HIGH,,Offensive leadership retained.,1.0583118785,1.0145779696,BUF,0.8312072863,0.96,1.0145779696,17.16,18.154,17.16,17.16,1.0,20.0,17.16,0.35,0.04,False,17.0,291.72,291.72,291.72,False,17.16,17.16,False,False,Jared Wayne,HOU,receivingYards,ROTATIONAL,Ourlads depth chart,242.0,242.0,,0.0,17.0,,,1.0,False,0.0,0.0,0.858,0.0,0.0,0.0,0.0
00-0038618,Xavier Hutchinson,WR,HOU,2026.0,26.251716,3.0,42.0,3.0,16.0,STARTER,3.0,False,680.0,338.803091,404.946606,429.243402,429.243402,429.243402,HOU,WR,True,WR,HOU,ROTATIONAL,STARTER,6,True,Ourlads depth chart,HOU,HOU,False,00-0039163,4432577,C.J. Stroud,True,0.0,1.0,0.6290909091,0.6290909091,0.0,1.0,False,False,HIGH,,Offensive leadership retained.,1.0583118785,1.0145779696,BUF,0.8312072863,0.96,1.0145779696,17.16,24.8807143,17.16,17.16,16.0,26.75,8.057143,0.9,0.04,False,17.0,291.72,291.72,291.72,False,17.16,17.16,False,False,Xavier Hutchinson,HOU,receivingYards,ROTATIONAL,Ourlads depth chart,242.0,242.0,,0.0,17.0,,,1.0,False,3.0,0.1875,0.6415,0.1203,0.0,2.04,0.1155
00-0036331,Devin Duvernay,WR,CHI,2026.0,28.970458,3.0,43.0,3.0,17.0,BACKUP,6.0,False,102.0,49.139757,58.541866,58.541866,58.541866,58.541866,ARI,WR,True,WR,ARI,ROTATIONAL,BACKUP,5,True,Ourlads depth chart,CHI,ARI,True,00-0039918,2578570,Jacoby Brissett,True,3.6855836114,1.0066340505,0.5943396226,0.4492753623,-24.4076374511,0.9463031976,True,True,LOW,,New head coach and offensive staff.,1.0026492322,1.000662308,LAC,0.9166545493,0.9791636373,0.9532119229,17.16,1.8199323,17.16,17.16,17.0,1.529412,4.434615,0.9,0.4,False,17.0,291.72,291.72,291.72,False,17.16,17.16,False,False,Devin Duvernay,ARI,receivingYards,ROTATIONAL,Ourlads depth chart,240.0,240.0,,0.0,17.0,,,1.0,False,0.0,0.0,1.5,0.0,0.0,0.0,0.0
00-0036646,Simi Fehoko,WR,ARI,2026.0,28.822611,3.0,15.0,0.0,7.0,BACKUP,10.0,False,102.0,68.912865,100.24048,100.24048,100.24048,100.24048,ARI,WR,True,WR,ARI,ROTATIONAL,BACKUP,6,True,Ourlads depth chart,ARI,ARI,False,00-0033119,2578570,Jacoby Brissett,True,0.0,1.0,0.4492753623,0.4492753623,0.0,1.0,True,True,LOW,,New head coach and offensive staff.,1.0026492322,1.000662308,LAC,0.9166545493,0.9791636373,1.000662308,17.16,5.2233332,17.16,17.16,7.0,0.0,13.058333,0.6,0.4,False,17.0,291.72,291.72,291.72,False,17.16,17.16,False,False,Simi Fehoko,ARI,receivingYards,ROTATIONAL,Ourlads depth chart,240.0,240.0,,0.0,17.0,,,1.0,False,0.0,0.0,1.0,0.0,0.0,0.0,0.0
00-0040705,Chimere Dike,WR,TEN,2026.0,24.71575,1.0,17.0,1.0,17.0,STARTER,2.0,False,901.0,423.0,627.760915,627.760915,627.760915,627.760915,TEN,WR,True,WR,TEN,ROTATIONAL,STARTER,5,True,Ourlads depth chart,TEN,TEN,False,00-0040676,4688380,Cam Ward,True,0.0,1.0,0.5413385827,0.5413385827,0.0,1.0,True,True,LOW,,New head coach and offensive staff.,1.0515437784,1.0128859446,NYJ,0.9784134622,0.9946033655,1.0128859446,17.16,24.1101177,17.16,17.16,17.0,24.882353,17.16,0.9,0.4,False,17.0,291.72,291.72,291.72,False,17.16,17.16,False,False,Chimere Dike,TEN,receivingYards,ROTATIONAL,Ourlads depth chart,239.0,239.0,,0.0,17.0,,,1.0,False,4.0,0.2353,0.6896,0.1623,0.0,2.76,0.1614
00-0040170,Elic Ayomanor,WR,TEN,2026.0,23.248232,1.0,16.0,1.0,16.0,STARTER,1.0,False,1139.0,547.1875,654.552469,654.552469,654.552469,654.552469,TEN,WR,True,WR,TEN,ROTATIONAL,STARTER,6,True,Ourlads depth chart,TEN,TEN,False,00-0040676,4688380,Cam Ward,True,0.0,1.0,0.5413385827,0.5413385827,0.0,1.0,True,True,LOW,,New head coach and offensive staff.,1.0515437784,1.0128859446,NYJ,0.9784134622,0.9946033655,1.0128859446,17.16,30.68475,17.16,17.16,16.0,32.1875,17.16,0.9,0.4,False,17.0,291.72,291.72,291.72,False,17.16,17.16,False,False,Elic Ayomanor,TEN,receivingYards,ROTATIONAL,Ourlads depth chart,239.0,239.0,,0.0,17.0,,,1.0,False,4.0,0.25,0.5331,0.1333,0.0,2.27,0.1326
00-0036849,Tutu Atwell,WR,LAR,2026.0,26.903338,3.0,37.0,3.0,8.0,BACKUP,6.0,False,102.0,515.308285,470.557299,470.557299,470.557299,470.557299,LAR,WR,True,WR,LAR,ROTATIONAL,BACKUP,5,True,Ourlads depth chart,LAR,LAR,False,00-0026498,12483,Matthew Stafford,True,0.0,1.0,0.6316695353,0.6316695353,0.0,1.0,False,True,MEDIUM,,Head coach retained; offensive coordinator changed.,0.9897848656,0.9974462164,SF,1.0541315814,1.0135328953,0.9974462164,17.16,26.73423326,17.16,17.16,8.0,24.0,36.428333,0.78,0.4,False,17.0,291.72,291.72,291.72,False,17.16,17.16,False,False,Tutu Atwell,LAR,receivingYards,ROTATIONAL,Ourlads depth chart,238.0,238.0,,0.0,17.0,,,1.0,False,1.0,0.125,0.715,0.0894,0.0,1.52,0.0906
00-0038359,Xavier Smith,WR,LAR,2026.0,28.945817,2.0,30.0,2.0,16.0,ROTATIONAL,4.0,False,292.4,223.396832,242.240675,256.775115,256.775115,256.775115,LAR,WR,True,WR,LAR,ROTATIONAL,ROTATIONAL,6,True,Ourlads depth chart,LAR,LAR,False,00-0026498,12483,Matthew Stafford,True,0.0,1.0,0.6316695353,0.6316695353,0.0,1.0,False,True,MEDIUM,,Head coach retained; offensive coordinator changed.,0.9897848656,0.9974462164,SF,1.0541315814,1.0135328953,0.9974462164,17.16,17.0866071,17.16,17.16,16.0,18.9375,0.428571,0.9,0.4,False,17.0,291.72,291.72,291.72,False,17.16,17.16,False,False,Xavier Smith,LAR,receivingYards,ROTATIONAL,Ourlads depth chart,238.0,238.0,,0.0,17.0,,,1.0,False,0.0,0.0,0.9061,0.0,0.0,0.0,0.0
00-0040582,Arian Smith,WR,NYJ,2026.0,24.890977,1.0,13.0,1.0,13.0,BACKUP,8.0,False,102.0,68.0,111.272727,111.272727,111.272727,111.272727,NYJ,WR,True,WR,NYJ,ROTATIONAL,BACKUP,5,True,Ourlads depth chart,NYJ,NYJ,False,00-0036945,4250360,Bailey Zappe,True,0.0,1.0,0.593877551,0.593877551,0.0,1.0,False,True,MEDIUM,,Head coach retained; offensive coordinator changed.,0.9440255421,0.9860063855,TEN,1.1903395947,1.04,0.9860063855,17.16,5.316,17.16,17.16,13.0,4.0,17.16,0.9,0.4,False,17.0,291.72,291.72,291.72,False,17.16,17.16,False,False,Arian Smith,NYJ,receivingYards,ROTATIONAL,Ourlads depth chart,237.0,237.0,,0.0,17.0,,,1.0,False,0.0,0.0,1.5,0.0,0.0,0.0,0.0
00-0037093,Dareke Young,WR,SEA,2026.0,27.245577,3.0,16.0,1.0,8.0,BACKUP,6.0,False,102.0,36.234286,64.37039,64.37039,64.37039,64.37039,LV,WR,True,WR,LV,ROTATIONAL,BACKUP,5,True,Ourlads depth chart,SEA,LV,True,00-0034869,14880,Kirk Cousins,True,-27.7248023537,0.9500953558,0.6819923372,0.4602150538,-32.5190286336,0.94,True,True,LOW,,New head coach and offensive staff.,0.9302902803,0.9825725701,MIA,0.9158085368,0.9789521342,0.8775253774,17.16,4.68,17.16,17.16,8.0,6.0,0.0,0.78,0.4,False,17.0,291.72,291.72,291.72,False,17.16,17.16,False,False,Dareke Young,LV,receivingYards,ROTATIONAL,Ourlads depth chart,237.0,237.0,,0.0,17.0,,,1.0,False,0.0,0.0,1.5,0.0,0.0,0.0,0.0
00-0033555,Mack Hollins,WR,NE,2026.0,32.959588,3.0,43.0,3.0,14.0,STARTER,2.0,False,901.0,532.979901,566.445536,566.445536,566.445536,566.445536,NE,WR,True,WR,NE,ROTATIONAL,STARTER,6,True,Ourlads depth chart,NE,NE,False,00-0039851,4431452,Drake Maye,True,0.0,1.0,0.5883575884,0.5883575884,0.0,1.0,False,False,HIGH,,Offensive leadership retained.,0.9589800573,0.9897450143,SEA,0.7969437798,0.96,0.9897450143,17.16,37.5345201,17.16,17.16,14.0,39.285714,21.773775,0.9,0.04,False,17.0,291.72,291.72,291.72,False,17.16,17.16,False,False,Mack Hollins,NE,receivingYards,ROTATIONAL,Ourlads depth chart,237.0,237.0,,0.0,17.0,,,1.0,False,2.0,0.1429,0.5,0.0714,0.0,1.21,0.0686
5150247,Malik Benson,WR,,,,,,,,,,,,,,,,,LV,,,WR,LV,ROTATIONAL,UNCERTAIN,6,True,Ourlads depth chart,,LV,False,,14880,Kirk Cousins,False,0.0,1.0,,0.4602150538,0.0,1.0,True,True,LOW,,New head coach and offensive staff.,0.9302902803,0.9825725701,MIA,0.9158085368,0.9789521342,0.9825725701,17.16,17.16,17.16,17.16,0.0,17.16,17.16,0.35,0.4,False,17.0,291.72,291.72,291.72,False,17.16,17.16,False,False,Malik Benson,LV,receivingYards,ROTATIONAL,Ourlads depth chart,237.0,237.0,,0.0,17.0,,,1.0,False,,,,,,,
00-0033375,Tim Patrick,WR,JAX,2026.0,32.773411,2.0,28.0,2.0,13.0,BACKUP,5.0,False,102.0,299.570212,260.765721,236.204905,236.204905,236.204905,NYJ,WR,True,WR,NYJ,ROTATIONAL,BACKUP,6,True,Ourlads depth chart,JAX,NYJ,True,00-0036971,4250360,Bailey Zappe,True,0.0,1.0,0.667876588,0.593877551,-11.0797471162,0.9756245563,False,True,MEDIUM,,Head coach retained; offensive coordinator changed.,0.9440255421,0.9860063855,TEN,1.1903395947,1.04,0.9619720424,17.16,15.5728202,17.16,17.16,13.0,14.384615,26.266667,0.9,0.4,False,17.0,291.72,291.72,291.72,False,17.16,17.16,False,False,Tim Patrick,NYJ,receivingYards,ROTATIONAL,Ourlads depth chart,237.0,237.0,,0.0,17.0,,,1.0,False,3.0,0.2308,1.1929,0.2753,0.0,4.68,0.2863
00-0038840,Brycen Tremayne,WR,CAR,2026.0,26.788346,2.0,17.0,1.0,15.0,BACKUP,5.0,False,102.0,119.741855,125.475481,133.00401,133.00401,133.00401,CAR,WR,True,WR,CAR,ROTATIONAL,BACKUP,5,True,Ourlads depth chart,CAR,CAR,False,00-0039150,4685720,Bryce Young,True,0.0,1.0,0.6020833333,0.6020833333,0.0,1.0,False,False,HIGH,,Offensive leadership retained.,0.9848829696,0.9962207424,CHI,1.1510000132,1.0377500033,0.9962207424,17.16,9.5000003,17.16,17.16,15.0,10.666667,-1.0,0.9,0.04,False,17.0,291.72,291.72,291.72,False,17.16,17.16,False,False,Brycen Tremayne,CAR,receivingYards,ROTATIONAL,Ourlads depth chart,235.0,235.0,,0.0,17.0,,,1.0,False,0.0,0.0,1.5,0.0,0.0,0.0,0.0
00-0037614,John Metchie III,WR,NYJ,2026.0,26.123035,3.0,37.0,3.0,13.0,STARTER,3.0,False,680.0,353.329648,415.90798,416.911238,416.911238,416.911238,CAR,WR,True,WR,CAR,ROTATIONAL,STARTER,6,True,Ourlads depth chart,NYJ,CAR,True,00-0036945,4685720,Bryce Young,True,34.5264097422,1.06,0.593877551,0.6020833333,1.3817296678,1.0030398053,False,False,HIGH,,Offensive leadership retained.,0.9848829696,0.9962207424,CHI,1.1510000132,1.0377500033,1.059204003,17.16,21.0152307,17.16,17.16,13.0,21.076923,20.46,0.9,0.45,False,17.0,291.72,291.72,291.72,False,17.16,17.16,False,False,John Metchie III,CAR,receivingYards,ROTATIONAL,Ourlads depth chart,235.0,235.0,,0.0,17.0,,,1.0,False,2.0,0.1538,0.8142,0.1253,0.0,2.13,0.13
00-0032775,Demarcus Robinson,WR,SF,2026.0,31.946563,3.0,39.0,3.0,14.0,ROTATIONAL,4.0,False,292.4,421.667165,412.372846,382.825238,382.825238,382.825238,SF,WR,True,WR,SF,ROTATIONAL,ROTATIONAL,5,True,Ourlads depth chart,SF,SF,False,00-0036972,4361741,Brock Purdy,True,23.1313599183,1.0416364479,0.4473197782,0.4473197782,0.0,1.0,False,False,HIGH,,Offensive leadership retained.,0.983414889,0.9958537223,LAR,1.0414413938,1.0103603485,1.0373175338,17.16,21.2968648,17.16,17.16,14.0,19.714286,35.540074,0.9,0.04,False,17.0,291.72,291.72,291.72,False,17.16,17.16,False,False,Demarcus Robinson,SF,receivingYards,ROTATIONAL,Ourlads depth chart,233.0,233.0,,0.0,17.0,,,1.0,False,1.0,0.0714,0.8704,0.0622,0.0,1.06,0.0628
4575665,Jacob Cowing,WR,,,,,,,,,,,,,,,,,SF,,,WR,SF,ROTATIONAL,UNCERTAIN,6,True,Ourlads depth chart,,SF,False,,4361741,Brock Purdy,False,0.0,1.0,,0.4473197782,0.0,1.0,False,False,HIGH,,Offensive leadership retained.,0.983414889,0.9958537223,LAR,1.0414413938,1.0103603485,0.9958537223,17.16,17.16,17.16,17.16,0.0,17.16,17.16,0.35,0.04,False,17.0,291.72,291.72,291.72,False,17.16,17.16,False,False,Jacob Cowing,SF,receivingYards,ROTATIONAL,Ourlads depth chart,233.0,233.0,,0.0,17.0,,,1.0,False,0.0,0.0,1.0,0.0,0.0,0.0,0.0
4600597,Montorie Foster Jr.,WR,,,,,,,,,,,,,,,,,SEA,,,WR,SEA,ROTATIONAL,UNCERTAIN,5,True,Ourlads depth chart,,SEA,False,,3912547,Sam Darnold,False,0.0,1.0,,0.6819923372,0.0,1.0,False,True,MEDIUM,,Head coach retained; offensive coordinator changed.,1.0206145565,1.0051536391,NE,0.8519345927,0.9629836482,1.0051536391,17.16,17.16,17.16,17.16,0.0,17.16,17.16,0.35,0.4,False,17.0,291.72,291.72,291.72,False,17.16,17.16,False,False,Montorie Foster Jr.,SEA,receivingYards,ROTATIONAL,Ourlads depth chart,223.0,223.0,,0.0,17.0,,,1.0,False,,,,,,,
00-0040648,Tory Horton,WR,SEA,2026.0,23.757483,1.0,8.0,1.0,8.0,ROTATIONAL,4.0,False,292.4,342.125,344.332792,344.332792,344.332792,344.332792,SEA,WR,True,WR,SEA,ROTATIONAL,ROTATIONAL,6,True,Ourlads depth chart,SEA,SEA,False,00-0034869,3912547,Sam Darnold,True,0.0,1.0,0.6819923372,0.6819923372,0.0,1.0,False,True,MEDIUM,,Head coach retained; offensive coordinator changed.,1.0206145565,1.0051536391,NE,0.8519345927,0.9629836482,1.0051536391,17.16,19.4727,17.16,17.16,8.0,20.125,17.16,0.78,0.4,False,17.0,291.72,291.72,291.72,False,17.16,17.16,False,False,Tory Horton,SEA,receivingYards,ROTATIONAL,Ourlads depth chart,223.0,223.0,,0.0,17.0,,,1.0,False,5.0,0.625,0.8527,0.5329,0.0,9.06,0.5132
00-0036422,Adam Trautman,TE,DEN,2026.0,29.57006,3.0,42.0,3.0,13.0,ROTATIONAL,2.0,False,249.9,244.526222,247.04973,248.671481,248.671481,248.671481,DEN,TE,True,TE,DEN,STARTER,ROTATIONAL,1,True,Ourlads depth chart,DEN,DEN,False,00-0039732,4426338,Bo Nix,True,0.0,1.0,0.193877551,0.193877551,0.0,1.0,False,True,MEDIUM,,Head coach retained; offensive coordinator changed.,0.9767232662,0.9941808166,KC,0.8871744756,0.9717936189,0.9941808166,43.0,14.88625,43.0,43.0,13.0,15.0,13.8625,0.9,0.4,False,17.0,731.0,731.0,731.0,False,43.0,43.0,False,False,Adam Trautman,DEN,receivingYards,STARTER,Ourlads depth chart,661.0,661.0,,0.0,17.0,,,1.0,False,1.0,0.0769,1.5,0.1154,0.0,1.96,0.1121
00-0037539,Lucas Krull,TE,DEN,2026.0,28.14361,3.0,19.0,1.0,2.0,BACKUP,4.0,False,71.4,169.959785,153.822859,153.822859,153.822859,153.822859,DEN,TE,True,TE,DEN,STARTER,BACKUP,2,True,Ourlads depth chart,DEN,DEN,False,00-0039732,4426338,Bo Nix,True,0.0,1.0,0.193877551,0.193877551,0.0,1.0,False,True,MEDIUM,,Head coach retained; offensive coordinator changed.,0.9767232662,0.9941808166,KC,0.8871744756,0.9717936189,0.9941808166,43.0,12.1345,43.0,43.0,2.0,7.5,14.63,0.35,0.4,False,17.0,731.0,731.0,731.0,False,43.0,43.0,False,False,Lucas Krull,DEN,receivingYards,STARTER,Ourlads depth chart,661.0,661.0,,0.0,17.0,,,1.0,False,0.0,0.0,1.5,0.0,0.0,0.0,0.0
00-0037252,Greg Dulcich,TE,MIA,2026.0,26.435156,3.0,15.0,1.0,9.0,ROTATIONAL,2.0,False,249.9,338.787677,317.623851,323.976328,323.976328,323.976328,MIA,TE,True,TE,MIA,STARTER,ROTATIONAL,1,True,Ourlads depth chart,MIA,MIA,False,00-0036212,4242512,Malik Willis,True,-44.4736842105,0.94,0.2212581345,0.2212581345,0.0,1.0,True,True,LOW,,New head coach and offensive staff.,0.9749291457,0.9937322864,LV,0.7193899333,0.96,0.9341083492,43.0,30.99683316,43.0,43.0,9.0,37.222222,8.925,0.78,0.4,False,17.0,731.0,731.0,731.0,False,43.0,43.0,False,False,Greg Dulcich,MIA,receivingYards,STARTER,Ourlads depth chart,646.0,646.0,,0.0,17.0,,,1.0,False,1.0,0.1111,1.1552,0.1284,0.0,2.18,0.1232
00-0038046,Charlie Kolar,TE,BAL,2026.0,27.557698,3.0,32.0,3.0,13.0,BACKUP,3.0,False,71.4,196.247239,185.514421,185.514421,185.514421,185.514421,LAC,TE,True,TE,LAC,STARTER,BACKUP,1,True,Ourlads depth chart,BAL,LAC,True,00-0034796,4038941,Justin Herbert,True,18.7990388854,1.03383827,0.2987654321,0.1840148699,-38.4082460291,0.94,False,True,MEDIUM,,Head coach retained; offensive coordinator changed.,0.9758846661,0.9939711665,ARI,1.2786717411,1.04,0.9659491053,43.0,11.0206026,43.0,43.0,13.0,10.923077,11.898333,0.9,0.4,False,17.0,731.0,731.0,731.0,False,43.0,43.0,False,False,Charlie Kolar,LAC,receivingYards,STARTER,Ourlads depth chart,642.0,642.0,,0.0,17.0,,,1.0,False,2.0,0.1538,1.5,0.2308,0.0,3.92,0.24
5082633,Evan Svoboda,TE,,,,,,,,,,,,,,,,,LAC,,,TE,LAC,STARTER,UNCERTAIN,2,True,Ourlads depth chart,,LAC,False,,4038941,Justin Herbert,False,0.0,1.0,,0.1840148699,0.0,1.0,False,True,MEDIUM,,Head coach retained; offensive coordinator changed.,0.9758846661,0.9939711665,ARI,1.2786717411,1.04,0.9939711665,43.0,43.0,43.0,43.0,0.0,43.0,43.0,0.35,0.4,False,17.0,731.0,731.0,731.0,False,43.0,43.0,False,False,Evan Svoboda,LAC,receivingYards,STARTER,Ourlads depth chart,642.0,642.0,,0.0,17.0,,,1.0,False,,,,,,,
3948283,Stephen Carlson,TE,,,,,,,,,,,,,,,,,CHI,,,TE,CHI,STARTER,UNCERTAIN,2,True,Ourlads depth chart,,CHI,False,,4431611,Caleb Williams,False,0.0,1.0,,0.2566037736,0.0,1.0,False,True,MEDIUM,,Head coach retained; offensive coordinator changed.,0.9500815838,0.9875203959,CAR,1.1174669847,1.0293667462,0.9875203959,43.0,43.0,43.0,43.0,0.0,43.0,43.0,0.35,0.4,False,17.0,731.0,731.0,731.0,False,43.0,43.0,False,False,Stephen Carlson,CHI,receivingYards,STARTER,Ourlads depth chart,641.0,641.0,,0.0,17.0,,,1.0,False,0.0,0.0,1.0,0.0,0.0,0.0,0.0
4569615,Thomas Gordon,TE,,,,,,,,,,,,,,,,,DET,,,TE,DET,STARTER,UNCERTAIN,2,True,Ourlads depth chart,,DET,False,,4597679,Luke Altmyer,False,0.0,1.0,,0.1672727273,0.0,1.0,False,True,MEDIUM,,Head coach retained; offensive coordinator changed.,0.9644668022,0.9911167005,NO,0.9529723354,0.9882430838,0.9911167005,43.0,43.0,43.0,43.0,0.0,43.0,43.0,0.35,0.4,False,17.0,731.0,731.0,731.0,False,43.0,43.0,False,False,Thomas Gordon,DET,receivingYards,STARTER,Ourlads depth chart,640.0,640.0,,0.0,17.0,,,1.0,False,,,,,,,
4566198,Lake McRee,TE,,,,,,,,,,,,,,,,,PIT,,,TE,PIT,STARTER,UNCERTAIN,1,True,Ourlads depth chart,,PIT,False,,8439,Aaron Rodgers,False,0.0,1.0,,0.2765567766,0.0,1.0,True,True,LOW,,New head coach and offensive staff.,1.0552613978,1.0138153495,ATL,0.8948508926,0.9737127231,1.0138153495,43.0,43.0,43.0,43.0,0.0,43.0,43.0,0.35,0.4,False,17.0,731.0,731.0,731.0,False,43.0,43.0,False,False,Lake McRee,PIT,receivingYards,STARTER,Ourlads depth chart,637.0,637.0,,0.0,17.0,,,1.0,False,,,,,,,
00-0033439,Pharaoh Brown,TE,ARI,2026.0,32.32987,3.0,26.0,2.0,5.0,BACKUP,5.0,False,71.4,55.558814,64.886152,59.524028,59.524028,59.524028,IND,TE,True,TE,IND,STARTER,BACKUP,1,True,Ourlads depth chart,ARI,IND,True,00-0033119,3917792,Daniel Jones,True,-0.7861415938,0.9985849451,0.3510466989,0.271484375,-22.6643133601,0.9501385106,False,False,HIGH,,Offensive leadership retained.,1.0049010384,1.0012252596,BAL,0.8674351177,0.9668587794,0.9499565315,43.0,4.4572728,43.0,43.0,5.0,0.2,10.843182,0.6,0.45,False,17.0,731.0,731.0,731.0,False,43.0,43.0,False,False,Pharaoh Brown,IND,receivingYards,STARTER,Ourlads depth chart,636.0,636.0,,0.0,17.0,,,1.0,False,0.0,0.0,1.5,0.0,0.0,0.0,0.0
5084402,Ty Pezza,TE,,,,,,,,,,,,,,,,,BAL,,,TE,BAL,STARTER,UNCERTAIN,2,True,Ourlads depth chart,,BAL,False,,3916387,Lamar Jackson,False,0.0,1.0,,0.2987654321,0.0,1.0,True,True,LOW,,New head coach and offensive staff.,1.0706021366,1.0176505341,IND,1.300604361,1.04,1.0176505341,43.0,43.0,43.0,43.0,0.0,43.0,43.0,0.35,0.4,False,17.0,731.0,731.0,731.0,False,43.0,43.0,False,False,Ty Pezza,BAL,receivingYards,STARTER,Ourlads depth chart,633.0,633.0,,0.0,17.0,,,1.0,False,,,,,,,
4608858,Dan Villari,TE,,,,,,,,,,,,,,,,,LAR,,,TE,LAR,STARTER,UNCERTAIN,2,True,Ourlads depth chart,,LAR,False,,12483,Matthew Stafford,False,0.0,1.0,,0.2581755594,0.0,1.0,False,True,MEDIUM,,Head coach retained; offensive coordinator changed.,0.9746791783,0.9936697946,SF,1.0615388039,1.015384701,0.9936697946,43.0,43.0,43.0,43.0,0.0,43.0,43.0,0.35,0.4,False,17.0,731.0,731.0,731.0,False,43.0,43.0,False,False,Dan Villari,LAR,receivingYards,STARTER,Ourlads depth chart,631.0,631.0,,0.0,17.0,,,1.0,False,,,,,,,
4832827,Jack Velling,TE,,,,,,,,,,,,,,,,,ATL,,,TE,ATL,STARTER,UNCERTAIN,1,True,Ourlads depth chart,,ATL,False,,4360423,Michael Penix Jr.,False,0.0,1.0,,0.251984127,0.0,1.0,True,True,LOW,,New head coach and offensive staff.,1.03521966,1.008804915,PIT,1.2293233463,1.04,1.008804915,43.0,43.0,43.0,43.0,0.0,43.0,43.0,0.35,0.4,False,17.0,731.0,731.0,731.0,False,43.0,43.0,False,False,Jack Velling,ATL,receivingYards,STARTER,Ourlads depth chart,628.0,628.0,,0.0,17.0,,,1.0,False,,,,,,,
4594749,Michael Trigg,TE,,,,,,,,,,,,,,,,,DAL,,,TE,DAL,STARTER,UNCERTAIN,2,True,Ourlads depth chart,,DAL,False,,4360698,Joe Milton III,False,0.0,1.0,,0.2273476112,0.0,1.0,False,True,MEDIUM,,Head coach retained; offensive coordinator changed.,0.9754855246,0.9938713812,NYG,0.8849812136,0.9712453034,0.9938713812,43.0,43.0,43.0,43.0,0.0,43.0,43.0,0.35,0.4,False,17.0,731.0,731.0,731.0,False,43.0,43.0,False,False,Michael Trigg,DAL,receivingYards,STARTER,Ourlads depth chart,625.0,625.0,,0.0,17.0,,,1.0,False,,,,,,,
00-0035631,Drew Sample,TE,CIN,2026.0,30.377742,3.0,37.0,3.0,12.0,BACKUP,4.0,False,71.4,167.07316,160.9583,160.9583,160.9583,160.9583,CIN,TE,True,TE,CIN,STARTER,BACKUP,1,True,Ourlads depth chart,CIN,CIN,False,00-0026158,4259592,Sean Clifford,True,0.0,1.0,0.2125205931,0.2125205931,0.0,1.0,False,False,HIGH,,Offensive leadership retained.,1.0412833844,1.0103208461,TB,1.0626354349,1.0156588587,1.0103208461,43.0,9.0015906,43.0,43.0,12.0,8.833333,10.515909,0.9,0.04,False,17.0,731.0,731.0,731.0,False,43.0,43.0,False,False,Drew Sample,CIN,receivingYards,STARTER,Ourlads depth chart,619.0,619.0,,0.0,17.0,,,1.0,False,1.0,0.0833,1.5,0.125,0.0,2.12,0.127
00-0034613,Tanner Hudson,TE,CIN,2026.0,31.804192,3.0,31.0,3.0,10.0,BACKUP,3.0,False,71.4,330.148429,296.597333,296.597333,296.597333,296.597333,CIN,TE,True,TE,CIN,STARTER,BACKUP,2,True,Ourlads depth chart,CIN,CIN,False,00-0026158,4259592,Sean Clifford,True,0.0,1.0,0.2125205931,0.2125205931,0.0,1.0,False,False,HIGH,,Offensive leadership retained.,1.0412833844,1.0103208461,TB,1.0626354349,1.0156588587,1.0103208461,43.0,17.80955558,43.0,43.0,10.0,16.8,21.388889,0.78,0.04,False,17.0,731.0,731.0,731.0,False,43.0,43.0,False,False,Tanner Hudson,CIN,receivingYards,STARTER,Ourlads depth chart,619.0,619.0,,0.0,17.0,,,1.0,False,2.0,0.2,1.5,0.3,0.0,5.1,0.3047
00-0037838,Isaiah Likely,TE,BAL,2026.0,26.372184,3.0,41.0,3.0,12.0,ROTATIONAL,2.0,False,249.9,490.988697,462.102602,462.102602,462.102602,462.102602,NYG,TE,True,TE,NYG,STARTER,ROTATIONAL,1,True,Ourlads depth chart,BAL,NYG,True,00-0034796,4689114,Jaxson Dart,True,-17.2336491633,0.9689794315,0.2987654321,0.2015810277,-32.5286642929,0.94,True,True,LOW,,New head coach and offensive staff.,0.994902344,0.998725586,DAL,0.9639386453,0.9909846613,0.9096798775,43.0,26.1194997,43.0,43.0,12.0,25.583333,30.945,0.9,0.4,False,17.0,731.0,731.0,731.0,False,43.0,43.0,False,False,Isaiah Likely,NYG,receivingYards,STARTER,Ourlads depth chart,609.0,609.0,,0.0,17.0,,,1.0,False,1.0,0.0833,1.5,0.125,0.0,2.12,0.1239
00-0036534,Shane Zylstra,TE,DET,2026.0,29.79183,2.0,3.0,0.0,1.0,BACKUP,4.0,False,71.4,349.5625,202.035985,206.076705,206.076705,206.076705,NE,TE,True,TE,NE,STARTER,BACKUP,2,True,Ourlads depth chart,DET,NE,True,00-0033106,4431452,Drake Maye,True,-3.7248028078,0.9932953549,0.1672727273,0.2390852391,42.9313929314,1.06,False,False,HIGH,,Offensive leadership retained.,0.9623904604,0.9905976151,SEA,1.1777816895,1.04,1.0429933703,43.0,14.15,43.0,43.0,1.0,20.0,11.0,0.35,0.45,False,17.0,731.0,731.0,731.0,False,43.0,43.0,False,False,Shane Zylstra,NE,receivingYards,STARTER,Ourlads depth chart,603.0,603.0,,0.0,17.0,,,1.0,False,0.0,0.0,1.5,0.0,0.0,0.0,0.0
00-0040584,Gunnar Helm,TE,TEN,2026.0,23.987467,1.0,16.0,1.0,16.0,ROTATIONAL,2.0,False,249.9,379.3125,318.967949,318.967949,318.967949,318.967949,TEN,TE,True,TE,TEN,STARTER,ROTATIONAL,1,True,Ourlads depth chart,TEN,TEN,False,00-0040676,4688380,Cam Ward,True,0.0,1.0,0.2755905512,0.2755905512,0.0,1.0,True,True,LOW,,New head coach and offensive staff.,1.0276722585,1.0069180646,NYJ,1.040702815,1.0101757038,1.0069180646,43.0,24.38125,43.0,43.0,16.0,22.3125,43.0,0.9,0.4,False,17.0,731.0,731.0,731.0,False,43.0,43.0,False,False,Gunnar Helm,TEN,receivingYards,STARTER,Ourlads depth chart,598.0,598.0,,0.0,17.0,,,1.0,False,2.0,0.125,1.5,0.1875,0.0,3.19,0.1894
4362570,Joel Wilson,TE,,,,,,,,,,,,,,,,,TEN,,,TE,TEN,STARTER,UNCERTAIN,2,True,Ourlads depth chart,,TEN,False,,4688380,Cam Ward,False,0.0,1.0,,0.2755905512,0.0,1.0,True,True,LOW,,New head coach and offensive staff.,1.0276722585,1.0069180646,NYJ,1.040702815,1.0101757038,1.0069180646,43.0,43.0,43.0,43.0,0.0,43.0,43.0,0.35,0.4,False,17.0,731.0,731.0,731.0,False,43.0,43.0,False,False,Joel Wilson,TEN,receivingYards,STARTER,Ourlads depth chart,598.0,598.0,,0.0,17.0,,,1.0,False,,,,,,,
00-0036423,Albert Okwuegbunam Jr.,TE,LV,2026.0,28.354429,2.0,2.0,0.0,1.0,BACKUP,4.0,False,71.4,274.125,164.735795,164.735795,164.735795,164.735795,LV,TE,True,TE,LV,STARTER,BACKUP,1,True,Ourlads depth chart,LV,LV,False,00-0030565,14880,Kirk Cousins,True,-14.6611571658,0.9736099171,0.335483871,0.335483871,0.0,1.0,True,True,LOW,,New head coach and offensive staff.,0.9938178082,0.9984544521,MIA,1.2435795492,1.04,0.9721051563,43.0,12.6,43.0,43.0,1.0,36.0,0.0,0.35,0.4,False,17.0,731.0,731.0,731.0,False,43.0,43.0,False,False,Albert Okwuegbunam Jr.,LV,receivingYards,STARTER,Ourlads depth chart,594.0,594.0,,0.0,17.0,,,1.0,False,0.0,0.0,1.1944,0.0,0.0,0.0,0.0
4699678,Khalil Dinkins,TE,,,,,,,,,,,,,,,,,SF,,,TE,SF,STARTER,UNCERTAIN,2,True,Ourlads depth chart,,SF,False,,4361741,Brock Purdy,False,0.0,1.0,,0.2402957486,0.0,1.0,False,False,HIGH,,Offensive leadership retained.,0.9759370786,0.9939842696,LAR,0.8498890218,0.9624722554,0.9939842696,43.0,43.0,43.0,43.0,0.0,43.0,43.0,0.35,0.04,False,17.0,731.0,731.0,731.0,False,43.0,43.0,False,False,Khalil Dinkins,SF,receivingYards,STARTER,Ourlads depth chart,585.0,585.0,,0.0,17.0,,,1.0,False,,,,,,,
00-0040628,Drake Dabney,TE,GB,2026.0,24.302327,1.0,1.0,0.0,1.0,BACKUP,5.0,False,71.4,51.0,122.507937,122.507937,122.507937,122.507937,GB,TE,True,TE,GB,STARTER,BACKUP,1,True,Ourlads depth chart,GB,GB,False,00-0036264,4036378,Jordan Love,True,0.0,1.0,0.2130434783,0.2130434783,0.0,1.0,False,False,HIGH,,Offensive leadership retained.,0.9551131848,0.9887782962,MIN,0.788477686,0.96,0.9887782962,43.0,29.0,43.0,43.0,1.0,3.0,43.0,0.35,0.04,False,17.0,731.0,731.0,731.0,False,43.0,43.0,False,False,Drake Dabney,GB,receivingYards,STARTER,Ourlads depth chart,559.0,559.0,,0.0,17.0,,,1.0,False,0.0,0.0,1.5,0.0,0.0,0.0,0.0
00-0037277,Teagan Quitoriano,TE,ATL,2026.0,26.465273,2.0,5.0,0.0,2.0,BACKUP,4.0,False,71.4,33.475309,109.313244,109.313244,109.313244,109.313244,ARI,TE,True,TE,ARI,STARTER,BACKUP,1,True,Ourlads depth chart,ATL,ARI,True,00-0039917,2578570,Jacoby Brissett,True,9.175435983,1.0165157848,0.251984127,0.3510466989,39.313020655,1.06,True,True,LOW,,New head coach and offensive staff.,0.9556171513,0.9889042878,LAC,0.786284424,0.96,1.0655510273,43.0,7.15,43.0,43.0,2.0,0.0,11.0,0.35,0.4,False,17.0,731.0,731.0,731.0,False,43.0,43.0,False,False,Teagan Quitoriano,ARI,receivingYards,STARTER,Ourlads depth chart,559.0,559.0,,0.0,17.0,,,1.0,False,0.0,0.0,1.0,0.0,0.0,0.0,0.0
4686248,Nate Boerkircher,TE,,,,,,,,,,,,,,,,,JAX,,,TE,JAX,ROTATIONAL,UNCERTAIN,2,True,Ourlads depth chart,,JAX,False,,4360310,Trevor Lawrence,False,0.0,1.0,,0.1905626134,0.0,1.0,False,False,HIGH,,Offensive leadership retained.,1.0451981958,1.0112995489,CLE,0.9595521213,0.9898880303,1.0112995489,14.72,14.72,14.72,14.72,0.0,14.72,14.72,0.35,0.04,False,17.0,250.24,250.24,250.24,False,14.72,14.72,False,False,Nate Boerkircher,JAX,receivingYards,ROTATIONAL,Ourlads depth chart,240.0,240.0,,0.0,17.0,,,1.0,False,,,,,,,
00-0033246,Johnny Mundt,TE,JAX,2026.0,31.774075,3.0,36.0,3.0,12.0,ROTATIONAL,2.0,False,249.9,181.648414,190.035568,190.035568,190.035568,190.035568,PHI,TE,True,TE,PHI,ROTATIONAL,ROTATIONAL,2,True,Ourlads depth chart,JAX,PHI,True,00-0036971,4040715,Jalen Hurts,True,-14.5121036903,0.9738782134,0.1905626134,0.2260869565,18.6418219462,1.0410120083,False,True,MEDIUM,,Head coach retained; offensive coordinator changed.,1.0555395873,1.0138848968,WAS,1.1404962356,1.0351240589,1.0278956857,14.72,9.5862857,14.72,14.72,12.0,9.25,12.612857,0.9,0.4,False,17.0,250.24,250.24,250.24,False,14.72,14.72,False,False,Johnny Mundt,PHI,receivingYards,ROTATIONAL,Ourlads depth chart,230.0,230.0,,0.0,17.0,,,1.0,False,0.0,0.0,1.5,0.0,0.0,0.0,0.0
00-0033881,Evan Engram,TE,DEN,2026.0,31.998583,3.0,42.0,3.0,16.0,STARTER,1.0,False,731.0,620.165925,630.79417,630.79417,630.79417,630.79417,DEN,TE,True,TE,DEN,ROTATIONAL,STARTER,3,True,Ourlads depth chart,DEN,DEN,False,00-0039732,4426338,Bo Nix,True,0.0,1.0,0.193877551,0.193877551,0.0,1.0,False,True,MEDIUM,,Head coach retained; offensive coordinator changed.,0.9767232662,0.9941808166,KC,0.8871744756,0.9717936189,0.9941808166,14.72,30.5500082,14.72,14.72,16.0,28.8125,46.187582,0.9,0.4,False,17.0,250.24,250.24,250.24,False,14.72,14.72,False,False,Evan Engram,DEN,receivingYards,ROTATIONAL,Ourlads depth chart,226.0,226.0,,0.0,17.0,,,1.0,False,1.0,0.0625,0.5109,0.0319,0.0,0.54,0.031
00-0035689,Dawson Knox,TE,BUF,2026.0,29.797306,3.0,40.0,3.0,16.0,ROTATIONAL,2.0,False,249.9,406.501481,390.747348,390.747348,390.747348,390.747348,BUF,TE,True,TE,BUF,ROTATIONAL,ROTATIONAL,2,True,Ourlads depth chart,BUF,BUF,False,00-0034857,4039034,Shane Buechele,True,-61.6139585605,0.94,0.2400793651,0.2400793651,0.0,1.0,True,True,MEDIUM,,Head-coach change with some offensive-system continuity.,0.9710586833,0.9927646708,HOU,0.8498890218,0.9624722554,0.9331987906,14.72,25.5511786,14.72,14.72,16.0,26.0625,20.949286,0.9,0.4,False,17.0,250.24,250.24,250.24,False,14.72,14.72,False,False,Dawson Knox,BUF,receivingYards,ROTATIONAL,Ourlads depth chart,224.0,224.0,,0.0,17.0,,,1.0,False,4.0,0.25,0.5648,0.1412,0.0,2.4,0.1359
00-0034981,Foster Moreau,TE,NO,2026.0,29.323648,3.0,36.0,2.0,7.0,BACKUP,4.0,False,71.4,244.446941,230.279354,230.279354,230.279354,230.279354,HOU,TE,True,TE,HOU,ROTATIONAL,BACKUP,2,True,Ourlads depth chart,NO,HOU,True,00-0040743,4432577,C.J. Stroud,True,0.2247123739,1.0004044823,0.3037974684,0.2327272727,-23.3939393939,0.9485333333,False,False,HIGH,,Offensive leadership retained.,1.0159641099,1.0039910275,BUF,0.5872458983,0.96,0.9527041521,14.72,13.8468542,14.72,14.72,7.0,8.428571,21.974279,0.6,0.45,False,17.0,250.24,250.24,250.24,False,14.72,14.72,False,False,Foster Moreau,HOU,receivingYards,ROTATIONAL,Ourlads depth chart,224.0,224.0,,0.0,17.0,,,1.0,False,0.0,0.0,1.5,0.0,0.0,0.0,0.0
00-0036637,Noah Gray,TE,KC,2026.0,27.341403,3.0,46.0,3.0,14.0,ROTATIONAL,2.0,False,249.9,305.505535,301.506393,301.506393,301.506393,301.506393,KC,TE,True,TE,KC,ROTATIONAL,ROTATIONAL,2,True,Ourlads depth chart,KC,KC,False,00-0033873,3139477,Patrick Mahomes,True,0.0,1.0,0.2677595628,0.2677595628,0.0,1.0,False,True,MEDIUM,,Head coach retained; offensive coordinator changed.,1.0227817681,1.005695442,DEN,1.1130804607,1.0282701152,1.005695442,14.72,13.8853574,14.72,14.72,14.0,12.714286,24.425,0.9,0.4,False,17.0,250.24,250.24,250.24,False,14.72,14.72,False,False,Noah Gray,KC,receivingYards,ROTATIONAL,Ourlads depth chart,224.0,224.0,,0.0,17.0,,,1.0,False,0.0,0.0,1.1578,0.0,0.0,0.0,0.0
4880236,Will Kacmarek,TE,,,,,,,,,,,,,,,,,MIA,,,TE,MIA,ROTATIONAL,UNCERTAIN,2,True,Ourlads depth chart,,MIA,False,,4242512,Malik Willis,False,0.0,1.0,,0.2212581345,0.0,1.0,True,True,LOW,,New head coach and offensive staff.,0.9749291457,0.9937322864,LV,0.7193899333,0.96,0.9937322864,14.72,14.72,14.72,14.72,0.0,14.72,14.72,0.35,0.4,False,17.0,250.24,250.24,250.24,False,14.72,14.72,False,False,Will Kacmarek,MIA,receivingYards,ROTATIONAL,Ourlads depth chart,221.0,221.0,,0.0,17.0,,,1.0,False,,,,,,,
00-0040189,Oronde Gadsden,TE,LAC,2026.0,23.187998,1.0,15.0,1.0,15.0,STARTER,1.0,False,731.0,752.533333,658.790476,658.790476,658.790476,658.790476,LAC,TE,True,TE,LAC,ROTATIONAL,STARTER,3,True,Ourlads depth chart,LAC,LAC,False,00-0036355,4038941,Justin Herbert,True,0.0,1.0,0.1840148699,0.1840148699,0.0,1.0,False,True,MEDIUM,,Head coach retained; offensive coordinator changed.,0.9758846661,0.9939711665,ARI,1.2786717411,1.04,0.9939711665,14.72,41.3120003,14.72,14.72,15.0,44.266667,14.72,0.9,0.4,False,17.0,250.24,250.24,250.24,False,14.72,14.72,False,False,Oronde Gadsden,LAC,receivingYards,ROTATIONAL,Ourlads depth chart,220.0,220.0,,0.0,17.0,,,1.0,False,3.0,0.2,0.5,0.1,0.0,1.7,0.104
00-0036754,Brock Wright,TE,DET,2026.0,27.763041,3.0,28.0,3.0,8.0,ROTATIONAL,2.0,False,249.9,189.814679,203.032256,207.092901,207.092901,207.092901,DET,TE,True,TE,DET,ROTATIONAL,ROTATIONAL,3,True,Ourlads depth chart,DET,DET,False,00-0033106,4597679,Luke Altmyer,True,0.0,1.0,0.1672727273,0.1672727273,0.0,1.0,False,True,MEDIUM,,Head coach retained; offensive coordinator changed.,0.9644668022,0.9911167005,NO,0.9529723354,0.9882430838,0.9911167005,14.72,12.6085556,14.72,14.72,8.0,13.5,9.44798,0.78,0.4,False,17.0,250.24,250.24,250.24,False,14.72,14.72,False,False,Brock Wright,DET,receivingYards,ROTATIONAL,Ourlads depth chart,219.0,219.0,,0.0,17.0,,,1.0,False,2.0,0.25,1.0904,0.2726,0.0,4.63,0.2694
00-0036290,Cole Kmet,TE,CHI,2026.0,27.481037,3.0,48.0,3.0,16.0,ROTATIONAL,2.0,False,249.9,441.12253,410.707316,389.545965,389.545965,389.545965,CHI,TE,True,TE,CHI,ROTATIONAL,ROTATIONAL,3,True,Ourlads depth chart,CHI,CHI,False,00-0039918,4431611,Caleb Williams,True,0.0,1.0,0.2566037736,0.2566037736,0.0,1.0,False,True,MEDIUM,,Head coach retained; offensive coordinator changed.,0.9500815838,0.9875203959,CAR,1.1174669847,1.0293667462,0.9875203959,14.72,23.0171875,14.72,14.72,16.0,21.6875,34.984375,0.9,0.4,False,17.0,250.24,250.24,250.24,False,14.72,14.72,False,False,Cole Kmet,CHI,receivingYards,ROTATIONAL,Ourlads depth chart,219.0,219.0,,0.0,17.0,,,1.0,False,2.0,0.125,0.6787,0.0848,0.0,1.44,0.0873
4379769,Qadir Ismail,TE,,,,,,,,,,,,,,,,,CHI,,,TE,CHI,ROTATIONAL,UNCERTAIN,4,True,Ourlads depth chart,,CHI,False,,4431611,Caleb Williams,False,0.0,1.0,,0.2566037736,0.0,1.0,False,True,MEDIUM,,Head coach retained; offensive coordinator changed.,0.9500815838,0.9875203959,CAR,1.1174669847,1.0293667462,0.9875203959,14.72,14.72,14.72,14.72,0.0,14.72,14.72,0.35,0.4,False,17.0,250.24,250.24,250.24,False,14.72,14.72,False,False,Qadir Ismail,CHI,receivingYards,ROTATIONAL,Ourlads depth chart,219.0,219.0,,0.0,17.0,,,1.0,False,,,,,,,
00-0038558,Darnell Washington,TE,PIT,2026.0,25.041561,3.0,34.0,3.0,13.0,BACKUP,3.0,False,71.4,318.41298,289.891942,295.689781,295.689781,295.689781,PIT,TE,True,TE,PIT,ROTATIONAL,BACKUP,3,True,Ourlads depth chart,PIT,PIT,False,00-0023459,8439,Aaron Rodgers,True,0.0,1.0,0.2765567766,0.2765567766,0.0,1.0,True,True,LOW,,New head coach and offensive staff.,1.0552613978,1.0138153495,ATL,0.8948508926,0.9737127231,1.0138153495,14.72,26.466875,14.72,14.72,13.0,28.0,12.66875,0.9,0.4,False,17.0,250.24,250.24,250.24,False,14.72,14.72,False,False,Darnell Washington,PIT,receivingYards,ROTATIONAL,Ourlads depth chart,218.0,218.0,,0.0,17.0,,,1.0,False,1.0,0.0769,0.5257,0.0404,0.0,0.69,0.0394
00-0033217,Mo Alie-Cox,TE,IND,2026.0,32.951375,3.0,37.0,3.0,11.0,ROTATIONAL,2.0,False,249.9,194.898544,214.552235,214.552235,214.552235,214.552235,IND,TE,True,TE,IND,ROTATIONAL,ROTATIONAL,3,True,Ourlads depth chart,IND,IND,False,00-0035710,3917792,Daniel Jones,True,0.0,1.0,0.271484375,0.271484375,0.0,1.0,False,False,HIGH,,Offensive leadership retained.,1.0049010384,1.0012252596,BAL,0.8674351177,0.9668587794,1.0012252596,14.72,10.93361392,14.72,14.72,11.0,10.636364,11.9875,0.78,0.04,False,17.0,250.24,250.24,250.24,False,14.72,14.72,False,False,Mo Alie-Cox,IND,receivingYards,ROTATIONAL,Ourlads depth chart,218.0,218.0,,0.0,17.0,,,1.0,False,1.0,0.0909,1.3839,0.1258,0.0,2.14,0.1216
00-0034798,Durham Smythe,TE,CHI,2026.0,31.064957,3.0,34.0,2.0,7.0,BACKUP,3.0,False,71.4,118.862181,119.424722,119.424722,119.424722,119.424722,BAL,TE,True,TE,BAL,ROTATIONAL,BACKUP,3,True,Ourlads depth chart,CHI,BAL,True,00-0039918,3916387,Lamar Jackson,True,-15.4412052219,0.9722058306,0.2566037736,0.2987654321,16.4306463326,1.0361474219,True,True,LOW,,New head coach and offensive staff.,1.0706021366,1.0176505341,IND,1.300604361,1.04,1.0251288052,14.72,7.0686814,14.72,14.72,7.0,3.571429,12.31456,0.6,0.4,False,17.0,250.24,250.24,250.24,False,14.72,14.72,False,False,Durham Smythe,BAL,receivingYards,ROTATIONAL,Ourlads depth chart,217.0,217.0,,0.0,17.0,,,1.0,False,0.0,0.0,1.5,0.0,0.0,0.0,0.0
00-0035249,Josh Oliver,TE,MIN,2026.0,29.449592,3.0,37.0,3.0,12.0,ROTATIONAL,2.0,False,249.9,275.787888,274.469602,274.469602,274.469602,274.469602,MIN,TE,True,TE,MIN,ROTATIONAL,ROTATIONAL,2,True,Ourlads depth chart,MIN,MIN,False,00-0039923,4573398,Max Brosmer,True,-71.2885153186,0.94,0.2093541203,0.2093541203,0.0,1.0,False,False,HIGH,,Offensive leadership retained.,1.0096221961,1.002405549,GB,0.8323429258,0.96,0.9422612161,14.72,13.9709612,14.72,14.72,12.0,13.333333,19.709615,0.9,0.04,False,17.0,250.24,250.24,250.24,False,14.72,14.72,False,False,Josh Oliver,MIN,receivingYards,ROTATIONAL,Ourlads depth chart,217.0,217.0,,0.0,17.0,,,1.0,False,4.0,0.3333,1.104,0.368,0.0,6.26,0.3533
00-0033110,Tyler Higbee,TE,LAR,2026.0,33.665969,3.0,28.0,2.0,10.0,ROTATIONAL,2.0,False,249.9,453.417164,432.65237,435.665037,435.665037,435.665037,LAR,TE,True,TE,LAR,ROTATIONAL,ROTATIONAL,3,True,Ourlads depth chart,LAR,LAR,False,00-0026498,12483,Matthew Stafford,True,0.0,1.0,0.2581755594,0.2581755594,0.0,1.0,False,True,MEDIUM,,Head coach retained; offensive coordinator changed.,0.9746791783,0.9936697946,SF,1.0615388039,1.015384701,0.9936697946,14.72,27.605,14.72,14.72,10.0,28.1,25.85,0.78,0.4,False,17.0,250.24,250.24,250.24,False,14.72,14.72,False,False,Tyler Higbee,LAR,receivingYards,ROTATIONAL,Ourlads depth chart,216.0,216.0,,0.0,17.0,,,1.0,False,3.0,0.3,0.5238,0.1572,0.0,2.67,0.1596
00-0036429,Charlie Woerner,TE,ATL,2026.0,28.877369,3.0,29.0,2.0,7.0,ROTATIONAL,2.0,False,249.9,86.697571,117.214722,119.559017,119.559017,119.559017,ATL,TE,True,TE,ATL,ROTATIONAL,ROTATIONAL,3,True,Ourlads depth chart,ATL,ATL,False,00-0039917,4360423,Michael Penix Jr.,True,0.0,1.0,0.251984127,0.251984127,0.0,1.0,True,True,LOW,,New head coach and offensive staff.,1.03521966,1.008804915,PIT,1.2293233463,1.04,1.008804915,14.72,5.5589526,14.72,14.72,7.0,6.857143,3.611667,0.6,0.4,False,17.0,250.24,250.24,250.24,False,14.72,14.72,False,False,Charlie Woerner,ATL,receivingYards,ROTATIONAL,Ourlads depth chart,215.0,215.0,,0.0,17.0,,,1.0,False,0.0,0.0,1.5,0.0,0.0,0.0,0.0
4249624,Nick Muse,TE,,,,,,,,,,,,,,,,,ATL,,,TE,ATL,ROTATIONAL,UNCERTAIN,4,True,Ourlads depth chart,,ATL,False,,4360423,Michael Penix Jr.,False,0.0,1.0,,0.251984127,0.0,1.0,True,True,LOW,,New head coach and offensive staff.,1.03521966,1.008804915,PIT,1.2293233463,1.04,1.008804915,14.72,14.72,14.72,14.72,0.0,14.72,14.72,0.35,0.4,False,17.0,250.24,250.24,250.24,False,14.72,14.72,False,False,Nick Muse,ATL,receivingYards,ROTATIONAL,Ourlads depth chart,215.0,215.0,,0.0,17.0,,,1.0,False,0.0,0.0,1.0,0.0,0.0,0.0,0.0
00-0039050,Payne Durham,TE,TB,2026.0,26.213386,3.0,22.0,2.0,8.0,ROTATIONAL,2.0,False,249.9,86.988551,149.715281,149.715281,149.715281,149.715281,TB,TE,True,TE,TB,ROTATIONAL,ROTATIONAL,2,True,Ourlads depth chart,TB,TB,False,00-0034855,3052587,Baker Mayfield,True,0.0,1.0,0.1592592593,0.1592592593,0.0,1.0,False,True,MEDIUM,,Head coach retained; offensive coordinator changed.,0.9867098654,0.9966774664,CIN,1.5835351579,1.04,0.9966774664,14.72,3.87245826,14.72,14.72,8.0,1.375,12.727083,0.78,0.4,False,17.0,250.24,250.24,250.24,False,14.72,14.72,False,False,Payne Durham,TB,receivingYards,ROTATIONAL,Ourlads depth chart,215.0,215.0,,0.0,17.0,,,1.0,False,0.0,0.0,1.5,0.0,0.0,0.0,0.0
00-0039530,Brevyn Spann-Ford,TE,DAL,2026.0,26.681568,2.0,27.0,2.0,16.0,BACKUP,3.0,False,71.4,107.090379,113.608025,113.608025,113.608025,113.608025,DAL,TE,True,TE,DAL,ROTATIONAL,BACKUP,3,True,Ourlads depth chart,DAL,DAL,False,00-0033077,4360698,Joe Milton III,True,-82.9141036982,0.94,0.2273476112,0.2273476112,0.0,1.0,False,True,MEDIUM,,Head coach retained; offensive coordinator changed.,0.9754855246,0.9938713812,NYG,0.8849812136,0.9712453034,0.9342390983,14.72,5.8625,14.72,14.72,16.0,5.625,8.0,0.9,0.4,False,17.0,250.24,250.24,250.24,False,14.72,14.72,False,False,Brevyn Spann-Ford,DAL,receivingYards,ROTATIONAL,Ourlads depth chart,214.0,214.0,,0.0,17.0,,,1.0,False,1.0,0.0625,1.5,0.0938,0.0,1.59,0.0911
00-0034829,Mike Gesicki,TE,CIN,2026.0,30.914372,3.0,43.0,3.0,12.0,STARTER,1.0,False,731.0,508.845162,534.709603,534.709603,534.709603,534.709603,CIN,TE,True,TE,CIN,ROTATIONAL,STARTER,3,True,Ourlads depth chart,CIN,CIN,False,00-0026158,4259592,Sean Clifford,True,0.0,1.0,0.2125205931,0.2125205931,0.0,1.0,False,False,HIGH,,Offensive leadership retained.,1.0412833844,1.0103208461,TB,1.0626354349,1.0156588587,1.0103208461,14.72,26.2958955,14.72,14.72,12.0,25.583333,32.708958,0.9,0.04,False,17.0,250.24,250.24,250.24,False,14.72,14.72,False,False,Mike Gesicki,CIN,receivingYards,ROTATIONAL,Ourlads depth chart,212.0,212.0,,0.0,17.0,,,1.0,False,2.0,0.1667,0.5754,0.0959,0.0,1.63,0.0974
00-0035644,Noah Fant,TE,CIN,2026.0,28.781542,3.0,42.0,3.0,13.0,ROTATIONAL,2.0,False,249.9,459.731916,438.98536,438.98536,438.98536,438.98536,NO,TE,True,TE,NO,ROTATIONAL,ROTATIONAL,2,True,Ourlads depth chart,CIN,NO,True,00-0026158,4360689,Tyler Shough,True,13.6528658513,1.0245751585,0.2125205931,0.3037974684,42.949661466,1.06,False,False,HIGH,,Offensive leadership retained.,1.0162543946,1.0040635986,DET,1.0220600881,1.005515022,1.090462938,14.72,23.22589,14.72,14.72,13.0,22.153846,32.874286,0.9,0.45,False,17.0,250.24,250.24,250.24,False,14.72,14.72,False,False,Noah Fant,NO,receivingYards,ROTATIONAL,Ourlads depth chart,212.0,212.0,,0.0,17.0,,,1.0,False,3.0,0.2308,0.6644,0.1533,0.0,2.61,0.1542
4430684,Treyton Welch,TE,,,,,,,,,,,,,,,,,NO,,,TE,NO,ROTATIONAL,UNCERTAIN,3,True,Ourlads depth chart,,NO,False,,4360689,Tyler Shough,False,0.0,1.0,,0.3037974684,0.0,1.0,False,False,HIGH,,Offensive leadership retained.,1.0162543946,1.0040635986,DET,1.0220600881,1.005515022,1.0040635986,14.72,14.72,14.72,14.72,0.0,14.72,14.72,0.35,0.04,False,17.0,250.24,250.24,250.24,False,14.72,14.72,False,False,Treyton Welch,NO,receivingYards,ROTATIONAL,Ourlads depth chart,212.0,212.0,,0.0,17.0,,,1.0,False,,,,,,,
00-0038710,Blake Whiteheart,TE,CLE,2026.0,26.446108,2.0,16.0,1.0,9.0,BACKUP,3.0,False,71.4,37.222479,76.244014,76.244014,76.244014,76.244014,CLE,TE,True,TE,CLE,ROTATIONAL,BACKUP,2,True,Ourlads depth chart,CLE,CLE,False,00-0040668,3122840,Deshaun Watson,True,0.0,1.0,0.3263358779,0.3263358779,0.0,1.0,True,True,LOW,,New head coach and offensive staff.,1.0778592535,1.0194648134,JAX,1.1010175198,1.0252543799,1.0194648134,14.72,1.9495234,14.72,14.72,9.0,0.444444,7.285714,0.78,0.4,False,17.0,250.24,250.24,250.24,False,14.72,14.72,False,False,Blake Whiteheart,CLE,receivingYards,ROTATIONAL,Ourlads depth chart,209.0,209.0,,0.0,17.0,,,1.0,False,0.0,0.0,1.5,0.0,0.0,0.0,0.0
00-0036628,John Bates,TE,WAS,2026.0,28.819873,3.0,38.0,3.0,10.0,ROTATIONAL,2.0,False,249.9,148.624555,164.454973,167.744072,167.744072,167.744072,WAS,TE,True,TE,WAS,ROTATIONAL,ROTATIONAL,2,True,Ourlads depth chart,WAS,WAS,False,00-0032268,4361994,Sam Hartman,True,0.0,1.0,0.2407407407,0.2407407407,0.0,1.0,False,True,MEDIUM,,Head coach retained; offensive coordinator changed.,0.984387588,0.996096897,PHI,0.5559919149,0.96,0.996096897,14.72,9.73313326,14.72,14.72,10.0,10.3,7.723333,0.78,0.4,False,17.0,250.24,250.24,250.24,False,14.72,14.72,False,False,John Bates,WAS,receivingYards,ROTATIONAL,Ourlads depth chart,209.0,209.0,,0.0,17.0,,,1.0,False,1.0,0.1,1.4291,0.1429,0.0,2.43,0.1372
00-0039847,Theo Johnson,TE,NYG,2026.0,25.512481,2.0,26.0,2.0,15.0,STARTER,1.0,False,731.0,574.764999,584.579494,618.27665,618.27665,618.27665,NYG,TE,True,TE,NYG,ROTATIONAL,STARTER,2,True,Ourlads depth chart,NYG,NYG,False,00-0040691,4689114,Jaxson Dart,True,0.0,1.0,0.2015810277,0.2015810277,0.0,1.0,True,True,LOW,,New head coach and offensive staff.,0.994902344,0.998725586,DAL,0.9639386453,0.9909846613,0.998725586,14.72,34.6890909,14.72,14.72,15.0,35.2,30.090909,0.9,0.4,False,17.0,250.24,250.24,250.24,False,14.72,14.72,False,False,Theo Johnson,NYG,receivingYards,ROTATIONAL,Ourlads depth chart,209.0,209.0,,0.0,17.0,,,1.0,False,5.0,0.3333,0.5,0.1667,0.0,2.83,0.1652
4831959,Eli Raridon,TE,,,,,,,,,,,,,,,,,NE,,,TE,NE,ROTATIONAL,UNCERTAIN,3,True,Ourlads depth chart,,NE,False,,4431452,Drake Maye,False,0.0,1.0,,0.2390852391,0.0,1.0,False,False,HIGH,,Offensive leadership retained.,0.9623904604,0.9905976151,SEA,1.1777816895,1.04,0.9905976151,14.72,14.72,14.72,14.72,0.0,14.72,14.72,0.35,0.04,False,17.0,250.24,250.24,250.24,False,14.72,14.72,False,False,Eli Raridon,NE,receivingYards,ROTATIONAL,Ourlads depth chart,206.0,206.0,,0.0,17.0,,,1.0,False,,,,,,,
00-0033576,Eric Saubert,TE,SEA,2026.0,32.31618,3.0,24.0,2.0,9.0,BACKUP,3.0,False,71.4,78.518286,82.688715,75.864461,75.864461,75.864461,SEA,TE,True,TE,SEA,ROTATIONAL,BACKUP,2,True,Ourlads depth chart,SEA,SEA,False,00-0034869,3912547,Sam Darnold,True,0.0,1.0,0.1954022989,0.1954022989,0.0,1.0,False,True,MEDIUM,,Head coach retained; offensive coordinator changed.,0.9788842744,0.9947210686,NE,1.1313804905,1.0328451226,0.9947210686,14.72,4.15058306,14.72,14.72,9.0,3.444444,6.654167,0.78,0.4,False,17.0,250.24,250.24,250.24,False,14.72,14.72,False,False,Eric Saubert,SEA,receivingYards,ROTATIONAL,Ourlads depth chart,206.0,206.0,,0.0,17.0,,,1.0,False,0.0,0.0,1.5,0.0,0.0,0.0,0.0
00-0037004,Hunter Long,TE,JAX,2026.0,28.036832,3.0,19.0,1.0,7.0,BACKUP,3.0,False,71.4,115.504329,118.568745,120.940119,120.940119,120.940119,JAX,TE,True,TE,JAX,UNCERTAIN,BACKUP,3,False,uncertain fallback because no verified depth source was available,JAX,JAX,False,00-0036971,4360310,Trevor Lawrence,True,0.0,1.0,0.1905626134,0.1905626134,0.0,1.0,False,False,HIGH,,Offensive leadership retained.,1.0451981958,1.0112995489,CLE,0.9595521213,0.9898880303,1.0112995489,12.65,8.7038962,12.65,12.65,7.0,12.142857,3.545455,0.6,0.0,False,17.0,215.05,215.05,215.05,False,12.65,12.65,False,False,Hunter Long,JAX,receivingYards,UNCERTAIN,uncertain fallback because no verified depth source was available,206.0,206.0,,0.0,17.0,,,1.0,False,2.0,0.2857,1.0418,0.2976,0.0,5.06,0.2946
4429811,Patrick Herbert,TE,,,,,,,,,,,,,,,,,JAX,,,TE,JAX,UNCERTAIN,UNCERTAIN,4,False,uncertain fallback because no verified depth source was available,,JAX,False,,4360310,Trevor Lawrence,False,0.0,1.0,,0.1905626134,0.0,1.0,False,False,HIGH,,Offensive leadership retained.,1.0451981958,1.0112995489,CLE,0.9595521213,0.9898880303,1.0112995489,12.65,12.65,12.65,12.65,0.0,12.65,12.65,0.35,0.0,False,17.0,215.05,215.05,215.05,False,12.65,12.65,False,False,Patrick Herbert,JAX,receivingYards,UNCERTAIN,uncertain fallback because no verified depth source was available,206.0,206.0,,0.0,17.0,,,1.0,False,,,,,,,
00-0038115,Daniel Bellinger,TE,NYG,2026.0,25.942333,3.0,39.0,3.0,13.0,ROTATIONAL,2.0,False,249.9,280.567321,278.453583,284.022655,284.022655,284.022655,TEN,TE,True,TE,TEN,ROTATIONAL,ROTATIONAL,3,True,Ourlads depth chart,NYG,TEN,True,00-0040691,4688380,Cam Ward,True,14.8664046917,1.0267595284,0.2015810277,0.2755905512,36.714528331,1.06,True,True,LOW,,New head coach and offensive staff.,1.0276722585,1.0069180646,NYJ,1.040702815,1.0101757038,1.0958944802,14.72,21.1145833,14.72,14.72,13.0,22.0,13.145833,0.9,0.4,False,17.0,250.24,250.24,250.24,False,14.72,14.72,False,False,Daniel Bellinger,TEN,receivingYards,ROTATIONAL,Ourlads depth chart,205.0,205.0,,0.0,17.0,,,1.0,False,2.0,0.1538,0.6691,0.1029,0.0,1.75,0.104
3138744,Chris Myarick,TE,,,,,,,,,,,,,,,,,LV,,,TE,LV,ROTATIONAL,UNCERTAIN,3,True,Ourlads depth chart,,LV,False,,14880,Kirk Cousins,False,0.0,1.0,,0.335483871,0.0,1.0,True,True,LOW,,New head coach and offensive staff.,0.9938178082,0.9984544521,MIA,1.2435795492,1.04,0.9984544521,14.72,14.72,14.72,14.72,0.0,14.72,14.72,0.35,0.4,False,17.0,250.24,250.24,250.24,False,14.72,14.72,False,False,Chris Myarick,LV,receivingYards,ROTATIONAL,Ourlads depth chart,203.0,203.0,,0.0,17.0,,,1.0,False,1.0,0.1,1.0,0.1,0.0,1.7,0.104
00-0039066,Michael Mayer,TE,LV,2026.0,25.156554,3.0,37.0,3.0,13.0,ROTATIONAL,2.0,False,249.9,346.556103,335.136315,341.839041,341.839041,341.839041,LV,TE,True,TE,LV,ROTATIONAL,ROTATIONAL,4,True,Ourlads depth chart,LV,LV,False,00-0030565,14880,Kirk Cousins,True,-14.6611571658,0.9736099171,0.335483871,0.335483871,0.0,1.0,True,True,LOW,,New head coach and offensive staff.,0.9938178082,0.9984544521,MIA,1.2435795492,1.04,0.9721051563,14.72,24.4479718,14.72,14.72,13.0,25.230769,17.402797,0.9,0.4,False,17.0,250.24,250.24,250.24,False,14.72,14.72,False,False,Michael Mayer,LV,receivingYards,ROTATIONAL,Ourlads depth chart,203.0,203.0,,0.0,17.0,,,1.0,False,1.0,0.0769,0.5834,0.0449,0.0,0.76,0.0467
00-0031610,Darren Waller,TE,MIA,2026.0,33.967138,2.0,21.0,2.0,9.0,STARTER,1.0,False,731.0,605.050081,619.954037,560.601432,560.601432,560.601432,CAR,TE,True,TE,CAR,ROTATIONAL,STARTER,2,True,Ourlads depth chart,MIA,CAR,True,00-0036212,4685720,Bryce Young,True,-0.9539473684,0.9982828947,0.2212581345,0.20625,-6.7830882353,0.9850772059,False,False,HIGH,,Offensive leadership retained.,0.9947733286,0.9986933322,CHI,0.9606487523,0.9901621881,0.9821007661,14.72,34.64666632,14.72,14.72,9.0,31.444444,46.0,0.78,0.45,False,17.0,250.24,250.24,250.24,False,14.72,14.72,False,False,Darren Waller,CAR,receivingYards,ROTATIONAL,Ourlads depth chart,202.0,202.0,,0.0,17.0,,,1.0,False,6.0,0.6667,0.5,0.3333,0.0,5.67,0.3301
00-0037112,Jake Tonges,TE,SF,2026.0,27.152488,2.0,12.0,1.0,10.0,ROTATIONAL,2.0,False,249.9,217.91875,233.517262,233.517262,233.517262,233.517262,SF,TE,True,TE,SF,ROTATIONAL,ROTATIONAL,3,True,Ourlads depth chart,SF,SF,False,00-0036972,4361741,Brock Purdy,True,23.1313599183,1.0416364479,0.2402957486,0.2402957486,0.0,1.0,False,False,HIGH,,Offensive leadership retained.,0.9759370786,0.9939842696,LAR,0.8498890218,0.9624722554,1.0353702439,14.72,22.854,14.72,14.72,10.0,29.3,0.0,0.78,0.04,False,17.0,250.24,250.24,250.24,False,14.72,14.72,False,False,Jake Tonges,SF,receivingYards,ROTATIONAL,Ourlads depth chart,200.0,200.0,,0.0,17.0,,,1.0,False,5.0,0.5,0.5024,0.2512,0.0,4.27,0.2418
00-0037086,Grant Calcaterra,TE,PHI,2026.0,27.743876,3.0,27.0,2.0,9.0,ROTATIONAL,2.0,False,249.9,211.961971,220.20452,220.20452,220.20452,220.20452,PHI,TE,True,TE,PHI,UNCERTAIN,ROTATIONAL,3,False,uncertain fallback because no verified depth source was available,PHI,PHI,False,00-0036389,4040715,Jalen Hurts,True,0.0,1.0,0.2260869565,0.2260869565,0.0,1.0,False,True,MEDIUM,,Head coach retained; offensive coordinator changed.,1.0555395873,1.0138848968,WAS,1.1404962356,1.0351240589,1.0138848968,12.65,10.42859958,12.65,12.65,9.0,8.444444,17.463333,0.78,0.4,False,17.0,215.05,215.05,215.05,False,12.65,12.65,False,False,Grant Calcaterra,PHI,receivingYards,UNCERTAIN,uncertain fallback because no verified depth source was available,198.0,198.0,,0.0,17.0,,,1.0,False,1.0,0.1111,1.498,0.1664,0.0,2.83,0.1723
00-0037475,Stone Smartt,TE,NYJ,2026.0,27.910888,3.0,27.0,2.0,6.0,BACKUP,3.0,False,71.4,229.235281,213.459882,213.459882,213.459882,213.459882,PHI,TE,True,TE,PHI,UNCERTAIN,BACKUP,4,False,uncertain fallback because no verified depth source was available,NYJ,PHI,True,00-0036945,4040715,Jalen Hurts,True,44.0428910691,1.06,0.2163265306,0.2260869565,4.5118949959,1.009926169,False,True,MEDIUM,,Head coach retained; offensive coordinator changed.,1.0555395873,1.0138848968,WAS,1.1404962356,1.0351240589,1.085385823,12.65,13.0172226,12.65,12.65,6.0,8.666667,19.543056,0.6,0.4,False,17.0,215.05,215.05,215.05,False,12.65,12.65,False,False,Stone Smartt,PHI,receivingYards,UNCERTAIN,uncertain fallback because no verified depth source was available,198.0,198.0,,0.0,17.0,,,1.0,False,0.0,0.0,1.4596,0.0,0.0,0.0,0.0
4432208,Caleb Lohner,TE,,,,,,,,,,,,,,,,,DEN,,,TE,DEN,UNCERTAIN,UNCERTAIN,4,False,uncertain fallback because no verified depth source was available,,DEN,False,,4426338,Bo Nix,False,0.0,1.0,,0.193877551,0.0,1.0,False,True,MEDIUM,,Head coach retained; offensive coordinator changed.,0.9767232662,0.9941808166,KC,0.8871744756,0.9717936189,0.9941808166,12.65,12.65,12.65,12.65,0.0,12.65,12.65,0.35,0.4,False,17.0,215.05,215.05,215.05,False,12.65,12.65,False,False,Caleb Lohner,DEN,receivingYards,UNCERTAIN,uncertain fallback because no verified depth source was available,195.0,195.0,,0.0,17.0,,,1.0,False,,,,,,,
4911517,Mason Pline,TE,,,,,,,,,,,,,,,,,KC,,,TE,KC,UNCERTAIN,UNCERTAIN,3,False,uncertain fallback because no verified depth source was available,,KC,False,,3139477,Patrick Mahomes,False,0.0,1.0,,0.2677595628,0.0,1.0,False,True,MEDIUM,,Head coach retained; offensive coordinator changed.,1.0227817681,1.005695442,DEN,1.1130804607,1.0282701152,1.005695442,12.65,12.65,12.65,12.65,0.0,12.65,12.65,0.35,0.4,False,17.0,215.05,215.05,215.05,False,12.65,12.65,False,False,Mason Pline,KC,receivingYards,UNCERTAIN,uncertain fallback because no verified depth source was available,193.0,193.0,,0.0,17.0,,,1.0,False,,,,,,,
4685784,Tre Watson,TE,,,,,,,,,,,,,,,,,KC,,,TE,KC,UNCERTAIN,UNCERTAIN,4,False,uncertain fallback because no verified depth source was available,,KC,False,,3139477,Patrick Mahomes,False,0.0,1.0,,0.2677595628,0.0,1.0,False,True,MEDIUM,,Head coach retained; offensive coordinator changed.,1.0227817681,1.005695442,DEN,1.1130804607,1.0282701152,1.005695442,12.65,12.65,12.65,12.65,0.0,12.65,12.65,0.35,0.4,False,17.0,215.05,215.05,215.05,False,12.65,12.65,False,False,Tre Watson,KC,receivingYards,UNCERTAIN,uncertain fallback because no verified depth source was available,193.0,193.0,,0.0,17.0,,,1.0,False,,,,,,,
5083315,Kenyon Sadiq,TE,,,,,,,,,,,,,,,,,NYJ,,,TE,NYJ,ROTATIONAL,UNCERTAIN,2,True,Ourlads depth chart,,NYJ,False,,4250360,Bailey Zappe,False,0.0,1.0,,0.2163265306,0.0,1.0,False,True,MEDIUM,,Head coach retained; offensive coordinator changed.,0.9594472963,0.9898618241,TEN,1.038509553,1.0096273883,0.9898618241,14.72,14.72,14.72,14.72,0.0,14.72,14.72,0.35,0.4,False,17.0,250.24,250.24,250.24,False,14.72,14.72,False,False,Kenyon Sadiq,NYJ,receivingYards,ROTATIONAL,Ourlads depth chart,192.0,192.0,,0.0,17.0,,,1.0,False,,,,,,,
4878842,Layne Pryor,TE,,,,,,,,,,,,,,,,,HOU,,,TE,HOU,UNCERTAIN,UNCERTAIN,3,False,uncertain fallback because no verified depth source was available,,HOU,False,,4432577,C.J. Stroud,False,0.0,1.0,,0.2327272727,0.0,1.0,False,False,HIGH,,Offensive leadership retained.,1.0159641099,1.0039910275,BUF,0.5872458983,0.96,1.0039910275,12.65,12.65,12.65,12.65,0.0,12.65,12.65,0.35,0.0,False,17.0,215.05,215.05,215.05,False,12.65,12.65,False,False,Layne Pryor,HOU,receivingYards,UNCERTAIN,uncertain fallback because no verified depth source was available,192.0,192.0,,0.0,17.0,,,1.0,False,,,,,,,
4569727,Louis Hansen,TE,,,,,,,,,,,,,,,,,HOU,,,TE,HOU,UNCERTAIN,UNCERTAIN,4,False,uncertain fallback because no verified depth source was available,,HOU,False,,4432577,C.J. Stroud,False,0.0,1.0,,0.2327272727,0.0,1.0,False,False,HIGH,,Offensive leadership retained.,1.0159641099,1.0039910275,BUF,0.5872458983,0.96,1.0039910275,12.65,12.65,12.65,12.65,0.0,12.65,12.65,0.35,0.0,False,17.0,215.05,215.05,215.05,False,12.65,12.65,False,False,Louis Hansen,HOU,receivingYards,UNCERTAIN,uncertain fallback because no verified depth source was available,192.0,192.0,,0.0,17.0,,,1.0,False,,,,,,,
00-0036534,Shane Zylstra,TE,DET,2026.0,29.79183,2.0,3.0,0.0,1.0,BACKUP,4.0,False,71.4,349.5625,202.035985,206.076705,206.076705,206.076705,BUF,TE,True,TE,BUF,UNCERTAIN,BACKUP,3,False,uncertain fallback because no verified depth source was available,DET,BUF,True,00-0033106,4039034,Shane Buechele,True,-67.2217352912,0.94,0.1672727273,0.2400793651,43.5257073844,1.06,True,True,MEDIUM,,Head-coach change with some offensive-system continuity.,0.9710586833,0.9927646708,HOU,0.8498890218,0.9624722554,0.989190718,12.65,14.15,12.65,12.65,1.0,20.0,11.0,0.35,0.4,False,17.0,215.05,215.05,215.05,False,12.65,12.65,False,False,Shane Zylstra,BUF,receivingYards,UNCERTAIN,uncertain fallback because no verified depth source was available,192.0,192.0,,0.0,17.0,,,1.0,False,0.0,0.0,0.6325,0.0,0.0,0.0,0.0
00-0039041,Elijah Higgins,TE,ARI,2026.0,25.846506,3.0,43.0,3.0,17.0,ROTATIONAL,2.0,False,249.9,269.224646,268.593196,284.708787,284.708787,284.708787,ARI,TE,True,TE,ARI,ROTATIONAL,ROTATIONAL,3,True,Ourlads depth chart,ARI,ARI,False,00-0033119,2578570,Jacoby Brissett,True,0.0,1.0,0.3510466989,0.3510466989,0.0,1.0,True,True,LOW,,New head coach and offensive staff.,0.9556171513,0.9889042878,LAC,0.786284424,0.96,0.9889042878,14.72,17.1992635,14.72,14.72,17.0,17.705882,12.639697,0.9,0.4,False,17.0,250.24,250.24,250.24,False,14.72,14.72,False,False,Elijah Higgins,ARI,receivingYards,ROTATIONAL,Ourlads depth chart,191.0,191.0,,0.0,17.0,,,1.0,False,0.0,0.0,0.8314,0.0,0.0,0.0,0.0
00-0033858,Jonnu Smith,TE,PIT,2026.0,31.029364,3.0,51.0,3.0,17.0,ROTATIONAL,2.0,False,249.9,413.575182,386.828935,356.102751,356.102751,356.102751,GB,TE,True,TE,GB,ROTATIONAL,ROTATIONAL,3,True,Ourlads depth chart,PIT,GB,True,00-0023459,4036378,Jordan Love,True,8.5611077664,1.015409994,0.2765567766,0.2130434783,-22.9657356752,0.9494753815,False,False,HIGH,,Offensive leadership retained.,0.9551131848,0.9887782962,MIN,0.788477686,0.96,0.9532878706,14.72,16.3311769,14.72,14.72,17.0,13.058824,45.782353,0.9,0.45,False,17.0,250.24,250.24,250.24,False,14.72,14.72,False,False,Jonnu Smith,GB,receivingYards,ROTATIONAL,Ourlads depth chart,191.0,191.0,,0.0,17.0,,,1.0,False,2.0,0.1176,1.1272,0.1326,0.0,2.25,0.1273
4366910,Shawn Bowman,TE,,,,,,,,,,,,,,,,,ARI,,,TE,ARI,ROTATIONAL,UNCERTAIN,4,True,Ourlads depth chart,,ARI,False,,2578570,Jacoby Brissett,False,0.0,1.0,,0.3510466989,0.0,1.0,True,True,LOW,,New head coach and offensive staff.,0.9556171513,0.9889042878,LAC,0.786284424,0.96,0.9889042878,14.72,14.72,14.72,14.72,0.0,14.72,14.72,0.35,0.4,False,17.0,250.24,250.24,250.24,False,14.72,14.72,False,False,Shawn Bowman,ARI,receivingYards,ROTATIONAL,Ourlads depth chart,191.0,191.0,,0.0,17.0,,,1.0,False,,,,,,,
00-0038809,Ben Sims,TE,MIN,2026.0,26.295523,3.0,13.0,0.0,3.0,BACKUP,3.0,False,71.4,152.1075,144.58073,147.382543,147.382543,147.382543,MIA,TE,True,TE,MIA,UNCERTAIN,BACKUP,3,False,uncertain fallback because no verified depth source was available,MIN,MIA,True,00-0039923,4242512,Malik Willis,True,-35.3553921569,0.94,0.2093541203,0.2212581345,5.6860663682,1.012509346,True,True,LOW,,New head coach and offensive staff.,0.9749291457,0.9937322864,LV,0.7193899333,0.96,0.9457934338,12.65,8.7325,12.65,12.65,3.0,10.0,8.05,0.35,0.4,False,17.0,215.05,215.05,215.05,False,12.65,12.65,False,False,Ben Sims,MIA,receivingYards,UNCERTAIN,uncertain fallback because no verified depth source was available,190.0,190.0,,0.0,17.0,,,1.0,False,0.0,0.0,1.265,0.0,0.0,0.0,0.0
4361438,Cole Turner,TE,,,,,,,,,,,,,,,,,MIA,,,TE,MIA,UNCERTAIN,UNCERTAIN,4,False,uncertain fallback because no verified depth source was available,,MIA,False,,4242512,Malik Willis,False,0.0,1.0,,0.2212581345,0.0,1.0,True,True,LOW,,New head coach and offensive staff.,0.9749291457,0.9937322864,LV,0.7193899333,0.96,0.9937322864,12.65,12.65,12.65,12.65,0.0,12.65,12.65,0.35,0.4,False,17.0,215.05,215.05,215.05,False,12.65,12.65,False,False,Cole Turner,MIA,receivingYards,UNCERTAIN,uncertain fallback because no verified depth source was available,190.0,190.0,,0.0,17.0,,,1.0,False,0.0,0.0,1.0,0.0,0.0,0.0,0.0
4565184,Jerand Bradley,TE,,,,,,,,,,,,,,,,,LAC,,,TE,LAC,UNCERTAIN,UNCERTAIN,4,False,uncertain fallback because no verified depth source was available,,LAC,False,,4038941,Justin Herbert,False,0.0,1.0,,0.1840148699,0.0,1.0,False,True,MEDIUM,,Head coach retained; offensive coordinator changed.,0.9758846661,0.9939711665,ARI,1.2786717411,1.04,0.9939711665,12.65,12.65,12.65,12.65,0.0,12.65,12.65,0.35,0.4,False,17.0,215.05,215.05,215.05,False,12.65,12.65,False,False,Jerand Bradley,LAC,receivingYards,UNCERTAIN,uncertain fallback because no verified depth source was available,189.0,189.0,,0.0,17.0,,,1.0,False,,,,,,,
4877824,Zach Horton,TE,,,,,,,,,,,,,,,,,DET,,,TE,DET,UNCERTAIN,UNCERTAIN,4,False,uncertain fallback because no verified depth source was available,,DET,False,,4597679,Luke Altmyer,False,0.0,1.0,,0.1672727273,0.0,1.0,False,True,MEDIUM,,Head coach retained; offensive coordinator changed.,0.9644668022,0.9911167005,NO,0.9529723354,0.9882430838,0.9911167005,12.65,12.65,12.65,12.65,0.0,12.65,12.65,0.35,0.4,False,17.0,215.05,215.05,215.05,False,12.65,12.65,False,False,Zach Horton,DET,receivingYards,UNCERTAIN,uncertain fallback because no verified depth source was available,188.0,188.0,,0.0,17.0,,,1.0,False,,,,,,,
4429262,Jaheim Bell,TE,,,,,,,,,,,,,,,,,PIT,,,TE,PIT,UNCERTAIN,UNCERTAIN,4,False,uncertain fallback because no verified depth source was available,,PIT,False,,8439,Aaron Rodgers,False,0.0,1.0,,0.2765567766,0.0,1.0,True,True,LOW,,New head coach and offensive staff.,1.0552613978,1.0138153495,ATL,0.8948508926,0.9737127231,1.0138153495,12.65,12.65,12.65,12.65,0.0,12.65,12.65,0.35,0.4,False,17.0,215.05,215.05,215.05,False,12.65,12.65,False,False,Jaheim Bell,PIT,receivingYards,UNCERTAIN,uncertain fallback because no verified depth source was available,187.0,187.0,,0.0,17.0,,,1.0,False,0.0,0.0,1.0,0.0,0.0,0.0,0.0
4036275,Sean McKeon,TE,,,,,,,,,,,,,,,,,IND,,,TE,IND,UNCERTAIN,UNCERTAIN,4,False,uncertain fallback because no verified depth source was available,,IND,False,,3917792,Daniel Jones,False,0.0,1.0,,0.271484375,0.0,1.0,False,False,HIGH,,Offensive leadership retained.,1.0049010384,1.0012252596,BAL,0.8674351177,0.9668587794,1.0012252596,12.65,12.65,12.65,12.65,0.0,12.65,12.65,0.35,0.0,False,17.0,215.05,215.05,215.05,False,12.65,12.65,False,False,Sean McKeon,IND,receivingYards,UNCERTAIN,uncertain fallback because no verified depth source was available,187.0,187.0,,0.0,17.0,,,1.0,False,0.0,0.0,1.0,0.0,0.0,0.0,0.0
4602969,Bryson Nesbit,TE,,,,,,,,,,,,,,,,,MIN,,,TE,MIN,UNCERTAIN,UNCERTAIN,3,False,uncertain fallback because no verified depth source was available,,MIN,False,,4573398,Max Brosmer,False,0.0,1.0,,0.2093541203,0.0,1.0,False,False,HIGH,,Offensive leadership retained.,1.0096221961,1.002405549,GB,0.8323429258,0.96,1.002405549,12.65,12.65,12.65,12.65,0.0,12.65,12.65,0.35,0.0,False,17.0,215.05,215.05,215.05,False,12.65,12.65,False,False,Bryson Nesbit,MIN,receivingYards,UNCERTAIN,uncertain fallback because no verified depth source was available,186.0,186.0,,0.0,17.0,,,1.0,False,,,,,,,
4566195,Marshall Lang,TE,,,,,,,,,,,,,,,,,MIN,,,TE,MIN,UNCERTAIN,UNCERTAIN,4,False,uncertain fallback because no verified depth source was available,,MIN,False,,4573398,Max Brosmer,False,0.0,1.0,,0.2093541203,0.0,1.0,False,False,HIGH,,Offensive leadership retained.,1.0096221961,1.002405549,GB,0.8323429258,0.96,1.002405549,12.65,12.65,12.65,12.65,0.0,12.65,12.65,0.35,0.0,False,17.0,215.05,215.05,215.05,False,12.65,12.65,False,False,Marshall Lang,MIN,receivingYards,UNCERTAIN,uncertain fallback because no verified depth source was available,186.0,186.0,,0.0,17.0,,,1.0,False,,,,,,,
4432260,Matthew Hibner,TE,,,,,,,,,,,,,,,,,BAL,,,TE,BAL,UNCERTAIN,UNCERTAIN,4,False,uncertain fallback because no verified depth source was available,,BAL,False,,3916387,Lamar Jackson,False,0.0,1.0,,0.2987654321,0.0,1.0,True,True,LOW,,New head coach and offensive staff.,1.0706021366,1.0176505341,IND,1.300604361,1.04,1.0176505341,12.65,12.65,12.65,12.65,0.0,12.65,12.65,0.35,0.4,False,17.0,215.05,215.05,215.05,False,12.65,12.65,False,False,Matthew Hibner,BAL,receivingYards,UNCERTAIN,uncertain fallback because no verified depth source was available,186.0,186.0,,0.0,17.0,,,1.0,False,,,,,,,
00-0039754,Devin Culp,TE,TB,2026.0,26.580265,2.0,6.0,0.0,4.0,BACKUP,3.0,False,71.4,168.548354,137.567103,137.567103,137.567103,137.567103,TB,TE,True,TE,TB,UNCERTAIN,BACKUP,3,False,uncertain fallback because no verified depth source was available,TB,TB,False,00-0034855,3052587,Baker Mayfield,True,0.0,1.0,0.1592592593,0.1592592593,0.0,1.0,False,True,MEDIUM,,Head coach retained; offensive coordinator changed.,0.9867098654,0.9966774664,CIN,1.5835351579,1.04,0.9966774664,12.65,18.5,12.65,12.65,4.0,1.5,44.0,0.6,0.4,False,17.0,215.05,215.05,215.05,False,12.65,12.65,False,False,Devin Culp,TB,receivingYards,UNCERTAIN,uncertain fallback because no verified depth source was available,184.0,184.0,,0.0,17.0,,,1.0,False,1.0,0.25,1.5,0.375,0.0,6.38,0.39
4746099,Kenny Fletcher Jr.,TE,,,,,,,,,,,,,,,,,TB,,,TE,TB,UNCERTAIN,UNCERTAIN,4,False,uncertain fallback because no verified depth source was available,,TB,False,,3052587,Baker Mayfield,False,0.0,1.0,,0.1592592593,0.0,1.0,False,True,MEDIUM,,Head coach retained; offensive coordinator changed.,0.9867098654,0.9966774664,CIN,1.5835351579,1.04,0.9966774664,12.65,12.65,12.65,12.65,0.0,12.65,12.65,0.35,0.4,False,17.0,215.05,215.05,215.05,False,12.65,12.65,False,False,Kenny Fletcher Jr.,TB,receivingYards,UNCERTAIN,uncertain fallback because no verified depth source was available,184.0,184.0,,0.0,17.0,,,1.0,False,,,,,,,
00-0038735,Princeton Fant,TE,DAL,2026.0,27.478299,2.0,2.0,0.0,1.0,BACKUP,4.0,False,71.4,0.0,96.204545,96.204545,96.204545,96.204545,DAL,TE,True,TE,DAL,UNCERTAIN,BACKUP,4,False,uncertain fallback because no verified depth source was available,DAL,DAL,False,00-0033077,4360698,Joe Milton III,True,-82.9141036982,0.94,0.2273476112,0.2273476112,0.0,1.0,False,True,MEDIUM,,Head coach retained; offensive coordinator changed.,0.9754855246,0.9938713812,NYG,0.8849812136,0.9712453034,0.9342390983,12.65,0.0,12.65,12.65,1.0,0.0,0.0,0.35,0.4,False,17.0,215.05,215.05,215.05,False,12.65,12.65,False,False,Princeton Fant,DAL,receivingYards,UNCERTAIN,uncertain fallback because no verified depth source was available,184.0,184.0,,0.0,17.0,,,1.0,False,0.0,0.0,1.0,0.0,0.0,0.0,0.0
00-0039631,Cam Grandy,TE,CIN,2026.0,26.785608,2.0,6.0,0.0,2.0,BACKUP,5.0,False,71.4,72.336574,115.364384,115.364384,115.364384,115.364384,CIN,TE,True,TE,CIN,UNCERTAIN,BACKUP,4,False,uncertain fallback because no verified depth source was available,CIN,CIN,False,00-0026158,4259592,Sean Clifford,True,0.0,1.0,0.2125205931,0.2125205931,0.0,1.0,False,False,HIGH,,Offensive leadership retained.,1.0412833844,1.0103208461,TB,1.0626354349,1.0156588587,1.0103208461,12.65,5.775,12.65,12.65,2.0,3.5,7.0,0.35,0.0,False,17.0,215.05,215.05,215.05,False,12.65,12.65,False,False,Cam Grandy,CIN,receivingYards,UNCERTAIN,uncertain fallback because no verified depth source was available,182.0,182.0,,0.0,17.0,,,1.0,False,0.0,0.0,1.5,0.0,0.0,0.0,0.0
00-0040244,Moliki Matavao,TE,NO,2026.0,23.461789,1.0,1.0,0.0,1.0,BACKUP,6.0,False,71.4,170.0,128.174603,128.174603,128.174603,128.174603,NO,TE,True,TE,NO,UNCERTAIN,BACKUP,4,False,uncertain fallback because no verified depth source was available,NO,NO,False,00-0040743,4360689,Tyler Shough,True,0.0,1.0,0.3037974684,0.3037974684,0.0,1.0,False,False,HIGH,,Offensive leadership retained.,1.0162543946,1.0040635986,DET,1.0220600881,1.005515022,1.0040635986,12.65,11.7225,12.65,12.65,1.0,10.0,12.65,0.35,0.0,False,17.0,215.05,215.05,215.05,False,12.65,12.65,False,False,Moliki Matavao,NO,receivingYards,UNCERTAIN,uncertain fallback because no verified depth source was available,182.0,182.0,,0.0,17.0,,,1.0,False,0.0,0.0,1.265,0.0,0.0,0.0,0.0
4565859,Joe Royer,TE,,,,,,,,,,,,,,,,,CLE,,,TE,CLE,UNCERTAIN,UNCERTAIN,3,False,uncertain fallback because no verified depth source was available,,CLE,False,,3122840,Deshaun Watson,False,0.0,1.0,,0.3263358779,0.0,1.0,True,True,LOW,,New head coach and offensive staff.,1.0778592535,1.0194648134,JAX,1.1010175198,1.0252543799,1.0194648134,12.65,12.65,12.65,12.65,0.0,12.65,12.65,0.35,0.4,False,17.0,215.05,215.05,215.05,False,12.65,12.65,False,False,Joe Royer,CLE,receivingYards,UNCERTAIN,uncertain fallback because no verified depth source was available,180.0,180.0,,0.0,17.0,,,1.0,False,,,,,,,
3917849,Lawrence Cager,TE,,,,,,,,,,,,,,,,,WAS,,,TE,WAS,UNCERTAIN,UNCERTAIN,3,False,uncertain fallback because no verified depth source was available,,WAS,False,,4361994,Sam Hartman,False,0.0,1.0,,0.2407407407,0.0,1.0,False,True,MEDIUM,,Head coach retained; offensive coordinator changed.,0.984387588,0.996096897,PHI,0.5559919149,0.96,0.996096897,12.65,12.65,12.65,12.65,0.0,12.65,12.65,0.35,0.4,False,17.0,215.05,215.05,215.05,False,12.65,12.65,False,False,Lawrence Cager,WAS,receivingYards,UNCERTAIN,uncertain fallback because no verified depth source was available,180.0,180.0,,0.0,17.0,,,1.0,False,1.0,0.2,1.0,0.2,0.0,3.4,0.192
4240023,Tre' McKitty,TE,,,,,,,,,,,,,,,,,WAS,,,TE,WAS,UNCERTAIN,UNCERTAIN,4,False,uncertain fallback because no verified depth source was available,,WAS,False,,4361994,Sam Hartman,False,0.0,1.0,,0.2407407407,0.0,1.0,False,True,MEDIUM,,Head coach retained; offensive coordinator changed.,0.984387588,0.996096897,PHI,0.5559919149,0.96,0.996096897,12.65,12.65,12.65,12.65,0.0,12.65,12.65,0.35,0.4,False,17.0,215.05,215.05,215.05,False,12.65,12.65,False,False,Tre' McKitty,WAS,receivingYards,UNCERTAIN,uncertain fallback because no verified depth source was available,180.0,180.0,,0.0,17.0,,,1.0,False,0.0,0.0,1.0,0.0,0.0,0.0,0.0
00-0036332,Josiah Deguara,TE,ARI,2026.0,29.545418,3.0,23.0,1.0,7.0,BACKUP,3.0,False,71.4,57.871958,72.437634,72.437634,72.437634,72.437634,NYG,TE,True,TE,NYG,UNCERTAIN,BACKUP,3,False,uncertain fallback because no verified depth source was available,ARI,NYG,True,00-0033119,4689114,Jaxson Dart,True,-32.5014854412,0.9414973262,0.3510466989,0.2015810277,-42.577147623,0.94,True,True,LOW,,New head coach and offensive staff.,0.994902344,0.998725586,DAL,0.9639386453,0.9909846613,0.8838796207,12.65,3.3311112,12.65,12.65,7.0,3.0,3.827778,0.6,0.4,False,17.0,215.05,215.05,215.05,False,12.65,12.65,False,False,Josiah Deguara,NYG,receivingYards,UNCERTAIN,uncertain fallback because no verified depth source was available,179.0,179.0,,0.0,17.0,,,1.0,False,1.0,0.1429,1.5,0.2143,0.0,3.64,0.2124
00-0037348,Tanner Conner,TE,MIA,2026.0,28.452994,2.0,12.0,1.0,8.0,BACKUP,4.0,False,71.4,128.766146,128.601673,131.173706,131.173706,131.173706,NYG,TE,True,TE,NYG,UNCERTAIN,BACKUP,4,False,uncertain fallback because no verified depth source was available,MIA,NYG,True,00-0036212,4689114,Jaxson Dart,True,-14.5864663158,0.9737443606,0.2212581345,0.2015810277,-8.8932806324,0.9804347826,True,True,LOW,,New head coach and offensive staff.,0.994902344,0.998725586,DAL,0.9639386453,0.9909846613,0.9534761666,12.65,9.7525,12.65,12.65,8.0,11.375,4.0,0.78,0.4,False,17.0,215.05,215.05,215.05,False,12.65,12.65,False,False,Tanner Conner,NYG,receivingYards,UNCERTAIN,uncertain fallback because no verified depth source was available,179.0,179.0,,0.0,17.0,,,1.0,False,0.0,0.0,1.1121,0.0,0.0,0.0,0.0
00-0038720,Julian Hill,TE,MIA,2026.0,26.147676,3.0,35.0,3.0,11.0,BACKUP,3.0,False,71.4,150.382976,147.14733,150.090277,150.090277,150.090277,NE,TE,True,TE,NE,UNCERTAIN,BACKUP,4,False,uncertain fallback because no verified depth source was available,MIA,NE,True,00-0036212,4431452,Drake Maye,True,36.0371515789,1.06,0.2212581345,0.2390852391,8.0571521748,1.0177257348,False,False,HIGH,,Offensive leadership retained.,0.9623904604,0.9905976151,SEA,1.1777816895,1.04,1.0686460868,12.65,11.31830148,12.65,12.65,11.0,12.727273,6.322857,0.78,0.45,False,17.0,215.05,215.05,215.05,False,12.65,12.65,False,False,Julian Hill,NE,receivingYards,UNCERTAIN,uncertain fallback because no verified depth source was available,177.0,177.0,,0.0,17.0,,,1.0,False,0.0,0.0,0.9939,0.0,0.0,0.0,0.0
4877034,Jaren Kanak,TE,,,,,,,,,,,,,,,,,TEN,,,TE,TEN,UNCERTAIN,UNCERTAIN,4,False,uncertain fallback because no verified depth source was available,,TEN,False,,4688380,Cam Ward,False,0.0,1.0,,0.2755905512,0.0,1.0,True,True,LOW,,New head coach and offensive staff.,1.0276722585,1.0069180646,NYJ,1.040702815,1.0101757038,1.0069180646,12.65,12.65,12.65,12.65,0.0,12.65,12.65,0.35,0.4,False,17.0,215.05,215.05,215.05,False,12.65,12.65,False,False,Jaren Kanak,TEN,receivingYards,UNCERTAIN,uncertain fallback because no verified depth source was available,176.0,176.0,,0.0,17.0,,,1.0,False,,,,,,,
4687509,Caden Prieskorn,TE,,,,,,,,,,,,,,,,,CAR,,,TE,CAR,UNCERTAIN,UNCERTAIN,4,False,uncertain fallback because no verified depth source was available,,CAR,False,,4685720,Bryce Young,False,0.0,1.0,,0.20625,0.0,1.0,False,False,HIGH,,Offensive leadership retained.,0.9947733286,0.9986933322,CHI,0.9606487523,0.9901621881,0.9986933322,12.65,12.65,12.65,12.65,0.0,12.65,12.65,0.35,0.0,False,17.0,215.05,215.05,215.05,False,12.65,12.65,False,False,Caden Prieskorn,CAR,receivingYards,UNCERTAIN,uncertain fallback because no verified depth source was available,173.0,173.0,,0.0,17.0,,,1.0,False,,,,,,,
00-0037282,James Mitchell,TE,CAR,2026.0,27.059399,2.0,4.0,0.0,2.0,BACKUP,4.0,False,71.4,240.479167,173.155303,173.155303,173.155303,173.155303,CAR,TE,True,TE,CAR,UNCERTAIN,BACKUP,3,False,uncertain fallback because no verified depth source was available,CAR,CAR,False,00-0039150,4685720,Bryce Young,True,0.0,1.0,0.20625,0.20625,0.0,1.0,False,False,HIGH,,Offensive leadership retained.,0.9947733286,0.9986933322,CHI,0.9606487523,0.9901621881,0.9986933322,12.65,14.0,12.65,12.65,2.0,14.0,14.0,0.35,0.0,False,17.0,215.05,215.05,215.05,False,12.65,12.65,False,False,James Mitchell,CAR,receivingYards,UNCERTAIN,uncertain fallback because no verified depth source was available,173.0,173.0,,0.0,17.0,,,1.0,False,0.0,0.0,0.9036,0.0,0.0,0.0,0.0
4695223,Chase Curtis,TE,,,,,,,,,,,,,,,,,NYJ,,,TE,NYJ,UNCERTAIN,UNCERTAIN,3,False,uncertain fallback because no verified depth source was available,,NYJ,False,,4250360,Bailey Zappe,False,0.0,1.0,,0.2163265306,0.0,1.0,False,True,MEDIUM,,Head coach retained; offensive coordinator changed.,0.9594472963,0.9898618241,TEN,1.038509553,1.0096273883,0.9898618241,12.65,12.65,12.65,12.65,0.0,12.65,12.65,0.35,0.4,False,17.0,215.05,215.05,215.05,False,12.65,12.65,False,False,Chase Curtis,NYJ,receivingYards,UNCERTAIN,uncertain fallback because no verified depth source was available,165.0,165.0,,0.0,17.0,,,1.0,False,,,,,,,
4893748,Connor Hulstein,TE,,,,,,,,,,,,,,,,,NYJ,,,TE,NYJ,UNCERTAIN,UNCERTAIN,4,False,uncertain fallback because no verified depth source was available,,NYJ,False,,4250360,Bailey Zappe,False,0.0,1.0,,0.2163265306,0.0,1.0,False,True,MEDIUM,,Head coach retained; offensive coordinator changed.,0.9594472963,0.9898618241,TEN,1.038509553,1.0096273883,0.9898618241,12.65,12.65,12.65,12.65,0.0,12.65,12.65,0.35,0.4,False,17.0,215.05,215.05,215.05,False,12.65,12.65,False,False,Connor Hulstein,NYJ,receivingYards,UNCERTAIN,uncertain fallback because no verified depth source was available,165.0,165.0,,0.0,17.0,,,1.0,False,,,,,,,
00-0039144,Luke Musgrave,TE,GB,2026.0,25.997091,3.0,31.0,2.0,13.0,ROTATIONAL,2.0,False,249.9,279.311022,276.943984,282.482863,282.482863,282.482863,GB,TE,True,TE,GB,UNCERTAIN,ROTATIONAL,4,False,uncertain fallback because no verified depth source was available,GB,GB,False,00-0036264,4036378,Jordan Love,True,0.0,1.0,0.2130434783,0.2130434783,0.0,1.0,False,False,HIGH,,Offensive leadership retained.,0.9551131848,0.9887782962,MIN,0.788477686,0.96,0.9887782962,12.65,18.9840106,12.65,12.65,13.0,19.384615,15.378571,0.9,0.0,False,17.0,215.05,215.05,215.05,False,12.65,12.65,False,False,Luke Musgrave,GB,receivingYards,UNCERTAIN,uncertain fallback because no verified depth source was available,164.0,164.0,,0.0,17.0,,,1.0,False,0.0,0.0,0.6526,0.0,0.0,0.0,0.0
00-0040194,Jackson Hawes,TE,BUF,2026.0,25.73699,1.0,13.0,1.0,13.0,BACKUP,3.0,False,71.4,244.538462,174.07438,174.07438,174.07438,174.07438,BUF,TE,True,TE,BUF,DEVELOPMENTAL,BACKUP,4,True,Ourlads depth chart,BUF,BUF,False,00-0034857,4039034,Shane Buechele,True,-61.6139585605,0.94,0.2400793651,0.2400793651,0.0,1.0,True,True,MEDIUM,,Head-coach change with some offensive-system continuity.,0.9710586833,0.9927646708,HOU,0.8498890218,0.9624722554,0.9331987906,2.2,13.1661535,2.2,2.2,13.0,14.384615,2.2,0.9,0.4,False,17.0,37.4,37.4,37.4,False,2.2,2.2,False,False,Jackson Hawes,BUF,receivingYards,DEVELOPMENTAL,Ourlads depth chart,33.0,33.0,,0.0,17.0,,,1.0,False,3.0,0.2308,0.5,0.1154,0.0,1.96,0.1111
00-0040737,Terrance Ferguson,TE,LAR,2026.0,23.489168,1.0,11.0,1.0,11.0,BACKUP,4.0,False,71.4,357.0,208.021505,208.021505,208.021505,208.021505,LAR,TE,True,TE,LAR,DEVELOPMENTAL,BACKUP,4,True,Ourlads depth chart,LAR,LAR,False,00-0026498,12483,Matthew Stafford,True,0.0,1.0,0.2581755594,0.2581755594,0.0,1.0,False,True,MEDIUM,,Head coach retained; offensive coordinator changed.,0.9746791783,0.9936697946,SF,1.0615388039,1.015384701,0.9936697946,2.2,16.864,2.2,2.2,11.0,21.0,2.2,0.78,0.4,False,17.0,37.4,37.4,37.4,False,2.2,2.2,False,False,Terrance Ferguson,LAR,receivingYards,DEVELOPMENTAL,Ourlads depth chart,32.0,32.0,,0.0,17.0,,,1.0,False,3.0,0.2727,0.5,0.1364,0.0,2.32,0.1385
4685540,Carsen Ryan,TE,,,,,,,,,,,,,,,,,CLE,,,TE,CLE,DEVELOPMENTAL,UNCERTAIN,4,True,Ourlads depth chart,,CLE,False,,3122840,Deshaun Watson,False,0.0,1.0,,0.3263358779,0.0,1.0,True,True,LOW,,New head coach and offensive staff.,1.0778592535,1.0194648134,JAX,1.1010175198,1.0252543799,1.0194648134,2.2,2.2,2.2,2.2,0.0,2.2,2.2,0.35,0.4,False,17.0,37.4,37.4,37.4,False,2.2,2.2,False,False,Carsen Ryan,CLE,receivingYards,DEVELOPMENTAL,Ourlads depth chart,31.0,31.0,,0.0,17.0,,,1.0,False,,,,,,,
00-0040739,Elijah Arroyo,TE,SEA,2026.0,23.409769,1.0,13.0,1.0,13.0,ROTATIONAL,2.0,False,249.9,234.076923,256.268065,256.268065,256.268065,256.268065,SEA,TE,True,TE,SEA,DEVELOPMENTAL,ROTATIONAL,3,True,Ourlads depth chart,SEA,SEA,False,00-0034869,3912547,Sam Darnold,True,0.0,1.0,0.1954022989,0.1954022989,0.0,1.0,False,True,MEDIUM,,Head coach retained; offensive coordinator changed.,0.9788842744,0.9947210686,NE,1.1313804905,1.0328451226,0.9947210686,2.2,12.6123079,2.2,2.2,13.0,13.769231,2.2,0.9,0.4,False,17.0,37.4,37.4,37.4,False,2.2,2.2,False,False,Elijah Arroyo,SEA,receivingYards,DEVELOPMENTAL,Ourlads depth chart,31.0,31.0,,0.0,17.0,,,1.0,False,1.0,0.0769,0.5,0.0385,0.0,0.65,0.0397
00-0040058,Nick Kallerup,TE,SEA,2026.0,25.433082,1.0,4.0,0.0,4.0,BACKUP,4.0,False,71.4,0.0,106.893939,106.893939,106.893939,106.893939,SEA,TE,True,TE,SEA,DEVELOPMENTAL,BACKUP,4,True,Ourlads depth chart,SEA,SEA,False,00-0034869,3912547,Sam Darnold,True,0.0,1.0,0.1954022989,0.1954022989,0.0,1.0,False,True,MEDIUM,,Head coach retained; offensive coordinator changed.,0.9788842744,0.9947210686,NE,1.1313804905,1.0328451226,0.9947210686,2.2,0.88,2.2,2.2,4.0,0.0,2.2,0.6,0.4,False,17.0,37.4,37.4,37.4,False,2.2,2.2,False,False,Nick Kallerup,SEA,receivingYards,DEVELOPMENTAL,Ourlads depth chart,31.0,31.0,,0.0,17.0,,,1.0,False,0.0,0.0,1.0,0.0,0.0,0.0,0.0
00-0036887,Luke Farrell,TE,SF,2026.0,28.882845,3.0,35.0,3.0,13.0,BACKUP,3.0,False,71.4,128.908046,128.828631,128.828631,128.828631,128.828631,SF,TE,True,TE,SF,DEVELOPMENTAL,BACKUP,4,True,Ourlads depth chart,SF,SF,False,00-0036972,4361741,Brock Purdy,True,23.1313599183,1.0416364479,0.2402957486,0.2402957486,0.0,1.0,False,False,HIGH,,Offensive leadership retained.,0.9759370786,0.9939842696,LAR,0.8498890218,0.9624722554,1.0353702439,2.2,6.7900325,2.2,2.2,13.0,6.538462,9.054167,0.9,0.04,False,17.0,37.4,37.4,37.4,False,2.2,2.2,False,False,Luke Farrell,SF,receivingYards,DEVELOPMENTAL,Ourlads depth chart,30.0,30.0,,0.0,17.0,,,1.0,False,2.0,0.1538,0.5,0.0769,0.0,1.31,0.074
