player_id,player_name,position,prior_team,target_season,career_state,career_flags,target_age,prior_seasons,prior_games,full_prior_seasons,latest_games,latest_rate,older_rate,rate_trend_pct,opportunity_trend_pct,latest_percentile,role_bucket,role_rank,role_stability,star_flag,shortened_prior,cohort_rows,cohort_rate,history_weight,state_adjustment,evidence_floor,predicted_games,contract_status,contract_decision_type,contract_rebound_research,generic_role_rate,identity_raw_rate,identity_shrunk_rate,identity_state_rate,identity_guardrail_rate,identity_contract_rate,generic_role_total,identity_raw_total,identity_shrunk_total,identity_state_total,identity_guardrail_total,identity_contract_total,generic_role_eq17,identity_raw_eq17,identity_shrunk_eq17,identity_state_eq17,identity_guardrail_eq17,identity_contract_eq17,forecast_team,forecast_position,current_roster_match
00-0033106,Jared Goff,QB,DET,2026,PEAK,,31.883591,3,51,3,17,268.470588,271.182353,-0.999978,2.828678,77.404922,STARTER,1,HIGH,False,False,171,241.600000,0.927273,1.000000,0.000000,16.809524,UNKNOWN,,False,245.000000,269.879613,267.822914,267.822914,267.822914,267.822914,4118.333333,4536.547784,4501.975651,4501.975651,4501.975651,4501.975651,4165.000000,4587.953424,4552.989539,4552.989539,4552.989539,4552.989539,DET,QB,True
00-0026498,Matthew Stafford,QB,LAR,2026,ESTABLISHED,LATE_CAREER|ESTABLISHED_STAR_EVIDENCE,38.566822,3,48,3,17,276.882353,245.347917,12.852946,5.904305,84.787472,STARTER,1,HIGH,True,False,46,268.687500,0.905660,1.000000,236.152079,16.320000,UNKNOWN,,False,245.000000,262.391199,262.985190,262.985190,262.985190,262.985190,3998.400000,4282.224365,4291.918293,4291.918293,4291.918293,4291.918293,4165.000000,4460.650380,4470.748222,4470.748222,4470.748222,4470.748222,LAR,QB,True
00-0034855,Baker Mayfield,QB,TB,2026,ESTABLISHED,,31.385292,3,51,3,17,217.235294,255.317647,-14.915676,-4.502286,31.319911,STARTER,1,HIGH,False,False,171,241.600000,0.910714,1.000000,0.000000,16.809524,UNKNOWN,,False,245.000000,234.490303,235.125097,235.125097,235.125097,235.125097,4118.333333,3941.670328,3952.340919,3952.340919,3952.340919,3952.340919,4165.000000,3986.335147,3997.126652,3997.126652,3997.126652,3997.126652,TB,QB,True
00-0033873,Patrick Mahomes,QB,KC,2026,ESTABLISHED,,30.958178,3,46,3,14,256.214286,251.078125,2.045642,-2.196678,67.785235,STARTER,1,HIGH,False,False,171,241.600000,0.901961,1.000000,0.000000,15.127586,UNKNOWN,,False,245.000000,253.792104,252.596800,252.596800,252.596800,252.596800,3706.258621,3839.261938,3821.179869,3821.179869,3821.179869,3821.179869,4165.000000,4314.465775,4294.145601,4294.145601,4294.145601,4294.145601,KC,QB,True
00-0039851,Drake Maye,QB,NE,2026,ASCENDING,,24.006633,2,30,2,17,258.470588,175.076923,47.632586,11.312217,69.574944,STARTER,1,HIGH,False,False,204,225.507692,0.810811,1.060000,0.000000,15.420168,UNKNOWN,,False,245.000000,234.981571,233.189216,247.180569,247.180569,247.180569,3777.941176,3623.455322,3595.816899,3811.565913,3811.565913,3811.565913,4165.000000,3994.686712,3964.216668,4202.069668,4202.069668,4202.069668,NE,QB,True
00-0033077,Dak Prescott,QB,DAL,2026,PEAK,,33.093746,3,42,3,17,267.764706,253.688971,5.548422,-0.255595,76.286353,STARTER,1,MEDIUM,False,False,171,241.600000,0.913043,1.000000,0.000000,14.677778,UNKNOWN,,False,245.000000,261.210783,259.505498,259.505498,259.505498,259.505498,3596.055556,3833.993829,3808.964027,3808.964027,3808.964027,3808.964027,4165.000000,4440.583314,4411.593461,4411.593461,4411.593461,4411.593461,DAL,QB,True
00-0039918,Caleb Williams,QB,CHI,2026,ASCENDING,,24.786936,2,34,2,17,231.882353,208.294118,11.324485,1.067616,44.295302,STARTER,1,HIGH,False,False,204,225.507692,0.829268,1.024914,0.000000,16.478261,UNKNOWN,,False,245.000000,225.318746,225.351006,230.965370,230.965370,230.965370,4037.173913,3712.861083,3713.392656,3805.907624,3805.907624,3805.907624,4165.000000,3830.418690,3830.967094,3926.411295,3926.411295,3926.411295,CHI,QB,True
00-0039732,Bo Nix,QB,DEN,2026,DEVELOPING,,26.517293,2,34,2,17,231.235294,222.058824,4.132450,7.936508,43.624161,STARTER,1,HIGH,False,False,204,225.507692,0.739130,1.009524,0.000000,16.478261,UNKNOWN,,False,245.000000,228.717426,227.880104,230.050391,230.050391,230.050391,4037.173913,3768.865418,3755.067808,3790.830359,3790.830359,3790.830359,4165.000000,3888.196249,3873.961776,3910.856650,3910.856650,3910.856650,DEN,QB,True
00-0034857,Josh Allen,QB,BUF,2026,ESTABLISHED,,30.281915,3,49,3,16,229.250000,240.224816,-4.568561,-8.853028,41.387025,STARTER,1,HIGH,False,False,171,241.600000,0.907407,1.000000,0.000000,16.120492,UNKNOWN,,False,245.000000,234.123971,234.816196,234.816196,234.816196,234.816196,3949.520492,3774.193560,3785.352566,3785.352566,3785.352566,3785.352566,4165.000000,3980.107512,3991.875335,3991.875335,3991.875335,3991.875335,BUF,QB,True
00-0036355,Justin Herbert,QB,LAC,2026,ESTABLISHED,,28.480373,3,46,3,16,232.937500,232.347511,0.253925,1.434309,45.413870,STARTER,1,HIGH,False,False,171,241.600000,0.901961,1.000000,0.000000,15.881034,UNKNOWN,,False,245.000000,232.685052,233.559066,233.559066,233.559066,233.559066,3890.853448,3695.279328,3709.159583,3709.159583,3709.159583,3709.159583,4165.000000,3955.645877,3970.504125,3970.504125,3970.504125,3970.504125,LAC,QB,True
00-0036264,Jordan Love,QB,GB,2026,ESTABLISHED,,27.831489,3,47,3,15,225.400000,232.483137,-3.046732,-3.528956,38.255034,STARTER,1,HIGH,False,False,171,241.600000,0.903846,1.000000,0.000000,15.442373,UNKNOWN,,False,245.000000,228.559753,229.813623,229.813623,229.813623,229.813623,3783.381356,3529.504933,3548.867659,3548.867659,3548.867659,3548.867659,4165.000000,3885.515803,3906.831591,3906.831591,3906.831591,3906.831591,GB,QB,True
00-0030565,Geno Smith,QB,LV,2026,ESTABLISHED,RECENT_TEAM_CHANGE,35.894625,3,47,3,15,201.666667,249.736471,-19.248211,-11.488689,19.686801,STARTER,1,HIGH,False,False,27,264.333333,0.903846,1.000000,0.000000,15.477966,UNKNOWN,,False,245.000000,223.231362,227.183474,227.183474,227.183474,227.183474,3792.101695,3455.167450,3516.338116,3516.338116,3516.338116,3516.338116,4165.000000,3794.933150,3862.119065,3862.119065,3862.119065,3862.119065,NYJ,QB,True
00-0034796,Lamar Jackson,QB,BAL,2026,RETURNING_FROM_INJURY_OR_SHORTENED,SHORTENED_PRIOR_SEASON,29.649459,3,46,3,13,196.076923,239.973897,-18.292395,-17.388211,15.212528,STARTER,1,HIGH,False,True,171,241.600000,0.884615,1.000000,0.000000,15.484483,UNKNOWN,,False,245.000000,222.555331,224.752793,224.752793,224.752793,224.752793,3793.698276,3446.154184,3480.180744,3480.180744,3480.180744,3480.180744,4165.000000,3783.440625,3820.797476,3820.797476,3820.797476,3820.797476,BAL,QB,True
00-0034869,Sam Darnold,QB,SEA,2026,ESTABLISHED,RECENT_TEAM_CHANGE,29.241511,3,44,3,17,238.117647,175.533235,35.653882,24.993449,50.335570,STARTER,1,HIGH,False,False,171,241.600000,0.897959,1.000000,0.000000,15.960714,UNKNOWN,,False,245.000000,210.294338,213.488794,213.488794,213.488794,213.488794,3910.375000,3356.447849,3407.433637,3407.433637,3407.433637,3407.433637,4165.000000,3575.003751,3629.309490,3629.309490,3629.309490,3629.309490,SEA,QB,True
00-0036971,Trevor Lawrence,QB,JAX,2026,ESTABLISHED,,26.906076,3,43,3,17,235.705882,220.775000,6.762941,6.960554,48.545861,STARTER,1,HIGH,False,False,204,225.507692,0.895833,1.000000,0.000000,14.804545,UNKNOWN,,False,245.000000,228.654562,228.326763,228.326763,228.326763,228.326763,3627.113636,3385.126858,3380.273944,3380.273944,3380.273944,3380.273944,4165.000000,3887.127555,3881.554974,3881.554974,3881.554974,3881.554974,JAX,QB,True
00-0039163,C.J. Stroud,QB,HOU,2026,DEVELOPING,,24.912880,3,46,3,14,217.214286,238.356275,-8.869911,-5.534629,31.096197,STARTER,1,HIGH,False,False,204,225.507692,0.793103,1.000000,0.000000,15.039655,UNKNOWN,,False,245.000000,223.325949,223.777344,223.777344,223.777344,223.777344,3684.715517,3358.745270,3365.534096,3365.534096,3365.534096,3365.534096,4165.000000,3796.541140,3804.214856,3804.214856,3804.214856,3804.214856,HOU,QB,True
00-0040676,Cam Ward,QB,TEN,2026,LOW_SAMPLE,,24.272210,1,17,1,17,186.411765,,0.000000,0.000000,8.948546,STARTER,1,LOW,False,False,204,225.507692,0.459459,1.000000,0.000000,16.172414,UNKNOWN,,False,245.000000,186.411765,207.544699,207.544699,207.544699,207.544699,3962.241379,3014.728195,3356.498745,3356.498745,3356.498745,3356.498745,4165.000000,3169.000000,3528.259875,3528.259875,3528.259875,3528.259875,TEN,QB,True
00-0036389,Jalen Hurts,QB,PHI,2026,ESTABLISHED,,28.069687,3,48,3,16,201.500000,205.226078,-1.815597,6.194642,19.015660,STARTER,1,HIGH,False,False,171,241.600000,0.905660,1.000000,0.000000,15.880000,UNKNOWN,,False,245.000000,203.162810,206.788960,206.788960,206.788960,206.788960,3890.600000,3226.225425,3283.808686,3283.808686,3283.808686,3283.808686,4165.000000,3453.767772,3515.412322,3515.412322,3515.412322,3515.412322,PHI,QB,True
00-0036212,Tua Tagovailoa,QB,MIA,2026,ESTABLISHED,,28.502276,3,42,3,14,190.000000,264.613636,-28.197200,-21.870801,11.409396,STARTER,1,MEDIUM,False,False,171,241.600000,0.893617,1.000000,0.000000,14.094444,UNKNOWN,,False,245.000000,223.285588,225.233930,225.233930,225.233930,225.233930,3453.138889,3147.086322,3174.547115,3174.547115,3174.547115,3174.547115,4165.000000,3795.855004,3828.976812,3828.976812,3828.976812,3828.976812,ATL,QB,True
00-0039150,Bryce Young,QB,CAR,2026,DEVELOPING,,25.104533,3,46,3,16,188.187500,174.502232,7.842460,1.765538,10.067114,STARTER,1,HIGH,False,False,204,225.507692,0.793103,1.009411,0.000000,15.317241,UNKNOWN,,False,245.000000,183.279028,192.015993,193.823046,193.823046,193.823046,3752.724138,2807.329104,2941.155308,2968.834380,2968.834380,2968.834380,4165.000000,3115.743468,3264.271875,3294.991781,3294.991781,3294.991781,CAR,QB,True
00-0040743,Tyler Shough,QB,NO,2026,LOW_SAMPLE,SHORTENED_PRIOR_SEASON,26.927979,1,11,1,11,216.727273,,0.000000,0.000000,30.425056,STARTER,1,LOW,False,True,204,225.507692,0.354839,1.000000,0.000000,13.086957,UNKNOWN,,False,245.000000,216.727273,222.392060,222.392060,222.392060,222.392060,3206.304348,2836.300395,2910.435214,2910.435214,2910.435214,2910.435214,4165.000000,3684.363636,3780.665012,3780.665012,3780.665012,3780.665012,NO,QB,True
00-0040691,Jaxson Dart,QB,NYG,2026,LOW_SAMPLE,,23.305728,1,14,1,14,162.285714,,0.000000,0.000000,2.237136,STARTER,1,LOW,False,False,204,225.507692,0.411765,1.000000,0.000000,14.461538,UNKNOWN,,False,245.000000,162.285714,199.475113,199.475113,199.475113,199.475113,3543.076923,2346.901099,2884.717021,2884.717021,2884.717021,2884.717021,4165.000000,2758.857143,3391.076923,3391.076923,3391.076923,3391.076923,NYG,QB,True
00-0023459,Aaron Rodgers,QB,PIT,2026,ESTABLISHED,LATE_CAREER|RECENT_TEAM_CHANGE,42.750344,3,34,2,16,207.625000,149.002941,39.342887,37.239009,23.489933,STARTER,1,HIGH,False,False,46,268.687500,0.871795,1.000000,0.000000,14.558696,UNKNOWN,,False,245.000000,176.315528,188.158088,188.158088,188.158088,188.158088,3566.880435,2566.924107,2739.336342,2739.336342,2739.336342,2739.336342,4165.000000,2997.363972,3198.687501,3198.687501,3198.687501,3198.687501,PIT,QB,True
00-0033119,Jacoby Brissett,QB,ARI,2026,ASCENDING,RECENT_TEAM_CHANGE,33.723465,3,23,1,14,240.428571,115.900000,107.444842,82.571052,53.467562,STARTER,1,MEDIUM,False,False,171,241.600000,0.766667,1.060000,0.000000,12.122857,UNKNOWN,,False,245.000000,197.506411,207.794915,220.262610,220.262610,220.262610,2970.100000,2394.342007,2519.068072,2670.212157,2670.212157,2670.212157,4165.000000,3357.608990,3532.513559,3744.464372,3744.464372,3744.464372,AZ,QB,True
00-0037834,Brock Purdy,QB,SF,2026,RETURNING_FROM_INJURY_OR_SHORTENED,SHORTENED_PRIOR_SEASON|ROLE_DROP,26.681568,3,40,3,9,240.777778,261.065000,-7.770947,7.225447,53.467562,BACKUP,2,LOW,False,True,132,125.354167,0.869565,1.000000,0.000000,11.269231,UNKNOWN,,False,22.300000,253.105468,236.442255,236.442255,236.442255,236.442255,251.303846,2852.303927,2664.522332,2664.522332,2664.522332,2664.522332,379.100000,4302.792954,4019.518330,4019.518330,4019.518330,4019.518330,SF,QB,True
00-0039923,J.J. McCarthy,QB,MIN,2026,LOW_SAMPLE,SHORTENED_PRIOR_SEASON,23.615112,1,10,1,10,163.200000,,0.000000,0.000000,2.684564,STARTER,1,LOW,False,True,204,225.507692,0.333333,1.000000,0.000000,12.727273,UNKNOWN,,False,245.000000,163.200000,204.738462,204.738462,204.738462,204.738462,3118.181818,2077.090909,2605.762238,2605.762238,2605.762238,2605.762238,4165.000000,2774.400000,3480.553846,3480.553846,3480.553846,3480.553846,MIN,QB,True
00-0035710,Daniel Jones,QB,IND,2026,RETURNING_FROM_INJURY_OR_SHORTENED,SHORTENED_PRIOR_SEASON|RECENT_TEAM_CHANGE,29.266152,3,29,2,13,238.538462,187.575000,27.169645,-6.222144,51.230425,STARTER,1,HIGH,False,True,171,241.600000,0.828571,1.020000,0.000000,11.791463,UNKNOWN,,False,245.000000,208.685878,214.328299,218.614864,218.614864,218.614864,2888.908537,2460.711890,2527.244291,2577.789177,2577.789177,2577.789177,4165.000000,3547.659918,3643.581075,3716.452696,3716.452696,3716.452696,IND,QB,True
00-0040668,Shedeur Sanders,QB,CLE,2026,LOW_SAMPLE,SHORTENED_PRIOR_SEASON,24.565166,1,8,1,8,175.000000,,0.000000,0.000000,4.921700,STARTER,1,LOW,False,True,204,225.507692,0.285714,1.000000,0.000000,12.200000,UNKNOWN,,False,245.000000,175.000000,211.076923,211.076923,211.076923,211.076923,2989.000000,2135.000000,2575.138462,2575.138462,2575.138462,2575.138462,4165.000000,2975.000000,3588.307692,3588.307692,3588.307692,3588.307692,CLE,QB,True
00-0026158,Joe Flacco,QB,CIN,2026,DECLINING,LATE_CAREER|SHORTENED_PRIOR_SEASON|RECENT_TEAM_CHANGE,41.625064,3,25,1,13,190.692308,276.641429,-31.068781,-14.228825,12.527964,STARTER,1,MEDIUM,False,True,46,268.687500,0.757576,0.882328,0.000000,11.945946,UNKNOWN,,False,245.000000,218.695656,230.814891,203.654452,203.654452,203.654452,2926.756757,2612.526489,2757.302213,2432.845075,2432.845075,2432.845075,4165.000000,3717.826158,3923.853150,3462.125684,3462.125684,3462.125684,CIN,QB,True
00-0036442,Joe Burrow,QB,CIN,2026,RETURNING_FROM_INJURY_OR_SHORTENED,SHORTENED_PRIOR_SEASON|ROLE_DROP,29.726120,3,35,3,8,226.125000,268.856176,-15.893693,-14.134717,39.149888,BACKUP,2,LOW,False,True,124,124.116667,0.853659,1.000000,0.000000,10.287234,UNKNOWN,,False,22.300000,252.223358,233.476037,233.476037,233.476037,233.476037,229.405319,2594.680710,2401.822635,2401.822635,2401.822635,2401.822635,379.100000,4287.797078,3969.092627,3969.092627,3969.092627,3969.092627,CIN,QB,True
00-0036972,Mac Jones,QB,SF,2026,RETURNING_FROM_INJURY_OR_SHORTENED,SHORTENED_PRIOR_SEASON|RECENT_TEAM_CHANGE,27.990287,3,32,3,11,195.545455,176.134545,11.020501,-6.193197,14.988814,STARTER,1,MEDIUM,False,True,171,241.600000,0.842105,1.008816,0.000000,12.072727,UNKNOWN,,False,245.000000,183.797157,192.923922,194.624816,194.624816,194.624816,2957.818182,2218.932950,2329.117891,2349.652328,2349.652328,2349.652328,4165.000000,3124.551670,3279.706669,3308.621877,3308.621877,3308.621877,SF,QB,True
00-0039917,Michael Penix Jr.,QB,ATL,2026,RETURNING_FROM_INJURY_OR_SHORTENED,SHORTENED_PRIOR_SEASON,26.317426,2,14,1,9,220.222222,155.000000,42.078853,46.031746,33.780761,STARTER,1,MEDIUM,False,True,204,225.507692,0.700000,1.020000,0.000000,10.620513,UNKNOWN,,False,245.000000,187.731819,199.064581,203.045873,203.045873,203.045873,2602.025641,1993.808194,2114.167937,2156.451296,2156.451296,2156.451296,4165.000000,3191.440929,3384.097881,3451.779839,3451.779839,3451.779839,ATL,QB,True
00-0036945,Justin Fields,QB,NYJ,2026,RETURNING_FROM_INJURY_OR_SHORTENED,SHORTENED_PRIOR_SEASON|RECENT_TEAM_CHANGE,27.494726,3,32,3,9,139.888889,140.866923,-0.694297,10.966754,0.671141,STARTER,1,MEDIUM,False,True,171,241.600000,0.842105,1.000000,0.000000,11.927273,UNKNOWN,,False,245.000000,139.693500,155.784000,155.784000,155.784000,155.784000,2922.181818,1666.162473,1858.078255,1858.078255,1858.078255,1858.078255,4165.000000,2374.789500,2648.328000,2648.328000,2648.328000,2648.328000,KC,QB,True
00-0039910,Jayden Daniels,QB,WAS,2026,RETURNING_FROM_INJURY_OR_SHORTENED,SHORTENED_PRIOR_SEASON|ROLE_DROP,25.704135,2,24,1,7,180.285714,209.882353,-14.101537,-4.880952,6.711409,BACKUP,2,LOW,False,True,132,125.354167,0.800000,1.000000,0.000000,9.888889,UNKNOWN,,False,22.300000,195.021968,181.088408,181.088408,181.088408,181.088408,220.522222,1928.550572,1790.763143,1790.763143,1790.763143,1790.763143,379.100000,3315.373455,3078.502931,3078.502931,3078.502931,3078.502931,WAS,QB,True
00-0035228,Kyler Murray,QB,ARI,2026,RETURNING_FROM_INJURY_OR_SHORTENED,SHORTENED_PRIOR_SEASON|ROLE_DROP,29.069023,3,30,2,5,192.400000,225.950368,-14.848556,-0.648850,12.975391,BACKUP,2,LOW,False,True,124,124.116667,0.833333,1.000000,0.000000,8.964286,UNKNOWN,,False,22.300000,212.558403,197.818114,197.818114,197.818114,197.818114,199.903571,1905.434258,1773.298092,1773.298092,1773.298092,1773.298092,379.100000,3613.492855,3362.907935,3362.907935,3362.907935,3362.907935,MIN,QB,True
00-0032268,Marcus Mariota,QB,WAS,2026,RETURNING_FROM_INJURY_OR_SHORTENED,SHORTENED_PRIOR_SEASON,32.839121,3,15,1,10,169.500000,107.566667,57.576697,67.424708,3.355705,STARTER,1,MEDIUM,False,True,171,241.600000,0.714286,1.020000,0.000000,10.000000,UNKNOWN,,False,245.000000,132.844526,163.917519,167.195869,167.195869,167.195869,2450.000000,1328.445262,1639.175187,1671.958691,1671.958691,1671.958691,4165.000000,2258.356945,2786.597818,2842.329774,2842.329774,2842.329774,WAS,QB,True
00-0029604,Kirk Cousins,QB,ATL,2026,DECLINING,LATE_CAREER|SHORTENED_PRIOR_SEASON|ROLE_DROP,38.035668,3,32,3,10,172.100000,264.852679,-35.020480,-22.340508,4.250559,BACKUP,2,LOW,False,True,17,164.833333,0.800000,0.903715,0.000000,9.290909,UNKNOWN,,False,22.300000,203.143503,195.481469,176.659468,176.659468,176.659468,207.187273,1887.387819,1816.200558,1641.327062,1641.327062,1641.327062,379.100000,3453.439552,3323.184975,3003.210964,3003.210964,3003.210964,LV,QB,True
00-0039376,Spencer Rattler,QB,NO,2026,RETURNING_FROM_INJURY_OR_SHORTENED,SHORTENED_PRIOR_SEASON,25.925905,2,16,1,9,176.222222,188.142857,-6.335949,-12.329435,5.145414,BACKUP,2,MEDIUM,False,True,132,125.354167,0.727273,1.000000,0.000000,6.676190,UNKNOWN,,False,22.300000,182.281654,166.755976,166.755976,166.755976,166.755976,148.879048,1216.947043,1113.294657,1113.294657,1113.294657,1113.294657,379.100000,3098.788119,2834.851586,2834.851586,2834.851586,2834.851586,NO,QB,True
00-0031503,Jameis Winston,QB,NYG,2026,RETURNING_FROM_INJURY_OR_SHORTENED,SHORTENED_PRIOR_SEASON|ROLE_DROP|RECENT_TEAM_CHANGE,32.652943,3,20,1,3,189.000000,140.731818,34.297988,8.735537,10.290828,BACKUP,3,LOW,False,True,124,124.116667,0.769231,1.020000,0.000000,6.218750,UNKNOWN,,False,4.500000,160.373778,152.006752,155.046887,155.046887,155.046887,27.984375,997.324433,945.291992,964.197832,964.197832,964.197832,76.500000,2726.354229,2584.114791,2635.797087,2635.797087,2635.797087,NYG,QB,True
00-0040704,Dillon Gabriel,QB,CLE,2026,LOW_SAMPLE,SHORTENED_PRIOR_SEASON,25.676756,1,10,1,10,93.700000,,0.000000,0.000000,0.000000,BACKUP,2,LOW,False,True,132,125.354167,0.333333,1.000000,0.000000,7.272727,UNKNOWN,,False,22.300000,93.700000,114.802778,114.802778,114.802778,114.802778,162.181818,681.454545,834.929293,834.929293,834.929293,834.929293,379.100000,1592.900000,1951.647222,1951.647222,1951.647222,1951.647222,CLE,QB,True
00-0035289,Gardner Minshew,QB,KC,2026,ESTABLISHED,SHORTENED_PRIOR_SEASON|ROLE_DROP|RECENT_TEAM_CHANGE,30.295605,3,30,2,4,9.250000,203.141875,-95.446532,-89.382121,0.000000,BACKUP,4,LOW,False,True,124,124.116667,0.857143,1.000000,0.000000,6.857143,UNKNOWN,,False,4.500000,90.049852,94.916540,94.916540,94.916540,94.916540,30.857143,617.484698,650.856272,650.856272,650.856272,650.856272,76.500000,1530.847481,1613.581175,1613.581175,1613.581175,1613.581175,AZ,QB,True
00-0040398,Brady Cook,QB,NYJ,2026,LOW_SAMPLE,SHORTENED_PRIOR_SEASON,24.888239,1,5,0,5,147.800000,,0.000000,0.000000,0.671141,BACKUP,2,LOW,False,True,132,125.354167,0.200000,1.000000,0.000000,5.000000,UNKNOWN,,False,22.300000,147.800000,129.843333,129.843333,129.843333,129.843333,111.500000,739.000000,649.216667,649.216667,649.216667,649.216667,379.100000,2512.600000,2207.336667,2207.336667,2207.336667,2207.336667,MIA,QB,True
00-0038579,Aidan O'Connell,QB,LV,2026,DEVELOPING,SHORTENED_PRIOR_SEASON,28.001239,3,21,2,1,102.000000,186.994949,-45.453072,-22.708400,0.000000,BACKUP,3,MEDIUM,False,True,124,124.116667,0.636364,1.000000,0.000000,4.936364,UNKNOWN,,False,4.500000,130.567007,128.221429,128.221429,128.221429,128.221429,22.213636,644.526228,632.947599,632.947599,632.947599,632.947599,76.500000,2219.639127,2179.764293,2179.764293,2179.764293,2179.764293,LV,QB,True
00-0033662,Cooper Rush,QB,BAL,2026,DEVELOPING,SHORTENED_PRIOR_SEASON|ROLE_DROP|RECENT_TEAM_CHANGE,32.778887,3,23,1,4,75.750000,107.083333,-29.260700,-27.306617,0.000000,BACKUP,3,LOW,False,True,124,124.116667,0.657143,1.000000,0.000000,6.215714,UNKNOWN,,False,4.500000,89.657655,101.472173,101.472173,101.472173,101.472173,27.970714,557.286365,630.722035,630.722035,630.722035,630.722035,76.500000,1524.180128,1725.026941,1725.026941,1725.026941,1725.026941,ATL,QB,True
00-0028118,Tyrod Taylor,QB,NYJ,2026,RETURNING_FROM_INJURY_OR_SHORTENED,LATE_CAREER|SHORTENED_PRIOR_SEASON,37.080139,3,18,1,6,129.833333,85.610000,51.656738,66.047088,0.000000,BACKUP,3,MEDIUM,False,True,17,164.833333,0.750000,1.020000,0.000000,5.240000,UNKNOWN,,False,4.500000,102.226140,117.877938,120.235497,120.235497,120.235497,23.580000,535.664975,617.680398,630.034006,630.034006,630.034006,76.500000,1737.844384,2003.924954,2044.003453,2044.003453,2044.003453,GB,QB,True
00-0040234,Quinn Ewers,QB,MIA,2026,LOW_SAMPLE,SHORTENED_PRIOR_SEASON,23.467265,1,4,0,4,155.500000,,0.000000,0.000000,1.342282,BACKUP,2,LOW,False,True,132,125.354167,0.166667,1.000000,0.000000,4.750000,UNKNOWN,,False,22.300000,155.500000,130.378472,130.378472,130.378472,130.378472,105.925000,738.625000,619.297743,619.297743,619.297743,619.297743,379.100000,2643.500000,2216.434028,2216.434028,2216.434028,2216.434028,JAX,QB,True
00-0034771,Mason Rudolph,QB,PIT,2026,DEVELOPING,SHORTENED_PRIOR_SEASON|RECENT_TEAM_CHANGE,31.127929,3,17,1,5,62.000000,187.225000,-66.884764,-58.400000,0.000000,BACKUP,2,LOW,False,True,124,124.116667,0.586207,1.000000,0.000000,5.439655,UNKNOWN,,False,22.300000,105.230406,113.045410,113.045410,113.045410,113.045410,121.304310,572.417122,614.928052,614.928052,614.928052,614.928052,379.100000,1788.916902,1921.771977,1921.771977,1921.771977,1921.771977,PIT,QB,True
00-0040494,Max Brosmer,QB,MIN,2026,LOW_SAMPLE,SHORTENED_PRIOR_SEASON,25.430344,1,7,0,7,46.857143,,0.000000,0.000000,0.000000,BACKUP,3,LOW,False,True,132,125.354167,0.259259,1.000000,0.000000,5.736842,UNKNOWN,,False,4.500000,46.857143,105.003086,105.003086,105.003086,105.003086,25.815789,268.812030,602.386127,602.386127,602.386127,602.386127,76.500000,796.571429,1785.052469,1785.052469,1785.052469,1785.052469,MIN,QB,True
00-0032950,Carson Wentz,QB,MIN,2026,RETURNING_FROM_INJURY_OR_SHORTENED,SHORTENED_PRIOR_SEASON|RECENT_TEAM_CHANGE,33.671444,3,8,0,5,243.200000,95.400000,154.926625,131.903945,55.480984,BACKUP,2,MEDIUM,False,True,124,124.116667,0.571429,1.020000,0.000000,4.120000,UNKNOWN,,False,22.300000,152.275197,140.207255,143.011400,143.011400,143.011400,91.876000,627.373810,577.653891,589.206969,589.206969,589.206969,379.100000,2588.678341,2383.523338,2431.193805,2431.193805,2431.193805,MIN,QB,True
00-0040206,Riley Leonard,QB,IND,2026,LOW_SAMPLE,SHORTENED_PRIOR_SEASON,23.968302,1,5,0,5,83.000000,,0.000000,0.000000,0.000000,BACKUP,3,LOW,False,True,132,125.354167,0.200000,1.000000,0.000000,5.000000,UNKNOWN,,False,4.500000,83.000000,116.883333,116.883333,116.883333,116.883333,22.500000,415.000000,584.416667,584.416667,584.416667,584.416667,76.500000,1411.000000,1987.016667,1987.016667,1987.016667,1987.016667,IND,QB,True
00-0036679,Shane Buechele,QB,KC,2026,LOW_SAMPLE,SHORTENED_PRIOR_SEASON,28.647385,1,1,0,1,88.000000,,0.000000,0.000000,0.000000,BACKUP,3,LOW,False,True,124,124.116667,0.047619,1.000000,0.000000,4.692308,UNKNOWN,,False,4.500000,88.000000,122.396825,122.396825,122.396825,122.396825,21.115385,412.923077,574.323565,574.323565,574.323565,574.323565,76.500000,1496.000000,2080.746032,2080.746032,2080.746032,2080.746032,BUF,QB,True
00-0038658,Adrian Martinez,QB,SF,2026,LOW_SAMPLE,SHORTENED_PRIOR_SEASON,26.651451,1,1,0,1,0.000000,,0.000000,0.000000,0.000000,BACKUP,3,LOW,False,True,132,125.354167,0.047619,1.000000,0.000000,4.692308,UNKNOWN,,False,4.500000,0.000000,119.384921,119.384921,119.384921,119.384921,21.115385,0.000000,560.190781,560.190781,560.190781,560.190781,76.500000,0.000000,2029.543651,2029.543651,2029.543651,2029.543651,SF,QB,True
00-0035993,Tyler Huntley,QB,BAL,2026,DEVELOPING,SHORTENED_PRIOR_SEASON|RECENT_TEAM_CHANGE,28.576199,3,15,0,5,85.200000,121.980000,-30.152484,-32.595573,0.000000,BACKUP,2,LOW,False,True,124,124.116667,0.555556,1.000000,0.000000,5.000000,UNKNOWN,,False,22.300000,100.782514,111.153249,111.153249,111.153249,111.153249,111.500000,503.912572,555.766244,555.766244,555.766244,555.766244,379.100000,1713.302746,1889.605229,1889.605229,1889.605229,1889.605229,BAL,QB,True
00-0027973,Andy Dalton,QB,CAR,2026,DECLINING,LATE_CAREER|SHORTENED_PRIOR_SEASON,38.843351,3,12,0,4,73.250000,170.316667,-56.991878,-66.343238,0.000000,BACKUP,2,LOW,False,True,17,164.833333,0.600000,0.897253,0.000000,4.650000,UNKNOWN,,False,22.300000,108.643618,131.119504,117.647394,117.647394,117.647394,103.695000,505.192823,609.705694,547.060382,547.060382,547.060382,379.100000,1846.941505,2229.031569,2000.005697,2000.005697,2000.005697,PHI,QB,True
00-0039577,Kedon Slovis,QB,ARI,2026,LOW_SAMPLE,SHORTENED_PRIOR_SEASON,25.392014,1,2,0,2,-1.000000,,0.000000,0.000000,0.000000,BACKUP,3,LOW,False,True,132,125.354167,0.090909,1.000000,-0.000000,4.571429,UNKNOWN,,False,4.500000,-1.000000,113.867424,113.867424,113.867424,113.867424,20.571429,-4.571429,520.536797,520.536797,520.536797,520.536797,76.500000,-17.000000,1935.746212,1935.746212,1935.746212,1935.746212,GB,QB,True
00-0039398,Joe Milton III,QB,DAL,2026,LOW_SAMPLE,SHORTENED_PRIOR_SEASON|RECENT_TEAM_CHANGE,26.489914,2,5,0,4,45.750000,241.000000,-81.016598,-79.310345,0.000000,BACKUP,2,LOW,False,True,132,125.354167,0.200000,1.000000,0.000000,4.394464,UNKNOWN,,False,22.300000,88.457775,117.974888,117.974888,117.974888,117.974888,97.996540,388.724477,518.436360,518.436360,518.436360,518.436360,379.100000,1503.782168,2005.573100,2005.573100,2005.573100,2005.573100,DAL,QB,True
00-0038400,Tanner McKee,QB,PHI,2026,LOW_SAMPLE,SHORTENED_PRIOR_SEASON,26.347543,2,6,0,4,68.500000,161.500000,-57.585139,-52.222222,0.000000,BACKUP,2,LOW,False,True,132,125.354167,0.230769,1.000000,0.000000,4.431373,UNKNOWN,,False,22.300000,88.757608,116.908807,116.908807,116.908807,116.908807,98.819608,393.318026,518.066478,518.066478,518.066478,518.066478,379.100000,1508.879329,1987.449717,1987.449717,1987.449717,1987.449717,PHI,QB,True
00-0035100,Jake Browning,QB,CIN,2026,RETURNING_FROM_INJURY_OR_SHORTENED,SHORTENED_PRIOR_SEASON,30.391432,3,16,1,5,154.200000,75.288889,104.811098,164.550265,1.342282,BACKUP,3,MEDIUM,False,True,124,124.116667,0.727273,1.020000,0.000000,4.885714,UNKNOWN,,False,4.500000,94.160037,102.330027,104.376627,104.376627,104.376627,21.985714,460.039037,499.955274,509.954379,509.954379,509.954379,76.500000,1600.720627,1739.610456,1774.402665,1774.402665,1774.402665,TB,QB,True
00-0037013,Zach Wilson,QB,MIA,2026,DEVELOPING,SHORTENED_PRIOR_SEASON|ROLE_DROP|RECENT_TEAM_CHANGE,27.081302,2,16,1,4,8.000000,189.250000,-95.772787,-91.032609,0.000000,BACKUP,3,LOW,False,True,124,124.116667,0.571429,1.000000,0.000000,6.042017,UNKNOWN,,False,4.500000,53.779814,83.924179,83.924179,83.924179,83.924179,27.189076,324.938541,507.071303,507.071303,507.071303,507.071303,76.500000,914.256840,1426.711051,1426.711051,1426.711051,1426.711051,NO,QB,True
00-0040673,Jalen Milroe,QB,SEA,2026,LOW_SAMPLE,SHORTENED_PRIOR_SEASON,23.719152,1,3,0,3,0.000000,,0.000000,0.000000,0.000000,BACKUP,3,LOW,False,True,132,125.354167,0.130435,1.000000,0.000000,4.600000,UNKNOWN,,False,4.500000,0.000000,109.003623,109.003623,109.003623,109.003623,20.700000,0.000000,501.416667,501.416667,501.416667,501.416667,76.500000,0.000000,1853.061594,1853.061594,1853.061594,1853.061594,SEA,QB,True
00-0036898,Davis Mills,QB,HOU,2026,RETURNING_FROM_INJURY_OR_SHORTENED,SHORTENED_PRIOR_SEASON,27.864344,3,15,0,6,152.500000,46.560000,227.534364,208.857809,0.894855,BACKUP,2,MEDIUM,False,True,124,124.116667,0.714286,1.020000,0.000000,4.972222,UNKNOWN,,False,22.300000,88.685810,98.808912,100.785090,100.785090,100.785090,110.880556,440.965555,491.299868,501.125865,501.125865,501.125865,379.100000,1507.658771,1679.751503,1713.346533,1713.346533,1713.346533,HOU,QB,True
00-0026300,Josh Johnson,QB,WAS,2026,RETURNING_FROM_INJURY_OR_SHORTENED,LATE_CAREER|SHORTENED_PRIOR_SEASON|RECENT_TEAM_CHANGE,40.299917,2,7,0,3,124.000000,4.250000,2817.647059,2300.000000,0.000000,BACKUP,3,MEDIUM,False,True,17,164.833333,0.538462,1.020000,0.000000,4.459649,UNKNOWN,,False,4.500000,62.807292,109.896234,112.094159,112.094159,112.094159,20.068421,280.098483,490.098643,499.900616,499.900616,499.900616,76.500000,1067.723958,1868.235978,1905.600697,1905.600697,1905.600697,CIN,QB,True
00-0038128,Malik Willis,QB,GB,2026,RETURNING_FROM_INJURY_OR_SHORTENED,SHORTENED_PRIOR_SEASON,27.272956,3,12,0,4,105.500000,72.533333,45.450368,30.111524,0.000000,BACKUP,2,MEDIUM,False,True,124,124.116667,0.666667,1.020000,0.000000,4.650000,UNKNOWN,,False,22.300000,87.228169,99.524335,101.514822,101.514822,101.514822,103.695000,405.610987,462.788158,472.043921,472.043921,472.043921,379.100000,1482.878878,1691.913697,1725.751971,1725.751971,1725.751971,MIA,QB,True
00-0034955,Brett Rypien,QB,CIN,2026,LOW_SAMPLE,SHORTENED_PRIOR_SEASON|RECENT_TEAM_CHANGE,30.147758,2,3,0,1,0.000000,86.000000,-100.000000,-100.000000,0.000000,BACKUP,4,LOW,False,True,124,124.116667,0.130435,1.000000,0.000000,4.270588,UNKNOWN,,False,4.500000,15.395062,109.935588,109.935588,109.935588,109.935588,19.217647,65.745969,469.489628,469.489628,469.489628,469.489628,76.500000,261.716049,1868.904992,1868.904992,1868.904992,1868.904992,HOU,QB,True
00-0038102,Kenny Pickett,QB,LV,2026,DEVELOPING,SHORTENED_PRIOR_SEASON|RECENT_TEAM_CHANGE,28.239437,3,23,1,6,31.333333,98.205000,-68.093953,-49.698189,0.000000,BACKUP,2,LOW,False,True,124,124.116667,0.657143,1.000000,0.000000,6.051429,UNKNOWN,,False,22.300000,51.428183,76.349949,76.349949,76.349949,76.349949,134.946857,311.213976,462.026262,462.026262,462.026262,462.026262,379.100000,874.279112,1297.949130,1297.949130,1297.949130,1297.949130,CAR,QB,True
00-0033869,Mitchell Trubisky,QB,BUF,2026,RETURNING_FROM_INJURY_OR_SHORTENED,SHORTENED_PRIOR_SEASON,32.034176,3,17,1,4,78.250000,58.783750,33.115019,-8.877896,0.000000,BACKUP,2,MEDIUM,False,True,124,124.116667,0.739130,1.020000,0.000000,5.498276,UNKNOWN,,False,22.300000,66.200415,81.309003,82.935183,82.935183,82.935183,122.611552,363.988145,447.059326,456.000512,456.000512,456.000512,379.100000,1125.407058,1382.253043,1409.898103,1409.898103,1409.898103,TEN,QB,True
00-0033949,Joshua Dobbs,QB,NE,2026,DEVELOPING,SHORTENED_PRIOR_SEASON|RECENT_TEAM_CHANGE,31.598849,3,19,1,4,16.250000,183.663462,-91.152296,-90.566722,0.000000,BACKUP,2,LOW,False,True,124,124.116667,0.612903,1.000000,0.000000,4.846774,UNKNOWN,,False,22.300000,74.013031,93.407987,93.407987,93.407987,93.407987,108.083065,358.724450,452.727421,452.727421,452.727421,452.727421,379.100000,1258.221532,1587.935778,1587.935778,1587.935778,1587.935778,DET,QB,True
00-0032434,Brandon Allen,QB,TEN,2026,RETURNING_FROM_INJURY_OR_SHORTENED,SHORTENED_PRIOR_SEASON|RECENT_TEAM_CHANGE,33.989042,2,4,0,1,72.000000,66.333333,8.542714,200.000000,0.000000,BACKUP,2,MEDIUM,False,True,124,124.116667,0.400000,1.006834,0.000000,4.266667,UNKNOWN,,False,22.300000,74.458333,104.253333,104.965818,104.965818,104.965818,95.146667,317.688889,444.814222,447.854159,447.854159,447.854159,379.100000,1265.791667,1772.306667,1784.418913,1784.418913,1784.418913,NYG,QB,True
00-0039164,Anthony Richardson,QB,IND,2026,DEVELOPING,SHORTENED_PRIOR_SEASON|ROLE_DROP,24.280423,3,17,1,2,4.500000,157.678409,-97.146090,-95.642702,0.000000,BACKUP,4,LOW,False,True,132,125.354167,0.586207,1.000000,0.000000,5.000000,UNKNOWN,,False,4.500000,55.591690,84.458922,84.458922,84.458922,84.458922,22.500000,277.958452,422.294610,422.294610,422.294610,422.294610,76.500000,945.058736,1435.801673,1435.801673,1435.801673,1435.801673,IND,QB,True
00-0037012,Trey Lance,QB,LAC,2026,RETURNING_FROM_INJURY_OR_SHORTENED,SHORTENED_PRIOR_SEASON|RECENT_TEAM_CHANGE,26.314688,2,8,0,4,56.500000,66.500000,-15.037594,39.024390,0.000000,BACKUP,2,MEDIUM,False,True,132,125.354167,0.571429,1.000000,0.000000,4.600000,UNKNOWN,,False,22.300000,62.130723,89.226485,89.226485,89.226485,89.226485,102.580000,285.801326,410.441829,410.441829,410.441829,410.441829,379.100000,1056.222294,1516.850239,1516.850239,1516.850239,1516.850239,LAC,QB,True
00-0035264,Jarrett Stidham,QB,DEN,2026,LOW_SAMPLE,SHORTENED_PRIOR_SEASON,30.065621,3,5,0,1,0.000000,86.800000,-100.000000,-100.000000,0.000000,BACKUP,2,LOW,False,True,124,124.116667,0.200000,1.000000,0.000000,3.955882,UNKNOWN,,False,22.300000,19.220000,103.137333,103.137333,103.137333,103.137333,88.216176,76.032059,407.999157,407.999157,407.999157,407.999157,379.100000,326.740000,1753.334667,1753.334667,1753.334667,1753.334667,DEN,QB,True
00-0035704,Drew Lock,QB,SEA,2026,DEVELOPING,SHORTENED_PRIOR_SEASON|RECENT_TEAM_CHANGE,29.808258,3,14,0,3,5.000000,146.962500,-96.597772,-95.736906,0.000000,BACKUP,2,LOW,False,True,124,124.116667,0.538462,1.000000,0.000000,4.650000,UNKNOWN,,False,22.300000,53.574142,86.132230,86.132230,86.132230,86.132230,103.695000,249.119759,400.514870,400.514870,400.514870,400.514870,379.100000,910.760410,1464.247913,1464.247913,1464.247913,1464.247913,SEA,QB,True
00-0038416,Tyson Bagent,QB,CHI,2026,LOW_SAMPLE,SHORTENED_PRIOR_SEASON,26.232551,3,11,0,2,23.500000,61.917500,-62.046271,-80.648283,0.000000,BACKUP,2,LOW,False,True,132,125.354167,0.354839,1.000000,0.000000,4.067391,UNKNOWN,,False,22.300000,36.454012,93.808951,93.808951,93.808951,93.808951,90.702826,148.272732,381.557710,381.557710,381.557710,381.557710,379.100000,619.718208,1594.752160,1594.752160,1594.752160,1594.752160,CHI,QB,True
00-0037324,Chris Oladokun,QB,KC,2026,RETURNING_FROM_INJURY_OR_SHORTENED,SHORTENED_PRIOR_SEASON,28.995099,2,4,0,3,78.333333,0.000000,0.000000,0.000000,0.000000,BACKUP,2,MEDIUM,False,True,124,124.116667,0.400000,1.000000,0.000000,4.233333,UNKNOWN,,False,22.300000,34.270833,88.178333,88.178333,88.178333,88.178333,94.403333,145.079861,373.288278,373.288278,373.288278,373.288278,379.100000,582.604167,1499.031667,1499.031667,1499.031667,1499.031667,KC,QB,True
00-0033319,Nick Mullens,QB,JAX,2026,DEVELOPING,SHORTENED_PRIOR_SEASON|RECENT_TEAM_CHANGE,31.451002,3,13,0,4,4.750000,97.595000,-95.132947,-92.980814,0.000000,BACKUP,2,LOW,False,True,124,124.116667,0.520000,1.000000,0.000000,4.558000,UNKNOWN,,False,22.300000,32.394039,76.420900,76.420900,76.420900,76.420900,101.643400,147.652030,348.326464,348.326464,348.326464,348.326464,379.100000,550.698665,1299.155306,1299.155306,1299.155306,1299.155306,JAX,QB,True
00-0034577,Kyle Allen,QB,DET,2026,LOW_SAMPLE,SHORTENED_PRIOR_SEASON|RECENT_TEAM_CHANGE,30.484521,3,9,0,2,0.000000,12.350000,-100.000000,53.846154,0.000000,BACKUP,2,MEDIUM,False,True,124,124.116667,0.310345,1.000000,0.000000,3.842857,UNKNOWN,,False,22.300000,3.705000,86.747529,86.747529,86.747529,86.747529,85.695714,14.237786,333.358360,333.358360,333.358360,333.358360,379.100000,62.985000,1474.707989,1474.707989,1474.707989,1474.707989,BUF,QB,True
00-0038542,Bijan Robinson,RB,ATL,2026,ASCENDING,ESTABLISHED_STAR_EVIDENCE,24.587069,3,51,3,17,135.176471,102.270588,32.175313,11.619920,98.723404,STARTER,1,HIGH,True,False,177,83.625000,0.880000,1.060000,111.690015,16.619048,UNKNOWN,,False,88.000000,124.100017,119.243015,126.397596,126.397596,126.397596,1462.476190,2062.424090,1981.705342,2100.607663,2100.607663,2100.607663,1496.000000,2109.700287,2027.131253,2148.759128,2148.759128,2148.759128,ATL,RB,True
00-0039139,Jahmyr Gibbs,RB,DET,2026,ASCENDING,ESTABLISHED_STAR_EVIDENCE,24.452911,3,49,3,17,108.176471,103.179216,4.843277,10.925808,91.914894,STARTER,1,HIGH,True,False,177,83.625000,0.880000,1.024037,96.385868,16.365574,UNKNOWN,,False,88.000000,107.095409,104.278960,106.785490,106.785490,106.785490,1440.170492,1752.677817,1706.585012,1747.605816,1747.605816,1747.605816,1496.000000,1820.621953,1772.742319,1815.353332,1815.353332,1815.353332,DET,RB,True
00-0032764,Derrick Henry,RB,BAL,2026,ESTABLISHED,LATE_CAREER|ESTABLISHED_STAR_EVIDENCE,32.658419,3,51,3,17,102.647059,109.261765,-6.053999,-2.424513,89.219858,STARTER,1,HIGH,True,False,77,77.125000,0.910714,1.000000,95.276077,16.809524,UNKNOWN,,False,88.000000,105.862308,103.296477,103.296477,103.296477,103.296477,1479.238095,1779.494992,1736.364593,1736.364593,1736.364593,1736.364593,1496.000000,1799.659241,1756.040112,1756.040112,1756.040112,1756.040112,BAL,RB,True
00-0039040,De'Von Achane,RB,MIA,2026,ASCENDING,ESTABLISHED_STAR_EVIDENCE,24.885501,3,44,3,16,114.875000,89.037433,29.018769,29.883451,95.035461,STARTER,1,HIGH,True,False,177,83.625000,0.880000,1.060000,95.342910,15.432143,UNKNOWN,,False,88.000000,105.936567,103.259179,109.454730,109.454730,109.454730,1358.028571,1634.828235,1593.510400,1689.121024,1689.121024,1689.121024,1496.000000,1800.921638,1755.406042,1860.730404,1860.730404,1860.730404,MIA,RB,True
00-0036223,Jonathan Taylor,RB,IND,2026,ESTABLISHED,ESTABLISHED_STAR_EVIDENCE,27.617932,3,41,3,17,115.470588,104.043571,10.982915,0.036673,95.460993,STARTER,1,HIGH,True,False,84,82.970588,0.891304,1.000000,99.445935,15.265094,UNKNOWN,,False,88.000000,110.495484,107.503647,107.503647,107.503647,107.503647,1343.328302,1686.723981,1641.053315,1641.053315,1641.053315,1641.053315,1496.000000,1878.423220,1827.562001,1827.562001,1827.562001,1827.562001,IND,RB,True
00-0037248,James Cook,RB,BUF,2026,ESTABLISHED,ESTABLISHED_STAR_EVIDENCE,26.936193,3,50,3,17,112.470588,83.733640,34.319479,28.757047,94.184397,STARTER,1,HIGH,True,False,84,82.970588,0.909091,1.000000,89.428084,16.564516,UNKNOWN,,False,88.000000,99.364538,97.874179,97.874179,97.874179,97.874179,1457.677419,1645.925486,1621.238410,1621.238410,1621.238410,1621.238410,1496.000000,1689.197140,1663.861036,1663.861036,1663.861036,1663.861036,BUF,RB,True
00-0033280,Christian McCaffrey,RB,SF,2026,ESTABLISHED,LATE_CAREER|ESTABLISHED_STAR_EVIDENCE,30.235371,3,37,2,17,125.058824,100.803125,24.062447,36.379927,96.879433,STARTER,1,MEDIUM,True,False,77,77.125000,0.880952,1.000000,102.557710,13.696939,UNKNOWN,,False,88.000000,113.953011,109.568724,109.568724,109.568724,109.568724,1205.330612,1560.807414,1500.756104,1500.756104,1500.756104,1500.756104,1496.000000,1937.201186,1862.668307,1862.668307,1862.668307,1862.668307,SF,RB,True
00-0037840,Kyren Williams,RB,LAR,2026,ESTABLISHED,ESTABLISHED_STAR_EVIDENCE,26.016256,3,45,3,17,90.176471,99.540625,-9.407370,-19.260542,80.283688,STARTER,1,MEDIUM,True,False,84,82.970588,0.900000,1.000000,84.938574,15.960526,UNKNOWN,,False,88.000000,94.376193,93.235632,93.235632,93.235632,93.235632,1404.526316,1506.293710,1488.089764,1488.089764,1488.089764,1488.089764,1496.000000,1604.395279,1585.005751,1585.005751,1585.005751,1585.005751,LAR,RB,True
00-0034844,Saquon Barkley,RB,PHI,2026,DECLINING,LATE_CAREER,29.559108,3,46,3,16,88.312500,123.796875,-28.663385,-12.000000,78.014184,STARTER,1,HIGH,False,False,77,77.125000,0.851852,0.915869,0.000000,15.762069,UNKNOWN,,False,88.000000,101.688810,98.049727,89.800673,89.800673,89.800673,1387.062069,1602.826029,1545.466553,1415.444402,1415.444402,1415.444402,1496.000000,1728.709762,1666.845353,1526.611442,1526.611442,1526.611442,PHI,RB,True
00-0038120,Breece Hall,RB,NYJ,2026,PEAK,,25.255118,3,49,3,16,88.437500,87.841728,0.678234,0.343810,78.156028,STARTER,1,HIGH,False,False,177,83.625000,0.924528,1.000000,0.000000,15.923770,UNKNOWN,,False,88.000000,88.341265,87.985320,87.985320,87.985320,87.985320,1401.291803,1406.726029,1401.058050,1401.058050,1401.058050,1401.058050,1496.000000,1501.801505,1495.750448,1495.750448,1495.750448,1495.750448,NYJ,RB,True
00-0038597,Chase Brown,RB,CIN,2026,ASCENDING,,26.448846,3,45,3,17,85.647059,64.614583,32.550663,37.754141,75.177305,STARTER,1,HIGH,False,False,84,82.970588,0.865385,1.060000,0.000000,15.960526,UNKNOWN,,False,88.000000,79.903032,80.315972,85.134930,85.134930,85.134930,1404.526316,1275.294440,1281.885184,1358.798296,1358.798296,1358.798296,1496.000000,1358.351539,1365.371524,1447.293815,1447.293815,1447.293815,CIN,RB,True
00-0036275,D'Andre Swift,RB,CHI,2026,ESTABLISHED,,27.631621,3,49,3,16,86.625000,79.054596,9.576172,-4.539898,76.737589,STARTER,1,HIGH,False,False,84,82.970588,0.907407,1.000000,0.000000,16.240984,UNKNOWN,,False,88.000000,83.254843,83.228523,83.228523,83.228523,83.228523,1429.206557,1352.140533,1351.713072,1351.713072,1351.713072,1351.713072,1496.000000,1415.332323,1414.884886,1414.884886,1414.884886,1414.884886,CHI,RB,True
00-0040122,Ashton Jeanty,RB,LV,2026,LOW_SAMPLE,,22.749933,1,17,1,17,77.705882,,0.000000,0.000000,62.978723,STARTER,1,LOW,False,False,66,81.615385,0.459459,1.000000,0.000000,16.379310,UNKNOWN,,False,88.000000,77.705882,79.819127,79.819127,79.819127,79.819127,1441.379310,1272.768763,1307.382250,1307.382250,1307.382250,1307.382250,1496.000000,1321.000000,1356.925156,1356.925156,1356.925156,1356.925156,LV,RB,True
00-0035261,Tony Pollard,RB,TEN,2026,ESTABLISHED,LATE_CAREER,29.340075,3,50,3,17,75.764706,80.597243,-5.995908,-14.392400,60.000000,STARTER,1,HIGH,False,False,77,77.125000,0.909091,1.000000,0.000000,16.564516,UNKNOWN,,False,88.000000,78.046152,77.962411,77.962411,77.962411,77.962411,1457.677419,1292.796749,1291.409618,1291.409618,1291.409618,1291.409618,1496.000000,1326.784590,1325.360991,1325.360991,1325.360991,1325.360991,TEN,RB,True
00-0035700,Josh Jacobs,RB,GB,2026,DECLINING,LATE_CAREER,28.554296,3,45,3,15,80.733333,93.533484,-13.685100,-11.238248,67.801418,STARTER,1,HIGH,False,False,77,77.125000,0.849057,0.961353,0.000000,15.447368,UNKNOWN,,False,88.000000,85.526448,84.258305,81.001964,81.001964,81.001964,1359.368421,1321.158551,1301.569077,1251.267182,1251.267182,1251.267182,1496.000000,1453.949614,1432.391182,1377.033390,1377.033390,1377.033390,GB,RB,True
00-0039361,Bucky Irving,RB,TB,2026,RETURNING_FROM_INJURY_OR_SHORTENED,SHORTENED_PRIOR_SEASON,24.036750,2,27,2,10,86.500000,89.058824,-2.873184,36.525097,76.453901,STARTER,1,HIGH,False,True,177,83.625000,0.818182,1.000000,0.000000,14.123077,UNKNOWN,,False,88.000000,88.366108,87.504088,87.504088,87.504088,87.504088,1242.830769,1248.001337,1235.826968,1235.826968,1235.826968,1235.826968,1496.000000,1502.223832,1487.569499,1487.569499,1487.569499,1487.569499,TB,RB,True
00-0036973,Travis Etienne,RB,JAX,2026,ESTABLISHED,,27.598767,3,49,3,17,82.294118,65.739608,25.181942,16.501954,70.212766,STARTER,1,HIGH,False,False,84,82.970588,0.907407,1.000000,0.000000,16.321311,UNKNOWN,,False,88.000000,74.481025,75.267096,75.267096,75.267096,75.267096,1436.275410,1215.628016,1228.457720,1228.457720,1228.457720,1228.457720,1496.000000,1266.177433,1279.540634,1279.540634,1279.540634,1279.540634,NO,RB,True
00-0040734,TreVeyon Henderson,RB,NE,2026,LOW_SAMPLE,,23.861524,1,17,1,17,66.588235,,0.000000,0.000000,46.666667,STARTER,1,LOW,False,False,177,83.625000,0.459459,1.000000,0.000000,16.172414,UNKNOWN,,False,88.000000,66.588235,75.797297,75.797297,75.797297,75.797297,1423.172414,1076.892495,1225.825256,1225.825256,1225.825256,1225.825256,1496.000000,1132.000000,1288.554054,1288.554054,1288.554054,1288.554054,NE,RB,True
00-0036139,Rico Dowdle,RB,CAR,2026,ESTABLISHED,LATE_CAREER|RECENT_TEAM_CHANGE,28.217534,3,49,3,17,80.764706,64.996875,24.259368,20.463849,68.085106,STARTER,1,HIGH,False,False,77,77.125000,0.907407,1.000000,0.000000,16.441803,UNKNOWN,,False,88.000000,73.993129,74.283117,74.283117,74.283117,74.283117,1446.878689,1216.580472,1221.348399,1221.348399,1221.348399,1221.348399,1496.000000,1257.883194,1262.812991,1262.812991,1262.812991,1262.812991,PIT,RB,True
00-0038134,Kenneth Walker III,RB,SEA,2026,ESTABLISHED,,25.865671,3,43,3,17,77.000000,78.687273,-2.144277,-16.689096,62.269504,STARTER,1,HIGH,False,False,177,83.625000,0.895833,1.000000,0.000000,14.921818,UNKNOWN,,False,88.000000,77.927758,78.521221,78.521221,78.521221,78.521221,1313.120000,1162.823837,1171.679379,1171.679379,1171.679379,1171.679379,1496.000000,1324.771887,1334.860753,1334.860753,1334.860753,1334.860753,KC,RB,True
00-0036997,Javonte Williams,RB,DAL,2026,ESTABLISHED,RECENT_TEAM_CHANGE,26.353019,3,49,3,16,83.625000,54.762868,52.703837,35.202173,71.631206,STARTER,1,HIGH,False,False,84,82.970588,0.907407,1.000000,0.000000,16.240984,UNKNOWN,,False,88.000000,70.460328,71.618686,71.618686,71.618686,71.618686,1429.206557,1144.345038,1163.157902,1163.157902,1163.157902,1163.157902,1496.000000,1197.825583,1217.517658,1217.517658,1217.517658,1217.517658,DAL,RB,True
00-0037228,Jaylen Warren,RB,PIT,2026,ESTABLISHED,,27.834227,3,48,3,16,80.687500,59.335490,35.985225,35.274029,67.517730,STARTER,1,HIGH,False,False,84,82.970588,0.905660,1.000000,0.000000,15.880000,UNKNOWN,,False,88.000000,70.957089,72.090438,72.090438,72.090438,72.090438,1397.440000,1126.798581,1144.796162,1144.796162,1144.796162,1144.796162,1496.000000,1206.270521,1225.537453,1225.537453,1225.537453,1225.537453,PIT,RB,True
00-0039384,Tyrone Tracy Jr.,RB,NYG,2026,DEVELOPING,,26.774657,2,32,2,15,68.533333,66.058824,3.745919,3.619048,50.496454,STARTER,1,HIGH,False,False,84,82.970588,0.727273,1.004495,0.000000,15.786096,UNKNOWN,,False,88.000000,67.845823,71.970759,72.294275,72.294275,72.294275,1389.176471,1071.020688,1136.137325,1141.244379,1141.244379,1141.244379,1496.000000,1153.378986,1223.502899,1229.002670,1229.002670,1229.002670,NYG,RB,True
00-0040784,Quinshon Judkins,RB,CLE,2026,LOW_SAMPLE,,22.843022,1,14,1,14,71.285714,,0.000000,0.000000,53.475177,STARTER,1,LOW,False,False,66,81.615385,0.411765,1.000000,0.000000,14.692308,UNKNOWN,,False,88.000000,71.285714,77.361991,77.361991,77.361991,77.361991,1292.923077,1047.351648,1136.626175,1136.626175,1136.626175,1136.626175,1496.000000,1211.857143,1315.153846,1315.153846,1315.153846,1315.153846,CLE,RB,True
00-0040730,RJ Harvey,RB,DEN,2026,LOW_SAMPLE,,25.572715,1,17,1,17,52.705882,,0.000000,0.000000,26.524823,STARTER,1,LOW,False,False,177,83.625000,0.459459,1.000000,0.000000,16.172414,UNKNOWN,,False,88.000000,52.705882,69.418919,69.418919,69.418919,69.418919,1423.172414,852.381339,1122.671482,1122.671482,1122.671482,1122.671482,1496.000000,896.000000,1180.121622,1180.121622,1180.121622,1180.121622,DEN,RB,True
00-0040583,Woody Marks,RB,HOU,2026,LOW_SAMPLE,,25.674018,1,16,1,16,56.937500,,0.000000,0.000000,33.758865,STARTER,1,LOW,False,False,177,83.625000,0.444444,1.000000,0.000000,15.571429,UNKNOWN,,False,88.000000,56.937500,71.763889,71.763889,71.763889,71.763889,1370.285714,886.598214,1117.466270,1117.466270,1117.466270,1117.466270,1496.000000,967.937500,1219.986111,1219.986111,1219.986111,1219.986111,HOU,RB,True
00-0040242,Jacory Croskey-Merritt,RB,WAS,2026,LOW_SAMPLE,,25.389276,1,17,1,17,51.352941,,0.000000,0.000000,24.822695,STARTER,1,LOW,False,False,177,83.625000,0.459459,1.000000,0.000000,16.172414,UNKNOWN,,False,88.000000,51.352941,68.797297,68.797297,68.797297,68.797297,1423.172414,830.501014,1112.618360,1112.618360,1112.618360,1112.618360,1496.000000,873.000000,1169.554054,1169.554054,1169.554054,1169.554054,WAS,RB,True
00-0037256,Rachaad White,RB,TB,2026,ESTABLISHED,,27.637097,3,49,3,17,46.470588,75.278627,-38.268550,-33.898495,17.588652,CO_STARTER,2,LOW,False,False,66,49.779167,0.907407,1.000000,0.000000,16.124590,UNKNOWN,,False,48.400000,59.222274,58.347913,58.347913,58.347913,58.347913,780.430164,954.934903,940.836177,940.836177,940.836177,940.836177,822.800000,1006.778665,991.914513,991.914513,991.914513,991.914513,WAS,RB,True
00-0039165,Zach Charbonnet,RB,SEA,2026,ASCENDING,,25.646639,3,49,3,16,54.625000,49.434007,10.500853,25.150421,29.645390,CO_STARTER,2,HIGH,False,False,131,53.125000,0.875000,1.055331,0.000000,16.044262,UNKNOWN,,False,48.400000,53.137838,53.136233,56.076311,56.076311,56.076311,776.542295,852.557415,852.531667,899.703034,899.703034,899.703034,822.800000,903.343250,903.315969,953.297279,953.297279,953.297279,SEA,RB,True
00-0040236,Kyle Monangai,RB,CHI,2026,LOW_SAMPLE,,24.239355,1,17,1,17,55.705882,,0.000000,0.000000,31.489362,CO_STARTER,2,LOW,False,False,131,53.125000,0.459459,1.000000,0.000000,16.172414,UNKNOWN,,False,48.400000,55.705882,54.310811,54.310811,54.310811,54.310811,782.744828,900.898580,878.336906,878.336906,878.336906,878.336906,822.800000,947.000000,923.283784,923.283784,923.283784,923.283784,CHI,RB,True
00-0033906,Alvin Kamara,RB,NO,2026,DECLINING,LATE_CAREER|SHORTENED_PRIOR_SEASON,31.106025,3,38,3,11,59.727273,100.548626,-40.598619,-29.364843,37.446809,STARTER,1,LOW,False,True,77,77.125000,0.826087,0.895152,0.000000,13.112000,UNKNOWN,,False,88.000000,74.114607,74.638154,66.812477,66.812477,66.812477,1153.856000,971.790729,978.655472,876.045204,876.045204,876.045204,1496.000000,1259.948322,1268.848613,1135.812116,1135.812116,1135.812116,NO,RB,True
00-0036875,Rhamondre Stevenson,RB,NE,2026,ROLE_CHANGED,LATE_CAREER|ROLE_DROP,28.521441,3,41,3,14,67.714286,66.985833,1.087472,-28.929618,48.510638,CO_STARTER,2,LOW,False,False,62,50.937500,0.803922,0.947927,0.000000,13.773585,UNKNOWN,,False,48.400000,67.768777,64.468526,61.111437,61.111437,61.111437,666.641509,933.419000,887.962721,841.723562,841.723562,841.723562,822.800000,1152.069204,1095.964948,1038.894424,1038.894424,1038.894424,NE,RB,True
00-0036555,Chuba Hubbard,RB,CAR,2026,ROLE_CHANGED,ROLE_DROP,27.226411,3,47,3,15,48.933333,82.560980,-40.730678,-39.231771,20.992908,CO_STARTER,2,LOW,False,False,66,49.779167,0.824561,0.929383,0.000000,15.238983,UNKNOWN,,False,48.400000,61.168007,59.169964,54.991548,54.991548,54.991548,737.566780,932.138214,901.690085,838.015268,838.015268,838.015268,822.800000,1039.856111,1005.889395,934.856316,934.856316,934.856316,CAR,RB,True
00-0035685,David Montgomery,RB,DET,2026,DECLINING,LATE_CAREER,29.236035,3,45,3,17,53.411765,80.114286,-33.330536,-33.043478,27.517730,CO_STARTER,2,LOW,False,False,62,50.937500,0.849057,0.910112,0.000000,15.092105,UNKNOWN,,False,48.400000,62.725585,60.946251,55.467897,55.467897,55.467897,730.457895,946.661126,919.807237,837.127347,837.127347,837.127347,822.800000,1066.334939,1036.086269,942.954257,942.954257,942.954257,HOU,RB,True
00-0037525,Jordan Mason,RB,MIN,2026,ESTABLISHED,RECENT_TEAM_CHANGE,27.275694,3,44,3,16,50.562500,52.851042,-4.330173,9.283930,22.836879,STARTER,1,HIGH,False,False,84,82.970588,0.897959,1.000000,0.000000,15.057143,UNKNOWN,,False,88.000000,52.095406,55.245934,55.245934,55.245934,55.245934,1325.028571,784.407963,831.845926,831.845926,831.845926,831.845926,1496.000000,885.621894,939.180884,939.180884,939.180884,939.180884,MIN,RB,True
00-0033293,Aaron Jones,RB,MIN,2026,DECLINING,LATE_CAREER|SHORTENED_PRIOR_SEASON|ROLE_DROP,31.749434,3,40,3,12,62.250000,87.398128,-28.774218,-19.938328,41.560284,CO_STARTER,2,LOW,False,True,62,50.937500,0.833333,0.898069,0.000000,13.269231,UNKNOWN,,False,48.400000,71.163692,67.792660,60.882485,60.882485,60.882485,642.230769,944.287448,899.556447,807.863745,807.863745,807.863745,822.800000,1209.782759,1152.475216,1035.002248,1035.002248,1035.002248,MIN,RB,True
00-0039391,Kimani Vidal,RB,LAC,2026,ASCENDING,,25.011444,2,22,2,13,59.923077,24.111111,148.528890,135.650888,37.872340,STARTER,1,MEDIUM,False,False,177,83.625000,0.758621,1.060000,0.000000,12.792388,UNKNOWN,,False,88.000000,49.885663,58.029641,61.511420,61.511420,61.511420,1125.730104,638.156738,742.337658,786.877918,786.877918,786.877918,1496.000000,848.056276,986.503899,1045.694133,1045.694133,1045.694133,LAC,RB,True
00-0040666,Omarion Hampton,RB,LAC,2026,LOW_SAMPLE,SHORTENED_PRIOR_SEASON,23.464527,1,9,1,9,81.888889,,0.000000,0.000000,69.787234,CO_STARTER,2,LOW,False,True,131,53.125000,0.310345,1.000000,0.000000,12.428571,UNKNOWN,,False,48.400000,81.888889,62.051724,62.051724,62.051724,62.051724,601.542857,1017.761905,771.214286,771.214286,771.214286,771.214286,822.800000,1392.111111,1054.879310,1054.879310,1054.879310,1054.879310,LAC,RB,True
00-0036158,J.K. Dobbins,RB,DEN,2026,RETURNING_FROM_INJURY_OR_SHORTENED,SHORTENED_PRIOR_SEASON|ROLE_DROP|RECENT_TEAM_CHANGE,27.708283,3,24,2,10,80.900000,65.850000,22.854973,7.741935,68.510638,CO_STARTER,2,LOW,False,True,66,49.779167,0.800000,1.018284,0.000000,10.966667,UNKNOWN,,False,48.400000,71.996911,67.553362,68.788507,68.788507,68.788507,530.786667,789.566126,740.835206,754.380621,754.380621,754.380621,822.800000,1223.947490,1148.407159,1169.404611,1169.404611,1169.404611,DEN,RB,True
00-0036919,Kenny Gainwell,RB,PIT,2026,ESTABLISHED,RECENT_TEAM_CHANGE,27.470085,3,50,3,17,60.176471,27.489154,118.909864,84.179320,38.156028,CO_STARTER,2,MEDIUM,False,False,66,49.779167,0.909091,1.000000,0.000000,16.491935,UNKNOWN,,False,48.400000,45.093507,45.519476,45.519476,45.519476,45.519476,798.209677,743.679212,750.704266,750.704266,750.704266,750.704266,822.800000,766.589622,773.831096,773.831096,773.831096,773.831096,TB,RB,True
00-0039738,Blake Corum,RB,LAR,2026,ASCENDING,,25.767107,2,32,2,17,46.000000,17.666667,160.377358,112.566845,17.021277,CO_STARTER,2,MEDIUM,False,False,131,53.125000,0.820513,1.060000,0.000000,15.941176,UNKNOWN,,False,48.400000,37.905292,40.637035,43.075257,43.075257,43.075257,771.552941,604.254955,647.802143,686.670271,686.670271,686.670271,822.800000,644.389971,690.829591,732.279367,732.279367,732.279367,LAR,RB,True
00-0037263,Tyler Allgeier,RB,ATL,2026,ESTABLISHED,,26.380398,3,51,3,17,35.882353,46.023529,-22.034765,-6.826839,4.113475,CO_STARTER,2,HIGH,False,False,66,49.779167,0.910714,1.000000,0.000000,16.619048,UNKNOWN,,False,48.400000,40.410498,41.246987,41.246987,41.246987,41.246987,804.361905,671.583998,685.485636,685.485636,685.485636,685.485636,822.800000,686.978474,701.198774,701.198774,701.198774,701.198774,AZ,RB,True
00-0037197,Isiah Pacheco,RB,KC,2026,ESTABLISHED,,27.502940,3,34,2,13,43.307692,65.596429,-33.978582,-28.733032,12.340426,CO_STARTER,2,LOW,False,False,66,49.779167,0.871795,1.000000,0.000000,12.302174,UNKNOWN,,False,48.400000,52.981588,52.571021,52.571021,52.571021,52.571021,595.425217,651.788709,646.737844,646.737844,646.737844,646.737844,822.800000,900.686995,893.707359,893.707359,893.707359,893.707359,DET,RB,True
00-0039032,Tyjae Spears,RB,TEN,2026,DEVELOPING,,25.214050,3,42,3,13,42.076923,46.286275,-9.094168,-5.642744,10.638298,CO_STARTER,2,HIGH,False,False,131,53.125000,0.777778,1.000000,0.000000,13.677778,UNKNOWN,,False,48.400000,43.440954,45.592964,45.592964,45.592964,45.592964,662.004444,594.175712,623.610430,623.610430,623.610430,623.610430,822.800000,738.496214,775.080389,775.080389,775.080389,775.080389,TEN,RB,True
00-0035250,Devin Singletary,RB,NYG,2026,DECLINING,LATE_CAREER,28.995099,3,49,3,17,34.588235,46.555098,-25.704731,-27.300824,3.262411,CO_STARTER,2,LOW,False,False,62,50.937500,0.859649,0.923787,0.000000,15.731148,UNKNOWN,,False,48.400000,38.162608,39.955575,36.910447,36.910447,36.910447,761.387541,600.341612,628.547046,580.643683,580.643683,580.643683,822.800000,648.764330,679.244775,627.477594,627.477594,627.477594,NYG,RB,True
00-0038797,Emanuel Wilson,RB,GB,2026,ASCENDING,,27.319500,3,39,2,17,35.000000,28.589412,22.422946,43.928644,3.546099,CO_STARTER,2,MEDIUM,False,False,66,49.779167,0.847826,1.060000,0.000000,15.152941,UNKNOWN,,False,48.400000,33.158230,35.687503,37.828753,37.828753,37.828753,733.402353,502.444708,540.770632,573.216870,573.216870,573.216870,822.800000,563.689909,606.687550,643.088803,643.088803,643.088803,SEA,RB,True
00-0036924,Michael Carter,RB,ARI,2026,ESTABLISHED,,27.322238,3,31,2,13,46.153846,47.453333,-2.738453,-7.476194,17.163121,CO_STARTER,1,MEDIUM,False,False,66,49.779167,0.861111,1.000000,0.000000,11.611628,UNKNOWN,,False,48.400000,47.248511,47.599991,47.599991,47.599991,47.599991,562.002791,548.632127,552.713382,552.713382,552.713382,552.713382,822.800000,803.224684,809.199844,809.199844,809.199844,809.199844,TEN,RB,True
00-0037746,Brian Robinson,RB,SF,2026,ROLE_CHANGED,ROLE_DROP|RECENT_TEAM_CHANGE,27.448182,3,46,3,17,25.000000,70.168571,-64.371513,-59.214391,0.141844,ROTATIONAL,2,LOW,False,False,127,22.866667,0.821429,0.920000,0.000000,15.013793,UNKNOWN,,False,37.400000,40.414460,37.280925,34.298451,34.298451,34.298451,561.515862,606.774336,559.728098,514.949850,514.949850,514.949850,635.800000,687.045815,633.775729,583.073671,583.073671,583.073671,ATL,RB,True
00-0033526,Samaje Perine,RB,CIN,2026,ESTABLISHED,LATE_CAREER|RECENT_TEAM_CHANGE,30.960916,3,49,3,15,31.266667,30.097059,3.886120,61.028417,1.276596,ROTATIONAL,2,MEDIUM,False,False,120,24.316667,0.907407,1.000000,0.000000,15.132787,UNKNOWN,,False,37.400000,31.157284,30.523894,30.523894,30.523894,30.523894,565.966230,471.496545,461.911581,461.911581,461.911581,461.911581,635.800000,529.673835,518.906196,518.906196,518.906196,518.906196,CIN,RB,True
00-0038611,Chris Rodriguez Jr.,RB,WAS,2026,RETURNING_FROM_INJURY_OR_SHORTENED,SHORTENED_PRIOR_SEASON,26.933455,3,28,2,12,44.166667,27.250794,62.074790,78.880893,13.900709,CO_STARTER,2,MEDIUM,False,True,66,49.779167,0.823529,1.020000,0.000000,10.975000,UNKNOWN,,False,48.400000,34.124555,36.887133,37.624876,37.624876,37.624876,531.190000,374.516989,404.836289,412.933015,412.933015,412.933015,822.800000,580.117432,627.081267,639.622893,639.622893,639.622893,JAX,RB,True
00-0035537,Ty Johnson,RB,BUF,2026,ESTABLISHED,LATE_CAREER,28.956768,3,43,3,17,27.235294,26.547386,2.591248,23.216495,0.283688,ROTATIONAL,2,MEDIUM,False,False,120,24.316667,0.895833,1.000000,0.000000,14.970909,UNKNOWN,,False,37.400000,27.064409,26.778186,26.778186,26.778186,26.778186,559.912000,405.178804,400.893783,400.893783,400.893783,400.893783,635.800000,460.094950,455.229156,455.229156,455.229156,455.229156,BUF,RB,True
00-0038794,Jaleel McLaughlin,RB,DEN,2026,RETURNING_FROM_INJURY_OR_SHORTENED,SHORTENED_PRIOR_SEASON|ROLE_DROP,25.966974,3,41,3,8,26.750000,34.972794,-23.511974,-32.756876,0.283688,ROTATIONAL,3,LOW,False,True,255,24.266667,0.872340,1.000000,0.000000,12.895283,UNKNOWN,,False,37.400000,31.866830,30.896597,30.896597,30.896597,30.896597,482.283585,410.931796,398.420358,398.420358,398.420358,398.420358,635.800000,541.736115,525.242143,525.242143,525.242143,525.242143,CLE,RB,True
00-0039373,Audric Estimé,RB,NO,2026,RETURNING_FROM_INJURY_OR_SHORTENED,SHORTENED_PRIOR_SEASON|RECENT_TEAM_CHANGE,22.988131,2,18,1,5,60.200000,25.923077,132.225519,89.382716,38.581560,ROTATIONAL,3,MEDIUM,False,True,114,26.032967,0.750000,1.020000,0.000000,9.960000,UNKNOWN,,False,37.400000,42.733928,38.558688,39.329862,39.329862,39.329862,372.504000,425.629924,384.044531,391.725421,391.725421,391.725421,635.800000,726.476777,655.497693,668.607647,668.607647,668.607647,NO,RB,True
00-0038555,Tank Bigsby,RB,PHI,2026,ROLE_CHANGED,ROLE_DROP|RECENT_TEAM_CHANGE,24.006633,3,44,3,15,25.866667,37.027885,-30.142737,-49.047567,0.283688,ROTATIONAL,2,LOW,False,False,255,24.266667,0.814815,0.920000,0.000000,14.142857,UNKNOWN,,False,37.400000,30.922690,29.690093,27.314886,27.314886,27.314886,528.942857,437.335190,419.902747,386.310527,386.310527,386.310527,635.800000,525.685733,504.731585,464.353058,464.353058,464.353058,PHI,RB,True
00-0040715,Cam Skattebo,RB,NYG,2026,LOW_SAMPLE,SHORTENED_PRIOR_SEASON,24.570641,1,8,1,8,77.125000,,0.000000,0.000000,62.411348,ROTATIONAL,3,LOW,False,True,255,24.266667,0.285714,1.000000,0.000000,9.800000,UNKNOWN,,False,37.400000,77.125000,39.369048,39.369048,39.369048,39.369048,366.520000,755.825000,385.816667,385.816667,385.816667,385.816667,635.800000,1311.125000,669.273810,669.273810,669.273810,669.273810,NYG,RB,True
00-0033553,James Conner,RB,ARI,2026,DECLINING,LATE_CAREER|SHORTENED_PRIOR_SEASON|ROLE_DROP,31.327796,3,32,2,3,44.333333,93.704808,-52.688304,-25.360920,14.042553,BACKUP,5,LOW,False,True,132,5.986111,0.800000,0.893378,0.000000,8.563636,UNKNOWN,,False,10.900000,61.153800,50.120262,44.776321,44.776321,44.776321,93.343636,523.698904,429.211699,383.448131,383.448131,383.448131,185.300000,1039.614596,852.044455,761.197458,761.197458,761.197458,AZ,RB,True
00-0038705,Emari Demercado,RB,ARI,2026,RETURNING_FROM_INJURY_OR_SHORTENED,SHORTENED_PRIOR_SEASON,27.615194,3,36,3,12,34.416667,29.172727,17.975486,6.666667,3.120567,ROTATIONAL,3,MEDIUM,False,True,127,22.866667,0.857143,1.014380,0.000000,12.112500,UNKNOWN,,False,37.400000,31.594977,30.348075,30.784492,30.784492,30.784492,453.007500,382.694155,367.591062,372.877164,372.877164,372.877164,635.800000,537.114604,515.917279,523.336370,523.336370,523.336370,DAL,RB,True
00-0040162,Dylan Sampson,RB,CLE,2026,LOW_SAMPLE,,21.964154,1,15,1,15,29.733333,,0.000000,0.000000,0.709220,ROTATIONAL,2,LOW,False,False,114,26.032967,0.428571,1.000000,0.000000,13.222222,UNKNOWN,,False,37.400000,29.733333,27.618838,27.618838,27.618838,27.618838,494.511111,393.140741,365.182418,365.182418,365.182418,365.182418,635.800000,505.466667,469.520251,469.520251,469.520251,469.520251,CLE,RB,True
00-0039875,Ray Davis,RB,BUF,2026,ROLE_CHANGED,ROLE_DROP,26.782870,2,34,2,17,21.235294,37.117647,-42.789223,-46.212121,0.141844,ROTATIONAL,3,LOW,False,False,127,22.866667,0.772727,0.920000,0.000000,15.695652,UNKNOWN,,False,37.400000,25.701805,25.057455,23.052859,23.052859,23.052859,587.017391,403.406592,393.293105,361.829656,361.829656,361.829656,635.800000,436.930686,425.976742,391.898603,391.898603,391.898603,BUF,RB,True
00-0039798,Isaiah Davis,RB,NYJ,2026,ASCENDING,,24.526835,2,29,2,16,26.375000,19.153846,37.700803,37.351190,0.283688,ROTATIONAL,2,MEDIUM,False,False,255,24.266667,0.805556,1.060000,0.000000,13.787661,UNKNOWN,,False,37.400000,24.368211,24.348466,25.809374,25.809374,25.809374,515.658537,335.980637,335.708404,355.850909,355.850909,355.850909,635.800000,414.259580,413.923921,438.759357,438.759357,438.759357,NYJ,RB,True
00-0037157,Bam Knight,RB,ARI,2026,RETURNING_FROM_INJURY_OR_SHORTENED,SHORTENED_PRIOR_SEASON|RECENT_TEAM_CHANGE,25.392014,2,14,1,12,35.750000,10.500000,240.476190,370.833333,3.971631,CO_STARTER,2,MEDIUM,False,True,131,53.125000,0.700000,1.020000,0.000000,10.512821,UNKNOWN,,False,48.400000,23.798776,32.596643,33.248576,33.248576,33.248576,508.820513,250.192263,342.682661,349.536315,349.536315,349.536315,822.800000,404.579197,554.142938,565.225796,565.225796,565.225796,AZ,RB,True
00-0037267,Jerome Ford,RB,CLE,2026,ROLE_CHANGED,ROLE_DROP,26.971786,3,44,3,13,13.538462,59.984454,-77.430049,-65.040807,0.000000,ROTATIONAL,3,LOW,False,False,127,22.866667,0.814815,0.920000,0.000000,13.492857,UNKNOWN,,False,37.400000,28.838410,27.732532,25.513929,25.513929,25.513929,504.632857,389.112549,374.191090,344.255802,344.255802,344.255802,635.800000,490.252974,471.453040,433.736797,433.736797,433.736797,WAS,RB,True
00-0034975,Justice Hill,RB,BAL,2026,DECLINING,LATE_CAREER|SHORTENED_PRIOR_SEASON,28.797970,3,41,3,10,26.200000,39.448542,-33.584364,-35.133187,0.283688,ROTATIONAL,3,LOW,False,True,120,24.316667,0.836735,0.913616,0.000000,12.309434,UNKNOWN,,False,37.400000,30.947561,29.864966,27.285118,27.285118,27.285118,460.372830,380.946961,367.620829,335.864360,335.864360,335.864360,635.800000,526.108541,507.704425,463.847009,463.847009,463.847009,BAL,RB,True
00-0040719,Bhayshul Tuten,RB,JAX,2026,LOW_SAMPLE,,24.546000,1,15,1,15,25.733333,,0.000000,0.000000,0.283688,ROTATIONAL,2,LOW,False,False,255,24.266667,0.428571,1.000000,0.000000,13.222222,UNKNOWN,,False,37.400000,25.733333,24.895238,24.895238,24.895238,24.895238,494.511111,340.251852,329.170370,329.170370,329.170370,329.170370,635.800000,437.466667,423.219048,423.219048,423.219048,423.219048,JAX,RB,True
00-0036893,Najee Harris,RB,LAC,2026,DECLINING,LATE_CAREER|SHORTENED_PRIOR_SEASON|ROLE_DROP|RECENT_TEAM_CHANGE,28.483111,3,37,2,3,28.666667,75.508824,-62.035342,-66.524450,0.709220,BACKUP,5,LOW,False,True,132,5.986111,0.822222,0.916135,0.000000,9.226531,UNKNOWN,,False,10.900000,45.598780,38.556528,35.322989,35.322989,35.322989,100.569184,420.718544,355.742987,325.908642,325.908642,325.908642,185.300000,775.179267,655.460978,600.490819,600.490819,600.490819,NYG,RB,True
00-0038951,Sean Tucker,RB,TB,2026,ASCENDING,,24.852646,3,37,2,17,20.823529,19.677451,5.824324,31.051565,0.141844,ROTATIONAL,3,MEDIUM,False,False,255,24.266667,0.840909,1.060000,0.000000,13.944898,UNKNOWN,,False,37.400000,21.051627,21.563111,22.856897,22.856897,22.856897,521.539184,293.562790,300.695377,318.737099,318.737099,318.737099,635.800000,357.877659,366.572880,388.567253,388.567253,388.567253,TB,RB,True
00-0040078,Brashard Smith,RB,KC,2026,LOW_SAMPLE,,23.393341,1,17,1,17,19.000000,,0.000000,0.000000,0.141844,ROTATIONAL,3,LOW,False,False,255,24.266667,0.459459,1.000000,0.000000,14.517241,UNKNOWN,,False,37.400000,19.000000,21.846847,21.846847,21.846847,21.846847,542.944828,275.827586,317.155949,317.155949,317.155949,317.155949,635.800000,323.000000,371.396396,371.396396,371.396396,371.396396,KC,RB,True
00-0039874,Jaylen Wright,RB,MIA,2026,RETURNING_FROM_INJURY_OR_SHORTENED,SHORTENED_PRIOR_SEASON,23.420720,2,22,2,9,36.888889,19.769231,86.597492,54.204204,5.106383,ROTATIONAL,2,MEDIUM,False,True,255,24.266667,0.785714,1.020000,0.000000,11.086275,UNKNOWN,,False,37.400000,28.188370,27.348005,27.894965,27.894965,27.894965,414.626667,312.504012,303.187494,309.251244,309.251244,309.251244,635.800000,479.202296,464.916090,474.214412,474.214412,474.214412,MIA,RB,True
00-0040198,Ollie Gordon II,RB,MIA,2026,LOW_SAMPLE,,22.629465,1,17,1,17,13.588235,,0.000000,0.000000,0.000000,ROTATIONAL,3,LOW,False,False,114,26.032967,0.459459,1.000000,0.000000,14.517241,UNKNOWN,,False,37.400000,13.588235,20.315117,20.315117,20.315117,20.315117,542.944828,197.263692,294.919462,294.919462,294.919462,294.919462,635.800000,231.000000,345.356994,345.356994,345.356994,345.356994,MIA,RB,True
00-0039405,Jawhar Jordan,RB,HOU,2026,LOW_SAMPLE,SHORTENED_PRIOR_SEASON,27.040234,1,4,0,4,56.750000,,0.000000,0.000000,33.333333,ROTATIONAL,3,LOW,False,True,127,22.866667,0.166667,1.000000,0.000000,10.000000,UNKNOWN,,False,37.400000,56.750000,28.513889,28.513889,28.513889,28.513889,374.000000,567.500000,285.138889,285.138889,285.138889,285.138889,635.800000,964.750000,484.736111,484.736111,484.736111,484.736111,HOU,RB,True
00-0039794,Braelon Allen,RB,NYJ,2026,RETURNING_FROM_INJURY_OR_SHORTENED,SHORTENED_PRIOR_SEASON|ROLE_DROP,22.615776,2,21,1,4,23.250000,28.352941,-17.997925,-25.000000,0.141844,ROTATIONAL,3,LOW,False,True,114,26.032967,0.777778,1.000000,0.000000,10.957576,UNKNOWN,,False,37.400000,25.842831,25.885083,25.885083,25.885083,25.885083,409.813333,283.174777,283.637762,283.637762,283.637762,283.637762,635.800000,439.328125,440.046417,440.046417,440.046417,440.046417,NYJ,RB,True
00-0038454,Keaton Mitchell,RB,BAL,2026,DEVELOPING,,24.622662,3,24,1,13,31.076923,33.875000,-8.260006,-0.699301,0.992908,ROTATIONAL,2,MEDIUM,False,False,255,24.266667,0.666667,1.000000,0.000000,9.933333,UNKNOWN,,False,37.400000,30.433576,28.377940,28.377940,28.377940,28.377940,371.506667,302.306855,281.887533,281.887533,281.887533,281.887533,635.800000,517.370793,482.424973,482.424973,482.424973,482.424973,LAC,RB,True
00-0040202,Devin Neal,RB,NO,2026,LOW_SAMPLE,SHORTENED_PRIOR_SEASON,23.056579,1,9,1,9,34.444444,,0.000000,0.000000,3.120567,ROTATIONAL,2,LOW,False,True,255,24.266667,0.310345,1.000000,0.000000,10.142857,UNKNOWN,,False,37.400000,34.444444,27.425287,27.425287,27.425287,27.425287,379.342857,349.365079,278.170772,278.170772,278.170772,278.170772,635.800000,585.555556,466.229885,466.229885,466.229885,466.229885,NO,RB,True
00-0039921,Trey Benson,RB,ARI,2026,RETURNING_FROM_INJURY_OR_SHORTENED,SHORTENED_PRIOR_SEASON|ROLE_DROP,24.110673,2,16,1,4,56.000000,29.166667,92.000000,95.652174,31.914894,BACKUP,4,LOW,False,True,286,7.183333,0.727273,1.020000,0.000000,8.152381,UNKNOWN,,False,10.900000,42.615882,32.952459,33.611509,33.611509,33.611509,88.860952,347.420902,268.641002,274.013822,274.013822,274.013822,185.300000,724.469988,560.191809,571.395646,571.395646,571.395646,AZ,RB,True
00-0033955,Jeremy McNichols,RB,WAS,2026,ESTABLISHED,LATE_CAREER,30.684388,3,33,2,16,26.062500,12.480000,108.834135,61.452354,0.283688,ROTATIONAL,3,MEDIUM,False,False,120,24.316667,0.868421,1.000000,0.000000,13.173333,UNKNOWN,,False,37.400000,19.329345,19.985571,19.985571,19.985571,19.985571,492.682667,254.631899,263.276590,263.276590,263.276590,263.276590,635.800000,328.598857,339.754709,339.754709,339.754709,339.754709,WAS,RB,True
00-0040238,LeQuint Allen Jr.,RB,JAX,2026,LOW_SAMPLE,,22.073670,1,16,1,16,9.250000,,0.000000,0.000000,0.000000,ROTATIONAL,3,LOW,False,False,114,26.032967,0.444444,1.000000,0.000000,13.857143,UNKNOWN,,False,37.400000,9.250000,18.573871,18.573871,18.573871,18.573871,518.257143,128.178571,257.380778,257.380778,257.380778,257.380778,635.800000,157.250000,315.755800,315.755800,315.755800,315.755800,JAX,RB,True
00-0037329,Brittain Brown,RB,CHI,2026,LOW_SAMPLE,LATE_CAREER|SHORTENED_PRIOR_SEASON,28.893797,1,2,0,2,18.500000,,0.000000,0.000000,0.141844,ROTATIONAL,3,LOW,False,True,120,24.316667,0.090909,1.000000,0.000000,10.571429,UNKNOWN,,False,37.400000,18.500000,23.787879,23.787879,23.787879,23.787879,395.371429,195.571429,251.471861,251.471861,251.471861,251.471861,635.800000,314.500000,404.393939,404.393939,404.393939,404.393939,CHI,RB,True
00-0032104,Ameer Abdullah,RB,IND,2026,ROLE_CHANGED,LATE_CAREER|ROLE_DROP|RECENT_TEAM_CHANGE,33.219690,3,44,3,13,12.230769,29.599167,-58.678670,-58.526925,0.000000,ROTATIONAL,2,LOW,False,False,120,24.316667,0.814815,0.920000,0.000000,13.610714,UNKNOWN,,False,37.400000,18.890368,19.895238,18.303619,18.303619,18.303619,509.040714,257.111407,270.788406,249.125334,249.125334,249.125334,635.800000,321.136263,338.219054,311.161530,311.161530,311.161530,JAX,RB,True
00-0038440,Zavier Scott,RB,MIN,2026,LOW_SAMPLE,SHORTENED_PRIOR_SEASON,27.127847,1,11,1,11,19.272727,,0.000000,0.000000,0.141844,ROTATIONAL,3,LOW,False,True,127,22.866667,0.354839,1.000000,0.000000,11.521739,UNKNOWN,,False,37.400000,19.272727,21.591398,21.591398,21.591398,21.591398,430.913043,222.055336,248.770453,248.770453,248.770453,248.770453,635.800000,327.636364,367.053763,367.053763,367.053763,367.053763,CHI,RB,True
00-0040644,Trevor Etienne,RB,CAR,2026,LOW_SAMPLE,,22.147594,1,17,1,17,6.294118,,0.000000,0.000000,0.000000,ROTATIONAL,3,LOW,False,False,114,26.032967,0.459459,1.000000,0.000000,14.517241,UNKNOWN,,False,37.400000,6.294118,16.963766,16.963766,16.963766,16.963766,542.944828,91.373225,246.267085,246.267085,246.267085,246.267085,635.800000,107.000000,288.384021,288.384021,288.384021,288.384021,CAR,RB,True
00-0040586,Jaydon Blue,RB,DAL,2026,LOW_SAMPLE,SHORTENED_PRIOR_SEASON,22.648631,1,5,0,5,26.800000,,0.000000,0.000000,0.283688,ROTATIONAL,3,LOW,False,True,114,26.032967,0.200000,1.000000,0.000000,9.235294,UNKNOWN,,False,37.400000,26.800000,26.186374,26.186374,26.186374,26.186374,345.400000,247.505882,241.838862,241.838862,241.838862,241.838862,635.800000,455.600000,445.168352,445.168352,445.168352,445.168352,PHI,RB,True
00-0040547,Nate Carter,RB,ATL,2026,LOW_SAMPLE,SHORTENED_PRIOR_SEASON,24.280423,1,2,0,2,30.000000,,0.000000,0.000000,0.709220,ROTATIONAL,3,LOW,False,True,255,24.266667,0.090909,1.000000,0.000000,9.714286,UNKNOWN,,False,37.400000,30.000000,24.787879,24.787879,24.787879,24.787879,363.314286,291.428571,240.796537,240.796537,240.796537,240.796537,635.800000,510.000000,421.393939,421.393939,421.393939,421.393939,KC,RB,True
00-0036755,Jaret Patterson,RB,LAC,2026,LOW_SAMPLE,SHORTENED_PRIOR_SEASON,26.692519,1,6,0,6,27.833333,,0.000000,0.000000,0.283688,ROTATIONAL,3,LOW,False,True,127,22.866667,0.230769,1.000000,0.000000,10.000000,UNKNOWN,,False,37.400000,27.833333,24.012821,24.012821,24.012821,24.012821,374.000000,278.333333,240.128205,240.128205,240.128205,240.128205,635.800000,473.166667,408.217949,408.217949,408.217949,408.217949,LAC,RB,True
00-0038685,Chris Brooks,RB,GB,2026,DEVELOPING,,26.640499,3,31,2,17,11.588235,27.257576,-57.486185,-49.370620,0.000000,ROTATIONAL,3,LOW,False,False,127,22.866667,0.720930,1.000000,0.000000,12.793023,UNKNOWN,,False,37.400000,16.670329,18.399539,18.399539,18.399539,18.399539,478.459070,213.263905,235.385736,235.385736,235.385736,235.385736,635.800000,283.395591,312.792170,312.792170,312.792170,312.792170,GB,RB,True
00-0040179,DJ Giddens,RB,IND,2026,LOW_SAMPLE,SHORTENED_PRIOR_SEASON,23.018248,1,5,0,5,19.200000,,0.000000,0.000000,0.141844,ROTATIONAL,3,LOW,False,True,255,24.266667,0.200000,1.000000,0.000000,9.235294,UNKNOWN,,False,37.400000,19.200000,23.253333,23.253333,23.253333,23.253333,345.400000,177.317647,214.751373,214.751373,214.751373,214.751373,635.800000,326.400000,395.306667,395.306667,395.306667,395.306667,IND,RB,True
00-0037276,Ty Chandler,RB,MIN,2026,RETURNING_FROM_INJURY_OR_SHORTENED,LATE_CAREER|SHORTENED_PRIOR_SEASON|ROLE_DROP,28.307884,3,33,2,3,19.333333,23.962500,-19.318379,23.747139,0.141844,BACKUP,4,LOW,False,True,132,5.986111,0.846154,1.000000,0.000000,10.210000,UNKNOWN,,False,10.900000,21.842059,19.402683,19.402683,19.402683,19.402683,111.289000,223.007425,198.101389,198.101389,198.101389,198.101389,185.300000,371.315007,329.845604,329.845604,329.845604,329.845604,NO,RB,True
00-0040142,Kaleb Johnson,RB,PIT,2026,LOW_SAMPLE,SHORTENED_PRIOR_SEASON,23.051103,1,10,1,10,7.800000,,0.000000,0.000000,0.000000,ROTATIONAL,3,LOW,False,True,255,24.266667,0.333333,1.000000,0.000000,10.545455,UNKNOWN,,False,37.400000,7.800000,18.777778,18.777778,18.777778,18.777778,394.400000,82.254545,198.020202,198.020202,198.020202,198.020202,635.800000,132.600000,319.222222,319.222222,319.222222,319.222222,GB,RB,True
00-0029892,Kyle Juszczyk,RB,SF,2026,DECLINING,LATE_CAREER,35.360733,3,41,3,16,13.125000,14.470130,-9.295907,-20.933735,0.000000,ROTATIONAL,3,MEDIUM,False,False,120,24.316667,0.836735,0.907666,0.000000,14.050000,UNKNOWN,,False,37.400000,13.724310,15.453675,14.026770,14.026770,14.026770,525.470000,192.826562,217.124130,197.076117,197.076117,197.076117,635.800000,233.313278,262.712471,238.455089,238.455089,238.455089,SF,RB,True
00-0040208,Tahj Brooks,RB,CIN,2026,LOW_SAMPLE,SHORTENED_PRIOR_SEASON,24.305064,1,12,1,12,4.500000,,0.000000,0.000000,0.000000,ROTATIONAL,3,LOW,False,True,255,24.266667,0.375000,1.000000,0.000000,11.500000,UNKNOWN,,False,37.400000,4.500000,16.854167,16.854167,16.854167,16.854167,430.100000,51.750000,193.822917,193.822917,193.822917,193.822917,635.800000,76.500000,286.520833,286.520833,286.520833,286.520833,CIN,RB,True
00-0038551,Kendre Miller,RB,NO,2026,RETURNING_FROM_INJURY_OR_SHORTENED,SHORTENED_PRIOR_SEASON|ROLE_DROP,24.225665,3,20,0,7,31.857143,33.258333,-4.213051,-3.420523,1.276596,BACKUP,4,LOW,False,True,286,7.183333,0.769231,1.000000,0.000000,7.125000,UNKNOWN,,False,10.900000,32.627930,26.756100,26.756100,26.756100,26.756100,77.662500,232.474003,190.637214,190.637214,190.637214,190.637214,185.300000,554.674814,454.853703,454.853703,454.853703,454.853703,NO,RB,True
00-0038040,Zamir White,RB,LV,2026,ESTABLISHED,SHORTENED_PRIOR_SEASON,26.955358,3,26,2,5,11.200000,32.087019,-65.094919,-61.050715,0.000000,ROTATIONAL,3,LOW,False,True,127,22.866667,0.838710,1.000000,0.000000,8.647368,UNKNOWN,,False,37.400000,20.356833,20.761645,20.761645,20.761645,20.761645,323.411579,176.033034,179.533591,179.533591,179.533591,179.533591,635.800000,346.066159,352.947961,352.947961,352.947961,352.947961,NO,RB,True
00-0036265,AJ Dillon,RB,PHI,2026,DECLINING,LATE_CAREER|SHORTENED_PRIOR_SEASON|ROLE_DROP|RECENT_TEAM_CHANGE,28.335264,2,21,1,6,13.500000,55.733333,-75.777512,-81.796117,0.000000,BACKUP,4,LOW,False,True,132,5.986111,0.724138,0.917318,0.000000,9.112299,UNKNOWN,,False,10.900000,25.987422,20.469819,18.777331,18.777331,18.777331,99.324064,236.805175,186.527123,171.104667,171.104667,171.104667,185.300000,441.786180,347.986927,319.214634,319.214634,319.214634,CAR,RB,True
00-0039746,Will Shipley,RB,PHI,2026,DEVELOPING,,24.009370,2,27,2,14,7.500000,9.000000,-16.666667,-28.991597,0.000000,ROTATIONAL,3,LOW,False,False,255,24.266667,0.692308,1.000000,0.000000,12.832579,UNKNOWN,,False,37.400000,7.939381,12.963161,12.963161,12.963161,12.963161,479.938462,101.882734,166.350792,166.350792,166.350792,166.350792,635.800000,134.969475,220.373739,220.373739,220.373739,220.373739,PHI,RB,True
00-0037557,Ronnie Rivers,RB,LAR,2026,DEVELOPING,SHORTENED_PRIOR_SEASON,27.585077,3,21,1,6,7.666667,20.280556,-62.196959,-66.459627,0.000000,ROTATIONAL,3,LOW,False,True,127,22.866667,0.636364,1.000000,0.000000,8.468182,UNKNOWN,,False,37.400000,12.290615,16.136452,16.136452,16.136452,16.136452,316.710000,104.079165,136.646411,136.646411,136.646411,136.646411,635.800000,208.940461,274.319687,274.319687,274.319687,274.319687,LAR,RB,True
00-0037563,Malik Davis,RB,DAL,2026,RETURNING_FROM_INJURY_OR_SHORTENED,SHORTENED_PRIOR_SEASON,27.765779,2,11,1,10,26.600000,0.000000,0.000000,0.000000,0.283688,ROTATIONAL,2,MEDIUM,False,True,127,22.866667,0.647059,1.000000,0.000000,8.747826,UNKNOWN,,False,37.400000,11.637500,15.600735,15.600735,15.600735,15.600735,327.168696,101.802826,136.472519,136.472519,136.472519,136.472519,635.800000,197.837500,265.212500,265.212500,265.212500,265.212500,DAL,RB,True
00-0038738,Hunter Luepke,RB,DAL,2026,ASCENDING,ROLE_DROP,26.509080,3,38,3,14,12.857143,8.212857,56.548965,34.199134,0.000000,BACKUP,4,LOW,False,False,137,5.866667,0.844444,1.060000,0.000000,12.104000,UNKNOWN,,False,10.900000,11.331936,10.481783,11.110690,11.110690,11.110690,131.933600,137.161755,126.871502,134.483793,134.483793,134.483793,185.300000,192.642914,178.190312,188.881731,188.881731,188.881731,DAL,RB,True
00-0037258,Dameon Pierce,RB,KC,2026,ESTABLISHED,SHORTENED_PRIOR_SEASON|ROLE_DROP|RECENT_TEAM_CHANGE,26.533721,3,29,2,5,7.200000,32.100000,-77.570093,-56.584660,0.000000,BACKUP,4,LOW,False,True,137,5.866667,0.852941,1.000000,0.000000,7.893902,UNKNOWN,,False,10.900000,18.244236,16.424006,16.424006,16.424006,16.424006,86.043537,144.018222,129.649497,129.649497,129.649497,129.649497,185.300000,310.152018,279.208094,279.208094,279.208094,279.208094,PHI,RB,True
00-0037085,Tyler Badie,RB,DEN,2026,DEVELOPING,,27.565912,2,19,1,16,10.250000,28.000000,-63.392857,-47.767857,0.000000,BACKUP,4,LOW,False,False,137,5.866667,0.612903,1.000000,0.000000,10.091082,UNKNOWN,,False,10.900000,14.979885,11.452187,11.452187,11.452187,11.452187,109.992789,151.163239,115.564957,115.564957,115.564957,115.564957,185.300000,254.658040,194.687186,194.687186,194.687186,194.687186,DEN,RB,True
00-0033854,Dare Ogunbowale,RB,HOU,2026,ROLE_CHANGED,LATE_CAREER|ROLE_DROP,32.329870,3,39,3,14,7.214286,14.654861,-50.772064,-41.682697,0.000000,BACKUP,4,LOW,False,False,132,5.986111,0.795918,0.924971,0.000000,12.708824,UNKNOWN,,False,10.900000,10.011013,9.189604,8.500119,8.500119,8.500119,138.526176,127.228191,116.789056,108.026507,108.026507,108.026507,185.300000,170.187213,156.223269,144.502016,144.502016,144.502016,LV,RB,True
00-0036906,Khalil Herbert,RB,NYJ,2026,DECLINING,LATE_CAREER|SHORTENED_PRIOR_SEASON|ROLE_DROP|RECENT_TEAM_CHANGE,28.365381,3,28,2,5,11.200000,30.888258,-63.740266,-46.889302,0.000000,BACKUP,4,LOW,False,True,132,5.986111,0.777778,0.917077,0.000000,8.195000,UNKNOWN,,False,10.900000,16.655759,14.284726,13.100193,13.100193,13.100193,89.325500,136.493944,117.063330,107.356082,107.356082,107.356082,185.300000,283.147902,242.840343,222.703283,222.703283,222.703283,SF,RB,True
00-0039299,George Holani,RB,SEA,2026,RETURNING_FROM_INJURY_OR_SHORTENED,SHORTENED_PRIOR_SEASON,26.711685,2,13,1,10,8.800000,3.000000,193.333333,80.000000,0.000000,ROTATIONAL,3,MEDIUM,False,True,127,22.866667,0.684211,1.020000,0.000000,9.018667,UNKNOWN,,False,37.400000,5.805556,11.193275,11.417140,11.417140,11.417140,337.298133,52.358370,100.948415,102.967383,102.967383,102.967383,635.800000,98.694444,190.285673,194.091386,194.091386,194.091386,SEA,RB,True
00-0039021,Roschon Johnson,RB,CHI,2026,DEVELOPING,SHORTENED_PRIOR_SEASON|ROLE_DROP,25.583667,3,34,2,6,2.833333,25.790000,-89.013830,-94.929006,0.000000,BACKUP,4,LOW,False,True,286,7.183333,0.739130,1.000000,0.000000,9.071739,UNKNOWN,,False,10.900000,12.063062,10.790090,10.790090,10.790090,10.790090,98.881957,109.432955,97.884878,97.884878,97.884878,97.884878,185.300000,205.072061,183.431524,183.431524,183.431524,183.431524,CHI,RB,True
00-0035567,Craig Reynolds,RB,DET,2026,DECLINING,LATE_CAREER|SHORTENED_PRIOR_SEASON,30.213468,3,25,2,5,0.800000,21.135417,-96.214884,-85.937500,0.000000,ROTATIONAL,3,LOW,False,True,120,24.316667,0.757576,0.902292,0.000000,8.587838,UNKNOWN,,False,37.400000,7.232216,11.373901,10.262583,10.262583,10.262583,321.185135,62.109101,97.677220,88.133399,88.133399,88.133399,635.800000,122.947678,193.356322,174.463912,174.463912,174.463912,WAS,RB,True
00-0037120,Tyler Goodson,RB,IND,2026,ESTABLISHED,SHORTENED_PRIOR_SEASON|ROLE_DROP,25.808175,3,30,2,10,3.200000,16.994048,-81.169877,-65.372724,0.000000,BACKUP,4,LOW,False,True,286,7.183333,0.857143,1.000000,0.000000,9.857143,UNKNOWN,,False,10.900000,9.055405,8.787966,8.787966,8.787966,8.787966,107.442857,89.260416,86.624234,86.624234,86.624234,86.624234,185.300000,153.941877,149.395418,149.395418,149.395418,149.395418,ATL,RB,True
00-0037594,Julius Chestnut,RB,TEN,2026,ESTABLISHED,,25.849244,3,29,2,16,2.500000,6.120833,-59.155888,-40.000000,0.000000,ROTATIONAL,3,LOW,False,False,255,24.266667,0.852941,1.000000,0.000000,12.096341,UNKNOWN,,False,37.400000,3.966851,6.952118,6.952118,6.952118,6.952118,452.403171,47.984387,84.095195,84.095195,84.095195,84.095195,635.800000,67.436470,118.186009,118.186009,118.186009,118.186009,TEN,RB,True
00-0039757,Terrell Jennings,RB,NE,2026,RETURNING_FROM_INJURY_OR_SHORTENED,SHORTENED_PRIOR_SEASON,25.660328,2,8,0,6,13.666667,16.500000,-17.171717,-42.857143,0.000000,BACKUP,4,LOW,False,True,286,7.183333,0.571429,1.000000,0.000000,6.346667,UNKNOWN,,False,10.900000,15.281994,11.811139,11.811139,11.811139,11.811139,69.178667,96.989722,74.961365,74.961365,74.961365,74.961365,185.300000,259.793899,200.789371,200.789371,200.789371,200.789371,NE,RB,True
00-0040466,Raheim Sanders,RB,CLE,2026,LOW_SAMPLE,SHORTENED_PRIOR_SEASON,24.233879,1,4,0,4,28.250000,,0.000000,0.000000,0.283688,BACKUP,4,LOW,False,True,286,7.183333,0.166667,1.000000,0.000000,7.000000,UNKNOWN,,False,10.900000,28.250000,10.694444,10.694444,10.694444,10.694444,76.300000,197.750000,74.861111,74.861111,74.861111,74.861111,185.300000,480.250000,181.805556,181.805556,181.805556,181.805556,CLE,RB,True
00-0037617,Hassan Haskins,RB,LAC,2026,ESTABLISHED,SHORTENED_PRIOR_SEASON,26.766443,2,23,2,11,5.454545,11.500000,-52.569170,-38.083538,0.000000,BACKUP,4,LOW,False,True,137,5.866667,0.821429,1.000000,0.000000,10.203361,UNKNOWN,,False,10.900000,7.529736,7.232759,7.232759,7.232759,7.232759,111.216639,76.828615,73.798455,73.798455,73.798455,73.798455,185.300000,128.005508,122.956905,122.956905,122.956905,122.956905,NE,RB,True
00-0035628,D'Ernest Johnson,RB,NE,2026,DECLINING,LATE_CAREER|SHORTENED_PRIOR_SEASON|ROLE_DROP|RECENT_TEAM_CHANGE,30.511900,3,33,2,5,5.000000,18.370833,-72.782944,-28.605578,0.000000,BACKUP,5,LOW,False,True,132,5.986111,0.804878,0.899905,0.000000,8.816667,UNKNOWN,,False,10.900000,9.584167,8.882107,7.993051,7.993051,7.993051,96.101667,84.500403,78.310577,70.472064,70.472064,70.472064,185.300000,162.930833,150.995820,135.881863,135.881863,135.881863,TEN,RB,True
00-0039363,Isaac Guerendo,RB,SF,2026,DEVELOPING,SHORTENED_PRIOR_SEASON|ROLE_DROP,26.177793,2,23,1,7,0.000000,35.750000,-100.000000,-100.000000,0.000000,BACKUP,4,LOW,False,True,137,5.866667,0.657143,1.000000,0.000000,9.430252,UNKNOWN,,False,10.900000,8.137539,7.358954,7.358954,7.358954,7.358954,102.789748,76.739040,69.396791,69.396791,69.396791,69.396791,185.300000,138.338156,125.102217,125.102217,125.102217,125.102217,SF,RB,True
00-0039796,Rasheen Ali,RB,BAL,2026,DEVELOPING,,25.539861,2,20,1,15,6.133333,6.200000,-1.075269,-50.000000,0.000000,BACKUP,4,LOW,False,False,286,7.183333,0.625000,1.000000,0.000000,10.169118,UNKNOWN,,False,10.900000,6.303987,6.633742,6.633742,6.633742,6.633742,110.843382,64.105982,67.459299,67.459299,67.459299,67.459299,185.300000,107.167773,112.773608,112.773608,112.773608,112.773608,BAL,RB,True
00-0035125,Alec Ingold,RB,MIA,2026,DECLINING,LATE_CAREER|SHORTENED_PRIOR_SEASON,30.147758,3,30,3,9,6.777778,11.131364,-39.110984,-27.876129,0.000000,BACKUP,4,LOW,False,True,132,5.986111,0.789474,0.902818,0.000000,9.428571,UNKNOWN,,False,10.900000,8.297955,7.811251,7.052137,7.052137,7.052137,102.771429,78.237858,73.648936,66.491580,66.491580,66.491580,185.300000,141.065229,132.791263,119.886334,119.886334,119.886334,LAC,RB,True
00-0037304,Connor Heyward,RB,PIT,2026,ESTABLISHED,,27.609718,3,40,3,14,4.571429,6.341667,-27.914398,3.730664,0.000000,BACKUP,4,MEDIUM,False,False,137,5.866667,0.888889,1.000000,0.000000,12.153846,UNKNOWN,,False,10.900000,5.321686,5.382239,5.382239,5.382239,5.382239,132.476923,64.678949,65.414906,65.414906,65.414906,65.414906,185.300000,90.468657,91.498065,91.498065,91.498065,91.498065,LV,RB,True
00-0040556,Corey Kiner,RB,ARI,2026,LOW_SAMPLE,SHORTENED_PRIOR_SEASON,24.611710,1,4,0,4,18.250000,,0.000000,0.000000,0.141844,BACKUP,6,LOW,False,True,286,7.183333,0.166667,1.000000,0.000000,7.000000,UNKNOWN,,False,10.900000,18.250000,9.027778,9.027778,9.027778,9.027778,76.300000,127.750000,63.194444,63.194444,63.194444,63.194444,185.300000,310.250000,153.472222,153.472222,153.472222,153.472222,NE,RB,True
00-0040021,Phil Mafah,RB,DAL,2026,LOW_SAMPLE,SHORTENED_PRIOR_SEASON,23.856048,1,1,0,1,29.000000,,0.000000,0.000000,0.709220,BACKUP,6,LOW,False,True,286,7.183333,0.047619,1.000000,0.000000,7.461538,UNKNOWN,,False,10.900000,29.000000,8.222222,8.222222,8.222222,8.222222,81.330769,216.384615,61.350427,61.350427,61.350427,61.350427,185.300000,493.000000,139.777778,139.777778,139.777778,139.777778,DAL,RB,True
00-0040067,Jacardia Wright,RB,SEA,2026,LOW_SAMPLE,SHORTENED_PRIOR_SEASON,25.931381,1,1,0,1,20.000000,,0.000000,0.000000,0.141844,BACKUP,5,LOW,False,True,286,7.183333,0.047619,1.000000,0.000000,7.461538,UNKNOWN,,False,10.900000,20.000000,7.793651,7.793651,7.793651,7.793651,81.330769,149.230769,58.152625,58.152625,58.152625,58.152625,185.300000,340.000000,132.492063,132.492063,132.492063,132.492063,SEA,RB,True
00-0040039,Amar Johnson,RB,LAC,2026,LOW_SAMPLE,SHORTENED_PRIOR_SEASON,23.584995,1,1,0,1,8.000000,,0.000000,0.000000,0.000000,BACKUP,6,LOW,False,True,286,7.183333,0.047619,1.000000,0.000000,7.461538,UNKNOWN,,False,10.900000,8.000000,7.222222,7.222222,7.222222,7.222222,81.330769,59.692308,53.888889,53.888889,53.888889,53.888889,185.300000,136.000000,122.777778,122.777778,122.777778,122.777778,LAC,RB,True
00-0035291,Trayveon Williams,RB,CLE,2026,RETURNING_FROM_INJURY_OR_SHORTENED,LATE_CAREER|SHORTENED_PRIOR_SEASON|RECENT_TEAM_CHANGE,28.871893,3,27,1,6,15.166667,1.728125,777.637131,503.174603,0.000000,BACKUP,5,MEDIUM,False,True,132,5.986111,0.818182,1.020000,0.000000,8.376923,UNKNOWN,,False,10.900000,6.298823,6.241966,6.366806,6.366806,6.366806,91.308462,52.764757,52.288472,53.334242,53.334242,53.334242,185.300000,107.079993,106.113428,108.235697,108.235697,108.235697,DET,RB,True
00-0036984,Trey Sermon,RB,PIT,2026,ESTABLISHED,SHORTENED_PRIOR_SEASON|ROLE_DROP|RECENT_TEAM_CHANGE,27.587815,3,26,2,3,0.000000,18.748750,-100.000000,-100.000000,0.000000,BACKUP,5,LOW,False,True,137,5.866667,0.838710,1.000000,0.000000,7.555263,UNKNOWN,,False,10.900000,7.247138,7.024481,7.024481,7.024481,7.024481,82.352368,54.754036,53.071806,53.071806,53.071806,53.071806,185.300000,123.201349,119.416185,119.416185,119.416185,119.416185,ATL,RB,True
00-0039266,Kendall Milton,RB,CIN,2026,LOW_SAMPLE,SHORTENED_PRIOR_SEASON,24.556952,1,1,0,1,2.000000,,0.000000,0.000000,0.000000,BACKUP,4,LOW,False,True,286,7.183333,0.047619,1.000000,0.000000,7.461538,UNKNOWN,,False,10.900000,2.000000,6.936508,6.936508,6.936508,6.936508,81.330769,14.923077,51.757021,51.757021,51.757021,51.757021,185.300000,34.000000,117.920635,117.920635,117.920635,117.920635,CIN,RB,True
00-0040476,Ulysses Bentley IV,RB,IND,2026,LOW_SAMPLE,SHORTENED_PRIOR_SEASON,25.671280,1,1,0,1,0.000000,,0.000000,0.000000,0.000000,BACKUP,5,LOW,False,True,286,7.183333,0.047619,1.000000,0.000000,7.461538,UNKNOWN,,False,10.900000,0.000000,6.841270,6.841270,6.841270,6.841270,81.330769,0.000000,51.046398,51.046398,51.046398,51.046398,185.300000,0.000000,116.301587,116.301587,116.301587,116.301587,IND,RB,True
00-0038409,Lew Nichols III,RB,PIT,2026,LOW_SAMPLE,SHORTENED_PRIOR_SEASON,25.044299,1,1,0,1,0.000000,,0.000000,0.000000,0.000000,BACKUP,6,LOW,False,True,286,7.183333,0.047619,1.000000,0.000000,7.461538,UNKNOWN,,False,10.900000,0.000000,6.841270,6.841270,6.841270,6.841270,81.330769,0.000000,51.046398,51.046398,51.046398,51.046398,185.300000,0.000000,116.301587,116.301587,116.301587,116.301587,PIT,RB,True
00-0038397,Evan Hull,RB,NO,2026,RETURNING_FROM_INJURY_OR_SHORTENED,SHORTENED_PRIOR_SEASON|RECENT_TEAM_CHANGE,25.849244,2,7,0,6,9.000000,7.000000,28.571429,66.666667,0.000000,BACKUP,5,MEDIUM,False,True,286,7.183333,0.538462,1.020000,0.000000,6.280702,UNKNOWN,,False,10.900000,8.066667,7.658974,7.812154,7.812154,7.812154,68.459649,50.664327,48.103734,49.065808,49.065808,49.065808,185.300000,137.133333,130.202564,132.806615,132.806615,132.806615,AZ,RB,True
00-0036425,DeeJay Dallas,RB,JAX,2026,RETURNING_FROM_INJURY_OR_SHORTENED,SHORTENED_PRIOR_SEASON|RECENT_TEAM_CHANGE,27.960170,3,38,2,5,4.200000,3.713971,13.086518,-8.953975,0.000000,BACKUP,4,MEDIUM,False,True,137,5.866667,0.863636,1.010469,0.000000,11.344000,UNKNOWN,,False,10.900000,3.934305,4.197809,4.241757,4.241757,4.241757,123.649600,44.630755,47.619943,48.118487,48.118487,48.118487,185.300000,66.883184,71.362750,72.109862,72.109862,72.109862,MIN,RB,True
00-0036727,Adam Prentice,RB,DEN,2026,ESTABLISHED,LATE_CAREER|RECENT_TEAM_CHANGE,29.624818,3,28,2,13,7.461538,1.400000,432.967033,138.498344,0.000000,BACKUP,5,MEDIUM,False,False,132,5.986111,0.848485,1.000000,0.000000,10.225000,UNKNOWN,,False,10.900000,4.467158,4.697303,4.697303,4.697303,4.697303,111.452500,45.676693,48.029919,48.029919,48.029919,48.029919,185.300000,75.941690,79.854144,79.854144,79.854144,79.854144,DEN,RB,True
00-0040205,Kalel Mullings,RB,TEN,2026,LOW_SAMPLE,SHORTENED_PRIOR_SEASON,23.910806,1,4,0,4,1.750000,,0.000000,0.000000,0.000000,BACKUP,4,LOW,False,True,286,7.183333,0.166667,1.000000,0.000000,7.000000,UNKNOWN,,False,10.900000,1.750000,6.277778,6.277778,6.277778,6.277778,76.300000,12.250000,43.944444,43.944444,43.944444,43.944444,185.300000,29.750000,106.722222,106.722222,106.722222,106.722222,TEN,RB,True
00-0040649,Robbie Ouzts,RB,SEA,2026,LOW_SAMPLE,SHORTENED_PRIOR_SEASON,23.987467,1,4,0,4,0.000000,,0.000000,0.000000,0.000000,BACKUP,8,LOW,False,True,286,7.183333,0.166667,1.000000,0.000000,7.000000,UNKNOWN,,False,10.900000,0.000000,5.986111,5.986111,5.986111,5.986111,76.300000,0.000000,41.902778,41.902778,41.902778,41.902778,185.300000,0.000000,101.763889,101.763889,101.763889,101.763889,SEA,RB,True
00-0040429,Josh Williams,RB,TB,2026,LOW_SAMPLE,SHORTENED_PRIOR_SEASON,26.229813,1,2,0,2,5.500000,,0.000000,0.000000,0.000000,BACKUP,4,LOW,False,True,137,5.866667,0.090909,1.000000,0.000000,7.142857,UNKNOWN,,False,10.900000,5.500000,5.833333,5.833333,5.833333,5.833333,77.857143,39.285714,41.666667,41.666667,41.666667,41.666667,185.300000,93.500000,99.166667,99.166667,99.166667,99.166667,TB,RB,True
00-0038458,Owen Wright,RB,TB,2026,LOW_SAMPLE,SHORTENED_PRIOR_SEASON,27.508416,1,2,0,2,3.000000,,0.000000,0.000000,0.000000,BACKUP,5,LOW,False,True,137,5.866667,0.090909,1.000000,0.000000,7.142857,UNKNOWN,,False,10.900000,3.000000,5.606061,5.606061,5.606061,5.606061,77.857143,21.428571,40.043290,40.043290,40.043290,40.043290,185.300000,51.000000,95.303030,95.303030,95.303030,95.303030,HOU,RB,True
00-0038896,Jacob Saylors,RB,DET,2026,LOW_SAMPLE,SHORTENED_PRIOR_SEASON,26.484438,1,11,1,11,1.000000,,0.000000,0.000000,0.000000,BACKUP,4,LOW,False,True,137,5.866667,0.354839,1.000000,0.000000,9.434783,UNKNOWN,,False,10.900000,1.000000,4.139785,4.139785,4.139785,4.139785,102.839130,9.434783,39.057971,39.057971,39.057971,39.057971,185.300000,17.000000,70.376344,70.376344,70.376344,70.376344,DET,RB,True
00-0039603,British Brooks,RB,HOU,2026,RETURNING_FROM_INJURY_OR_SHORTENED,SHORTENED_PRIOR_SEASON,26.788346,2,10,1,8,9.750000,1.000000,875.000000,325.000000,0.000000,BACKUP,5,MEDIUM,False,True,137,5.866667,0.625000,1.020000,0.000000,6.545455,UNKNOWN,,False,10.900000,5.112132,5.395083,5.502984,5.502984,5.502984,71.345455,33.461230,35.313269,36.019534,36.019534,36.019534,185.300000,86.906250,91.716406,93.550734,93.550734,93.550734,HOU,RB,True
00-0039364,Sione Vaki,RB,DET,2026,DEVELOPING,SHORTENED_PRIOR_SEASON,25.090844,2,17,2,8,0.500000,5.666667,-91.176471,-87.500000,0.000000,BACKUP,5,LOW,False,True,286,7.183333,0.586207,1.000000,0.000000,8.206897,UNKNOWN,,False,10.900000,1.862043,4.063957,4.063957,4.063957,4.063957,89.455172,15.281598,33.352471,33.352471,33.352471,33.352471,185.300000,31.654739,69.087261,69.087261,69.087261,69.087261,DET,RB,True
00-0036569,Gary Brightwell,RB,CIN,2026,LOW_SAMPLE,LATE_CAREER|SHORTENED_PRIOR_SEASON|RECENT_TEAM_CHANGE,28.507752,3,7,0,2,0.000000,5.775000,-100.000000,-100.000000,0.000000,BACKUP,5,LOW,False,True,132,5.986111,0.259259,1.000000,0.000000,6.421053,UNKNOWN,,False,10.900000,1.278750,4.765684,4.765684,4.765684,4.765684,69.989474,8.210921,30.600709,30.600709,30.600709,30.600709,185.300000,21.738750,81.016631,81.016631,81.016631,81.016631,CIN,RB,True
00-0034959,Andrew Beck,RB,NYJ,2026,RETURNING_FROM_INJURY_OR_SHORTENED,LATE_CAREER|SHORTENED_PRIOR_SEASON|RECENT_TEAM_CHANGE,30.298343,3,25,2,11,4.545455,1.691667,168.696820,-22.630561,0.000000,BACKUP,6,MEDIUM,False,True,132,5.986111,0.806452,1.020000,0.000000,8.087838,UNKNOWN,,False,10.900000,2.791818,3.410068,3.478270,3.478270,3.478270,88.157432,22.579773,27.580080,28.131682,28.131682,28.131682,185.300000,47.460909,57.971163,59.130587,59.130587,59.130587,NYJ,RB,True
00-0038678,Jordan Mims,RB,TEN,2026,LOW_SAMPLE,SHORTENED_PRIOR_SEASON|RECENT_TEAM_CHANGE,27.212722,3,11,1,1,0.000000,11.456250,-100.000000,-100.000000,0.000000,BACKUP,5,LOW,False,True,137,5.866667,0.354839,1.000000,0.000000,5.728261,UNKNOWN,,False,10.900000,2.838553,4.792175,4.792175,4.792175,4.792175,62.438043,16.259970,27.450826,27.450826,27.450826,27.450826,185.300000,48.255395,81.466968,81.466968,81.466968,81.466968,PHI,RB,True
00-0039407,Dylan Laube,RB,LV,2026,ASCENDING,,26.717161,2,23,1,17,1.588235,0.000000,0.000000,288.235294,0.000000,BACKUP,4,MEDIUM,False,False,137,5.866667,0.766667,1.060000,0.000000,11.363025,UNKNOWN,,False,10.900000,1.087920,2.202961,2.335138,2.335138,2.335138,123.856975,12.362058,25.032297,26.534235,26.534235,26.534235,185.300000,18.494634,37.450330,39.697350,39.697350,39.697350,LV,RB,True
00-0033376,Patrick Ricard,RB,BAL,2026,DECLINING,LATE_CAREER|SHORTENED_PRIOR_SEASON,32.266898,3,22,1,5,2.200000,4.030000,-45.409429,-11.111111,0.000000,BACKUP,5,MEDIUM,False,True,132,5.986111,0.733333,0.885865,0.000000,7.576471,UNKNOWN,,False,10.900000,2.691920,3.570371,3.162866,3.162866,3.162866,82.583529,20.395250,27.050809,23.963360,23.963360,23.963360,185.300000,45.762634,60.696302,53.768718,53.768718,53.768718,NYG,RB,True
00-0038396,Eric Gray,RB,NYG,2026,DEVELOPING,SHORTENED_PRIOR_SEASON|ROLE_DROP,26.826677,3,25,2,1,0.000000,7.696429,-100.000000,-100.000000,0.000000,BACKUP,4,LOW,False,True,137,5.866667,0.675676,1.000000,0.000000,6.817568,UNKNOWN,,False,10.900000,2.282361,3.444839,3.444839,3.444839,3.444839,74.311486,15.560150,23.485419,23.485419,23.485419,23.485419,185.300000,38.800137,58.562255,58.562255,58.562255,58.562255,NYG,RB,True
00-0036842,Kene Nwangwu,RB,NYJ,2026,RETURNING_FROM_INJURY_OR_SHORTENED,LATE_CAREER|SHORTENED_PRIOR_SEASON,28.559772,3,20,2,10,4.900000,0.568750,761.538462,540.000000,0.000000,BACKUP,5,MEDIUM,False,True,132,5.986111,0.769231,1.020000,0.000000,7.312500,UNKNOWN,,False,10.900000,2.042550,2.952603,3.011655,3.011655,3.011655,79.706250,14.936147,21.590906,22.022724,22.022724,22.022724,185.300000,34.723350,50.194244,51.198128,51.198128,51.198128,NYJ,RB,True
00-0036187,Reggie Gilliam,RB,BUF,2026,RETURNING_FROM_INJURY_OR_SHORTENED,LATE_CAREER|SHORTENED_PRIOR_SEASON,29.033430,3,23,1,11,2.545455,0.860000,195.983087,4.321908,0.000000,BACKUP,4,MEDIUM,False,True,132,5.986111,0.793103,1.020000,0.000000,8.277143,UNKNOWN,,False,10.900000,1.540260,2.460091,2.509293,2.509293,2.509293,90.220857,12.748950,20.362525,20.769776,20.769776,20.769776,185.300000,26.184416,41.821548,42.657979,42.657979,42.657979,NE,RB,True
00-0035594,Travis Homer,RB,CHI,2026,DECLINING,LATE_CAREER|SHORTENED_PRIOR_SEASON|ROLE_DROP,28.069687,3,23,2,8,-0.250000,2.762500,-109.049774,-84.000000,0.000000,BACKUP,5,LOW,False,True,132,5.986111,0.741935,0.919443,0.000000,8.244286,UNKNOWN,,False,10.900000,0.641508,2.020760,1.857973,1.857973,1.857973,89.862714,5.288775,16.659726,15.317660,15.317660,15.317660,185.300000,10.905635,34.352926,31.585541,31.585541,31.585541,PIT,RB,True
00-0038488,Brady Russell,RB,SEA,2026,RETURNING_FROM_INJURY_OR_SHORTENED,LATE_CAREER|SHORTENED_PRIOR_SEASON,28.003977,3,24,2,10,0.000000,0.000000,0.000000,0.000000,0.000000,BACKUP,7,MEDIUM,False,True,132,5.986111,0.800000,1.000000,0.000000,8.466667,UNKNOWN,,False,10.900000,0.000000,1.197222,1.197222,1.197222,1.197222,92.286667,0.000000,10.136481,10.136481,10.136481,10.136481,185.300000,0.000000,20.352778,20.352778,20.352778,20.352778,SEA,RB,True
00-0037744,Trey McBride,TE,ARI,2026,PEAK,ESTABLISHED_STAR_EVIDENCE,26.777394,3,50,3,17,72.882353,63.541544,14.700318,21.914380,96.644295,STARTER,1,HIGH,True,False,234,36.531373,0.925926,1.000000,60.920066,16.370968,UNKNOWN,,False,43.000000,67.688962,65.380993,65.380993,65.380993,65.380993,703.951613,1108.133815,1070.350119,1070.350119,1070.350119,1070.350119,731.000000,1150.712356,1111.476873,1111.476873,1111.476873,1111.476873,AZ,TE,True
00-0033288,George Kittle,TE,SF,2026,RETURNING_FROM_INJURY_OR_SHORTENED,LATE_CAREER|SHORTENED_PRIOR_SEASON|ESTABLISHED_STAR_EVIDENCE,32.896617,3,42,3,11,57.090909,70.239167,-18.719268,3.817292,87.919463,STARTER,1,HIGH,True,True,41,38.769231,0.880000,1.000000,58.593334,14.327778,UNKNOWN,,False,43.000000,65.103704,61.943567,61.943567,61.943567,61.943567,616.094444,932.791403,887.513665,887.513665,887.513665,887.513665,731.000000,1106.762967,1053.040642,1053.040642,1053.040642,1053.040642,SF,TE,True
00-0039338,Brock Bowers,TE,LV,2026,RETURNING_FROM_INJURY_OR_SHORTENED,SHORTENED_PRIOR_SEASON|ESTABLISHED_STAR_EVIDENCE,23.719152,2,29,2,12,56.666667,70.235294,-19.318816,-20.370370,87.472036,STARTER,1,MEDIUM,True,True,134,34.616667,0.880000,1.000000,57.116510,14.764228,UNKNOWN,,False,43.000000,63.462789,60.001254,60.001254,60.001254,60.001254,634.861789,936.979061,885.872175,885.872175,885.872175,885.872175,731.000000,1078.867410,1020.021320,1020.021320,1020.021320,1020.021320,LV,TE,True
00-0036970,Kyle Pitts,TE,ATL,2026,ASCENDING,ESTABLISHED_STAR_EVIDENCE,25.904002,3,51,3,17,54.588235,36.750000,48.539416,48.241206,84.787472,STARTER,1,HIGH,True,False,234,36.531373,0.880000,1.060000,43.451475,16.619048,UNKNOWN,,False,43.000000,48.279416,46.869651,49.681830,49.681830,49.681830,714.619048,802.357921,778.928965,825.664703,825.664703,825.664703,731.000000,820.750080,796.784070,844.591114,844.591114,844.591114,ATL,TE,True
00-0030506,Travis Kelce,TE,KC,2026,DECLINING,LATE_CAREER,36.907650,3,48,3,17,50.058824,56.394375,-11.234368,-22.774286,78.299776,STARTER,1,MEDIUM,False,False,41,38.769231,0.857143,0.903803,0.000000,16.320000,UNKNOWN,,False,43.000000,52.088231,50.185517,45.357825,45.357825,45.357825,701.760000,850.079933,819.027635,740.239700,740.239700,740.239700,731.000000,885.499930,853.153786,771.083021,771.083021,771.083021,KC,TE,True
00-0039065,Sam LaPorta,TE,DET,2026,RETURNING_FROM_INJURY_OR_SHORTENED,SHORTENED_PRIOR_SEASON|ESTABLISHED_STAR_EVIDENCE,25.635687,3,42,3,9,54.333333,47.796691,13.675930,-6.812517,83.668904,STARTER,1,HIGH,True,True,234,36.531373,0.880000,1.010941,45.416348,14.066667,UNKNOWN,,False,43.000000,50.462609,48.790861,49.324669,49.324669,49.324669,604.866667,709.840704,686.324776,693.833680,693.833680,693.833680,731.000000,857.864358,829.444635,838.519376,838.519376,838.519376,DET,TE,True
00-0033090,Hunter Henry,TE,NE,2026,ESTABLISHED,,31.735744,3,46,3,17,45.176471,38.662019,16.849744,-8.334072,70.246085,STARTER,1,HIGH,False,False,39,42.357143,0.901961,1.000000,0.000000,15.872414,UNKNOWN,,False,43.000000,42.374003,42.372350,42.372350,42.372350,42.372350,682.513793,672.577717,672.551480,672.551480,672.551480,672.551480,731.000000,720.358059,720.329958,720.329958,720.329958,720.329958,NE,TE,True
00-0034383,Dalton Schultz,TE,HOU,2026,ESTABLISHED,,30.142282,3,49,3,17,45.705882,35.157843,30.001952,17.573113,72.035794,STARTER,1,HIGH,False,False,39,42.357143,0.907407,1.000000,0.000000,16.365574,UNKNOWN,,False,43.000000,40.811678,40.954776,40.954776,40.954776,40.954776,703.719672,667.906524,670.248414,670.248414,670.248414,670.248414,731.000000,693.798522,696.231199,696.231199,696.231199,696.231199,HOU,TE,True
00-0040128,Tyler Warren,TE,IND,2026,LOW_SAMPLE,,24.274947,1,17,1,17,48.058824,,0.000000,0.000000,75.391499,STARTER,1,LOW,False,False,134,34.616667,0.459459,1.000000,0.000000,16.172414,UNKNOWN,,False,43.000000,48.058824,40.792793,40.792793,40.792793,40.792793,695.413793,777.227181,659.717925,659.717925,659.717925,659.717925,731.000000,817.000000,693.477477,693.477477,693.477477,693.477477,IND,TE,True
00-0036040,Juwan Johnson,TE,NO,2026,PEAK,ESTABLISHED_STAR_EVIDENCE,29.967056,3,45,3,17,52.294118,33.654359,55.385868,34.878091,80.984340,STARTER,1,HIGH,True,False,234,36.531373,0.918367,1.000000,38.391814,15.631579,UNKNOWN,,False,43.000000,42.657571,42.157474,42.157474,42.157474,42.157474,672.157895,666.805196,658.987877,658.987877,658.987877,658.987877,731.000000,725.178715,716.677051,716.677051,716.677051,716.677051,NO,TE,True
00-0038996,Tucker Kraft,TE,GB,2026,RETURNING_FROM_INJURY_OR_SHORTENED,SHORTENED_PRIOR_SEASON|ESTABLISHED_STAR_EVIDENCE,25.827341,3,39,3,8,61.125000,35.907353,70.229758,49.600000,91.498881,STARTER,1,HIGH,True,True,234,36.531373,0.880000,1.020000,41.356318,13.547059,UNKNOWN,,False,43.000000,45.951464,44.821053,45.717474,45.717474,45.717474,582.523529,622.507190,607.193445,619.337314,619.337314,619.337314,731.000000,781.174893,761.957906,777.197064,777.197064,777.197064,GB,TE,True
00-0040663,Harold Fannin Jr.,TE,CLE,2026,LOW_SAMPLE,,22.117477,1,16,1,16,45.687500,,0.000000,0.000000,71.812081,STARTER,1,LOW,False,False,134,34.616667,0.444444,1.000000,0.000000,15.571429,UNKNOWN,,False,43.000000,45.687500,39.537037,39.537037,39.537037,39.537037,669.571429,711.419643,615.648148,615.648148,615.648148,615.648148,731.000000,776.687500,672.129630,672.129630,672.129630,672.129630,CLE,TE,True
00-0040126,Colston Loveland,TE,CHI,2026,LOW_SAMPLE,,22.396743,1,16,1,16,44.562500,,0.000000,0.000000,68.456376,STARTER,1,LOW,False,False,134,34.616667,0.444444,1.000000,0.000000,15.571429,UNKNOWN,,False,43.000000,44.562500,39.037037,39.037037,39.037037,39.037037,669.571429,693.901786,607.862434,607.862434,607.862434,607.862434,731.000000,757.562500,663.629630,663.629630,663.629630,663.629630,CHI,TE,True
00-0034351,Dallas Goedert,TE,PHI,2026,ESTABLISHED,,31.661821,3,39,3,15,39.400000,47.040000,-16.241497,0.213871,57.494407,STARTER,1,HIGH,False,False,39,42.357143,0.886364,1.000000,0.000000,13.738235,UNKNOWN,,False,43.000000,42.938932,42.872820,42.872820,42.872820,42.872820,590.744118,589.905155,588.996886,588.996886,588.996886,588.996886,731.000000,729.961848,728.837937,728.837937,728.837937,728.837937,PHI,TE,True
00-0038041,Jake Ferguson,TE,DAL,2026,ESTABLISHED,,27.620670,3,48,3,17,35.294118,38.603361,-8.572424,-1.524033,46.979866,STARTER,1,HIGH,False,False,234,36.531373,0.905660,1.000000,0.000000,15.880000,UNKNOWN,,False,43.000000,36.715758,36.698363,36.698363,36.698363,36.698363,682.840000,583.046235,582.770005,582.770005,582.770005,582.770005,731.000000,624.167884,623.872172,623.872172,623.872172,623.872172,DAL,TE,True
00-0040189,Oronde Gadsden II,TE,LAC,2026,LOW_SAMPLE,,23.187998,1,15,1,15,44.266667,,0.000000,0.000000,68.008949,STARTER,1,LOW,False,False,134,34.616667,0.428571,1.000000,0.000000,15.000000,UNKNOWN,,False,43.000000,44.266667,38.752381,38.752381,38.752381,38.752381,645.000000,664.000000,581.285714,581.285714,581.285714,581.285714,731.000000,752.533333,658.790476,658.790476,658.790476,658.790476,LAC,TE,True
00-0038933,Dalton Kincaid,TE,BUF,2026,RETURNING_FROM_INJURY_OR_SHORTENED,SHORTENED_PRIOR_SEASON,26.873221,3,41,3,12,47.583333,37.121875,28.181385,-28.869534,74.944072,STARTER,1,LOW,False,True,234,36.531373,0.872340,1.020000,0.000000,13.762264,UNKNOWN,,False,43.000000,41.752385,41.085872,41.907590,41.907590,41.907590,591.777358,574.607345,565.434628,576.743321,576.743321,576.743321,731.000000,709.790537,698.459830,712.429027,712.429027,712.429027,BUF,TE,True
00-0038129,Cade Otton,TE,TB,2026,ESTABLISHED,,27.382472,3,46,3,15,38.133333,37.224790,2.440695,-0.345055,54.138702,STARTER,1,HIGH,False,False,234,36.531373,0.901961,1.000000,0.000000,15.000000,UNKNOWN,,False,43.000000,37.839888,37.711602,37.711602,37.711602,37.711602,645.000000,567.598317,565.674029,565.674029,565.674029,565.674029,731.000000,643.278092,641.097233,641.097233,641.097233,641.097233,TB,TE,True
00-0034753,Mark Andrews,TE,BAL,2026,ESTABLISHED,,30.988295,3,44,3,17,24.823529,44.772353,-44.556121,-13.734672,19.239374,STARTER,1,HIGH,False,False,39,42.357143,0.897959,1.000000,0.000000,15.746429,UNKNOWN,,False,43.000000,33.599500,34.493137,34.493137,34.493137,34.493137,677.096429,529.072123,543.143715,543.143715,543.143715,543.143715,731.000000,571.191496,586.383326,586.383326,586.383326,586.383326,BAL,TE,True
00-0035229,T.J. Hockenson,TE,MIN,2026,ESTABLISHED,,29.164849,3,40,3,15,29.200000,51.975000,-43.819144,-37.082936,29.530201,STARTER,1,LOW,False,False,234,36.531373,0.888889,1.000000,0.000000,13.846154,UNKNOWN,,False,43.000000,39.174841,38.881123,38.881123,38.881123,38.881123,595.384615,542.420879,538.354004,538.354004,538.354004,538.354004,731.000000,665.972301,660.979083,660.979083,660.979083,660.979083,MIN,TE,True
00-0033881,Evan Engram,TE,DEN,2026,ESTABLISHED,RECENT_TEAM_CHANGE,31.998583,3,42,3,16,28.812500,46.187582,-37.618514,-37.221958,28.635347,STARTER,1,LOW,False,False,39,42.357143,0.893617,1.000000,0.000000,14.261111,UNKNOWN,,False,43.000000,36.480349,37.105539,37.105539,37.105539,37.105539,613.227778,520.250304,529.166221,529.166221,529.166221,529.166221,731.000000,620.165925,630.794170,630.794170,630.794170,630.794170,DEN,TE,True
00-0037809,Chig Okonkwo,TE,TEN,2026,ESTABLISHED,,26.982737,3,50,3,17,32.941176,30.329963,8.609352,4.922387,41.387025,STARTER,1,HIGH,False,False,234,36.531373,0.909091,1.000000,0.000000,16.370968,UNKNOWN,,False,43.000000,31.754376,32.188649,32.188649,32.188649,32.188649,703.951613,519.849869,526.959328,526.959328,526.959328,526.959328,731.000000,539.824396,547.207026,547.207026,547.207026,547.207026,WAS,TE,True
00-0039847,Theo Johnson,TE,NYG,2026,ASCENDING,,25.512481,2,26,2,15,35.200000,30.090909,16.978852,26.201550,46.308725,STARTER,1,HIGH,False,False,234,36.531373,0.787879,1.057643,0.000000,14.034056,UNKNOWN,,False,43.000000,33.809706,34.387029,36.369215,36.369215,36.369215,603.464396,474.487296,482.589482,510.407586,510.407586,510.407586,731.000000,574.764999,584.579494,618.276650,618.276650,618.276650,NYG,TE,True
00-0036894,Pat Freiermuth,TE,PIT,2026,ESTABLISHED,,27.853392,3,43,3,15,32.400000,34.767647,-6.809915,-19.603511,39.597315,STARTER,1,MEDIUM,False,False,234,36.531373,0.895833,1.000000,0.000000,15.000000,UNKNOWN,,False,43.000000,33.596632,33.902335,33.902335,33.902335,33.902335,645.000000,503.949486,508.535018,508.535018,508.535018,508.535018,731.000000,571.142751,576.339687,576.339687,576.339687,576.339687,PIT,TE,True
00-0039793,AJ Barner,TE,SEA,2026,ASCENDING,,24.332444,2,32,2,17,30.529412,16.333333,86.914766,57.894737,32.214765,STARTER,1,MEDIUM,False,False,134,34.616667,0.820513,1.060000,0.000000,15.941176,UNKNOWN,,False,43.000000,26.498890,27.955926,29.633282,29.633282,29.633282,685.470588,422.423475,445.650358,472.389379,472.389379,472.389379,731.000000,450.481123,475.250750,503.765795,503.765795,503.765795,SEA,TE,True
00-0034829,Mike Gesicki,TE,CIN,2026,RETURNING_FROM_INJURY_OR_SHORTENED,SHORTENED_PRIOR_SEASON,30.914372,3,43,3,12,25.583333,32.708958,-21.784934,-20.848057,20.581655,STARTER,1,MEDIUM,False,True,39,42.357143,0.877551,1.000000,0.000000,14.491818,UNKNOWN,,False,43.000000,29.932068,31.453506,31.453506,31.453506,31.453506,623.148182,433.770093,455.818491,455.818491,455.818491,455.818491,731.000000,508.845162,534.709603,534.709603,534.709603,534.709603,CIN,TE,True
00-0040736,Mason Taylor,TE,NYJ,2026,LOW_SAMPLE,SHORTENED_PRIOR_SEASON,22.317344,1,13,1,13,28.384615,,0.000000,0.000000,27.964206,STARTER,1,LOW,False,True,134,34.616667,0.393939,1.000000,0.000000,13.960000,UNKNOWN,,False,43.000000,28.384615,32.161616,32.161616,32.161616,32.161616,600.280000,396.249231,448.976162,448.976162,448.976162,448.976162,731.000000,482.538462,546.747475,546.747475,546.747475,546.747475,NYJ,TE,True
00-0033885,David Njoku,TE,CLE,2026,ESTABLISHED,SHORTENED_PRIOR_SEASON|ROLE_DROP,30.145020,3,38,3,11,26.636364,49.134659,-45.789054,-48.190373,22.818792,ROTATIONAL,2,LOW,False,True,42,14.730769,0.883721,1.000000,0.000000,11.810000,UNKNOWN,,False,14.700000,36.808353,34.241192,34.241192,34.241192,34.241192,173.607000,434.706645,404.388475,404.388475,404.388475,404.388475,249.900000,625.741995,582.100260,582.100260,582.100260,582.100260,LAC,TE,True
00-0031610,Darren Waller,TE,MIA,2026,DECLINING,LATE_CAREER|SHORTENED_PRIOR_SEASON|RECENT_TEAM_CHANGE,33.967138,2,21,2,9,31.444444,46.000000,-31.642512,-38.738739,36.465324,STARTER,1,LOW,False,True,41,38.769231,0.724138,0.904263,0.000000,12.219251,UNKNOWN,,False,43.000000,35.591181,36.467885,32.976555,32.976555,32.976555,525.427807,434.897589,445.610247,402.948811,402.948811,402.948811,731.000000,605.050081,619.954037,560.601432,560.601432,560.601432,CAR,TE,True
00-0038935,Brenton Strange,TE,JAX,2026,RETURNING_FROM_INJURY_OR_SHORTENED,SHORTENED_PRIOR_SEASON,25.679494,3,33,2,12,45.000000,20.832143,116.012344,71.779141,69.798658,STARTER,1,MEDIUM,False,True,234,36.531373,0.846154,1.020000,0.000000,12.470000,UNKNOWN,,False,43.000000,30.109398,31.097394,31.719342,31.719342,31.719342,536.210000,375.464193,387.784504,395.540195,395.540195,395.540195,731.000000,511.859766,528.655700,539.228814,539.228814,539.228814,JAX,TE,True
00-0036244,Colby Parkinson,TE,LAR,2026,ESTABLISHED,,27.650787,3,45,3,14,29.142857,17.707083,64.583046,43.680311,29.082774,STARTER,1,HIGH,False,False,234,36.531373,0.900000,1.000000,0.000000,14.802632,UNKNOWN,,False,43.000000,23.971922,25.227867,25.227867,25.227867,25.227867,636.513158,354.847537,373.438828,373.438828,373.438828,373.438828,731.000000,407.522682,428.873747,428.873747,428.873747,428.873747,LAR,TE,True
00-0037838,Isaiah Likely,TE,BAL,2026,RETURNING_FROM_INJURY_OR_SHORTENED,SHORTENED_PRIOR_SEASON,26.372184,3,41,3,12,25.583333,30.945000,-17.326439,-14.611006,20.581655,ROTATIONAL,2,MEDIUM,False,True,217,15.571429,0.872340,1.000000,0.000000,13.315094,UNKNOWN,,False,14.700000,28.881688,27.182506,27.182506,27.182506,27.182506,195.731887,384.562401,361.937631,361.937631,361.937631,361.937631,249.900000,490.988697,462.102602,462.102602,462.102602,462.102602,NYG,TE,True
00-0036290,Cole Kmet,TE,CHI,2026,ROLE_CHANGED,ROLE_DROP,27.481037,3,48,3,16,21.687500,34.984375,-38.008039,-28.624535,10.961969,ROTATIONAL,2,LOW,False,False,217,15.571429,0.827586,0.948476,0.000000,15.200000,UNKNOWN,,False,14.700000,25.948384,24.159254,22.914469,22.914469,22.914469,223.440000,394.415439,367.220659,348.299922,348.299922,348.299922,249.900000,441.122530,410.707316,389.545965,389.545965,389.545965,CHI,TE,True
00-0035644,Noah Fant,TE,CIN,2026,ESTABLISHED,SHORTENED_PRIOR_SEASON|ROLE_DROP|RECENT_TEAM_CHANGE,28.781542,3,42,3,13,22.153846,32.874286,-32.610411,-20.653206,11.633110,ROTATIONAL,2,LOW,False,True,217,15.571429,0.893617,1.000000,0.000000,13.244444,UNKNOWN,,False,14.700000,27.043054,25.822668,25.822668,25.822668,25.822668,194.693333,358.170225,342.006895,342.006895,342.006895,342.006895,249.900000,459.731916,438.985360,438.985360,438.985360,438.985360,NO,TE,True
00-0033858,Jonnu Smith,TE,PIT,2026,ROLE_CHANGED,ROLE_DROP|RECENT_TEAM_CHANGE,31.029364,3,51,3,17,13.058824,45.782353,-71.476294,-44.128298,2.013423,ROTATIONAL,2,LOW,False,False,42,14.730769,0.836066,0.920569,0.000000,16.047619,UNKNOWN,,False,14.700000,24.327952,22.754643,20.947221,20.947221,20.947221,235.900000,390.405704,365.157847,336.153017,336.153017,336.153017,249.900000,413.575182,386.828935,356.102751,356.102751,356.102751,GB,TE,True
00-0035689,Dawson Knox,TE,BUF,2026,ESTABLISHED,,29.797306,3,40,3,16,26.062500,20.949286,24.407583,9.682783,21.476510,ROTATIONAL,2,MEDIUM,False,False,217,15.571429,0.888889,1.000000,0.000000,13.923077,UNKNOWN,,False,14.700000,23.911852,22.985138,22.985138,22.985138,22.985138,204.669231,332.926552,320.023846,320.023846,320.023846,320.023846,249.900000,406.501481,390.747348,390.747348,390.747348,390.747348,BUF,TE,True
00-0032392,Austin Hooper,TE,NE,2026,RETURNING_FROM_INJURY_OR_SHORTENED,SHORTENED_PRIOR_SEASON,31.842522,3,46,3,13,20.230769,23.318750,-13.242480,-31.833845,8.948546,ROTATIONAL,2,LOW,False,True,42,14.730769,0.884615,1.000000,0.000000,14.656897,UNKNOWN,,False,14.700000,22.318619,21.443098,21.443098,21.443098,21.443098,215.456379,327.121694,314.289271,314.289271,314.289271,314.289271,249.900000,379.416528,364.532668,364.532668,364.532668,364.532668,ATL,TE,True
00-0037005,Tommy Tremble,TE,CAR,2026,ESTABLISHED,,26.248978,3,40,3,15,16.600000,19.736667,-15.892586,-12.735849,4.921700,STARTER,1,MEDIUM,False,False,234,36.531373,0.888889,1.000000,0.000000,13.846154,UNKNOWN,,False,43.000000,18.052784,20.105961,20.105961,20.105961,20.105961,595.384615,249.961625,278.390222,278.390222,278.390222,278.390222,731.000000,306.897328,341.801329,341.801329,341.801329,341.801329,CAR,TE,True
00-0040584,Gunnar Helm,TE,TEN,2026,LOW_SAMPLE,,23.987467,1,16,1,16,22.312500,,0.000000,0.000000,11.856823,ROTATIONAL,2,LOW,False,False,159,15.923077,0.444444,1.000000,0.000000,13.857143,UNKNOWN,,False,14.700000,22.312500,18.762821,18.762821,18.762821,18.762821,203.700000,309.187500,259.999084,259.999084,259.999084,259.999084,249.900000,379.312500,318.967949,318.967949,318.967949,318.967949,TEN,TE,True
00-0036637,Noah Gray,TE,KC,2026,ESTABLISHED,,27.341403,3,46,3,14,12.714286,24.425000,-47.945606,-8.472480,1.565996,ROTATIONAL,2,MEDIUM,False,False,217,15.571429,0.901961,1.000000,0.000000,14.300000,UNKNOWN,,False,14.700000,17.970914,17.735670,17.735670,17.735670,17.735670,210.210000,256.984068,253.620084,253.620084,253.620084,253.620084,249.900000,305.505535,301.506393,301.506393,301.506393,301.506393,KC,TE,True
00-0039041,Elijah Higgins,TE,ARI,2026,ASCENDING,,25.846506,3,43,3,17,17.705882,12.639697,40.081541,32.344812,5.816555,ROTATIONAL,2,MEDIUM,False,False,217,15.571429,0.860000,1.060000,0.000000,14.736364,UNKNOWN,,False,14.700000,15.836744,15.799600,16.747576,16.747576,16.747576,216.624545,233.376017,232.828647,246.798366,246.798366,246.798366,249.900000,269.224646,268.593196,284.708787,284.708787,284.708787,AZ,TE,True
00-0039066,Michael Mayer,TE,LV,2026,RETURNING_FROM_INJURY_OR_SHORTENED,SHORTENED_PRIOR_SEASON,25.156554,3,37,3,13,25.230769,17.402797,44.981114,29.594722,19.686801,ROTATIONAL,2,MEDIUM,False,True,217,15.571429,0.860465,1.020000,0.000000,12.151020,UNKNOWN,,False,14.700000,20.385653,19.713901,20.108179,20.108179,20.108179,178.620000,247.706487,239.544012,244.334892,244.334892,244.334892,249.900000,346.556103,335.136315,341.839041,341.839041,341.839041,LV,TE,True
00-0033110,Tyler Higbee,TE,LAR,2026,RETURNING_FROM_INJURY_OR_SHORTENED,LATE_CAREER|SHORTENED_PRIOR_SEASON,33.665969,3,28,2,10,28.100000,25.850000,8.704062,-14.960630,27.293065,ROTATIONAL,2,MEDIUM,False,True,25,19.750000,0.823529,1.006963,0.000000,9.215000,UNKNOWN,,False,14.700000,26.671598,25.450139,25.627355,25.627355,25.627355,135.460500,245.778774,234.523035,236.156077,236.156077,236.156077,249.900000,453.417164,432.652370,435.665037,435.665037,435.665037,LAR,TE,True
00-0034270,Tyler Conklin,TE,LAC,2026,ESTABLISHED,SHORTENED_PRIOR_SEASON|ROLE_DROP|RECENT_TEAM_CHANGE,31.092336,3,39,2,6,16.833333,31.025919,-45.744288,-64.660638,5.145414,BACKUP,3,LOW,False,True,39,7.250000,0.886364,1.000000,0.000000,10.026471,UNKNOWN,,False,4.200000,23.812650,21.930531,21.930531,21.930531,21.930531,42.111176,238.756839,219.885824,219.885824,219.885824,219.885824,71.400000,404.815057,372.819028,372.819028,372.819028,372.819028,DET,TE,True
00-0039356,Ja'Tavion Sanders,TE,CAR,2026,DEVELOPING,SHORTENED_PRIOR_SEASON|ROLE_DROP,23.434410,2,27,2,12,15.833333,22.800000,-30.555556,-1.162791,4.026846,ROTATIONAL,2,LOW,False,True,159,15.923077,0.692308,1.000000,0.000000,12.425339,UNKNOWN,,False,14.700000,17.764564,17.197953,17.197953,17.197953,17.197953,182.652489,220.730740,213.690400,213.690400,213.690400,213.690400,249.900000,301.997592,292.365197,292.365197,292.365197,292.365197,CAR,TE,True
00-0038115,Daniel Bellinger,TE,NYG,2026,RETURNING_FROM_INJURY_OR_SHORTENED,SHORTENED_PRIOR_SEASON,25.942333,3,39,3,13,22.000000,13.145833,67.353407,23.393316,11.633110,ROTATIONAL,2,MEDIUM,False,True,217,15.571429,0.866667,1.020000,0.000000,12.650000,UNKNOWN,,False,14.700000,16.503960,16.379623,16.707215,16.707215,16.707215,185.955000,208.775095,207.202225,211.346270,211.346270,211.346270,249.900000,280.567321,278.453583,284.022655,284.022655,284.022655,TEN,TE,True
00-0035249,Josh Oliver,TE,MIN,2026,ESTABLISHED,SHORTENED_PRIOR_SEASON,29.449592,3,37,3,12,13.333333,19.709615,-32.351124,-30.265387,2.237136,ROTATIONAL,2,LOW,False,True,217,15.571429,0.880952,1.000000,0.000000,12.113265,UNKNOWN,,False,14.700000,16.222817,16.145271,16.145271,16.145271,16.145271,178.065000,196.511286,195.571947,195.571947,195.571947,195.571947,249.900000,275.787888,274.469602,274.469602,274.469602,274.469602,MIN,TE,True
00-0036422,Adam Trautman,TE,DEN,2026,RETURNING_FROM_INJURY_OR_SHORTENED,SHORTENED_PRIOR_SEASON,29.570060,3,42,3,13,15.000000,13.862500,8.205591,-5.166860,2.684564,ROTATIONAL,2,MEDIUM,False,True,217,15.571429,0.875000,1.006564,0.000000,13.361111,UNKNOWN,,False,14.700000,14.383895,14.532337,14.627734,14.627734,14.627734,196.408333,192.184825,194.168170,195.442782,195.442782,195.442782,249.900000,244.526222,247.049730,248.671481,248.671481,248.671481,DEN,TE,True
00-0038558,Darnell Washington,TE,PIT,2026,RETURNING_FROM_INJURY_OR_SHORTENED,SHORTENED_PRIOR_SEASON|ROLE_DROP,25.041561,3,34,3,13,28.000000,12.668750,121.016280,96.011396,26.845638,BACKUP,3,LOW,False,True,271,7.545455,0.850000,1.020000,0.000000,10.771739,UNKNOWN,,False,4.200000,18.730175,17.052467,17.393517,17.393517,17.393517,45.241304,201.756562,183.684728,187.358423,187.358423,187.358423,71.400000,318.412980,289.891942,295.689781,295.689781,295.689781,PIT,TE,True
00-0040739,Elijah Arroyo,TE,SEA,2026,LOW_SAMPLE,SHORTENED_PRIOR_SEASON,23.409769,1,13,1,13,13.769231,,0.000000,0.000000,2.237136,ROTATIONAL,2,LOW,False,True,159,15.923077,0.393939,1.000000,0.000000,12.040000,UNKNOWN,,False,14.700000,13.769231,15.074592,15.074592,15.074592,15.074592,176.988000,165.781538,181.498089,181.498089,181.498089,181.498089,249.900000,234.076923,256.268065,256.268065,256.268065,256.268065,SEA,TE,True
00-0039144,Luke Musgrave,TE,GB,2026,RETURNING_FROM_INJURY_OR_SHORTENED,SHORTENED_PRIOR_SEASON,25.997091,3,31,2,13,19.384615,15.378571,26.049519,-0.317381,7.606264,ROTATIONAL,2,MEDIUM,False,True,217,15.571429,0.837838,1.020000,0.000000,10.630233,UNKNOWN,,False,14.700000,16.430060,16.290823,16.616639,16.616639,16.616639,156.264419,174.655360,173.175233,176.638737,176.638737,176.638737,249.900000,279.311022,276.943984,282.482863,282.482863,282.482863,GB,TE,True
00-0034613,Tanner Hudson,TE,CIN,2026,RETURNING_FROM_INJURY_OR_SHORTENED,SHORTENED_PRIOR_SEASON|ROLE_DROP,31.804192,3,31,3,10,16.800000,21.388889,-21.454545,-23.063224,5.145414,BACKUP,3,LOW,False,True,39,7.250000,0.837838,1.000000,0.000000,9.513953,UNKNOWN,,False,4.200000,19.420496,17.446902,17.446902,17.446902,17.446902,39.958605,184.765694,165.989013,165.989013,165.989013,165.989013,71.400000,330.148429,296.597333,296.597333,296.597333,296.597333,CIN,TE,True
00-0038547,Luke Schoonmaker,TE,DAL,2026,DEVELOPING,,27.927315,3,38,3,14,9.428571,14.950000,-36.932633,-31.189230,0.223714,ROTATIONAL,2,LOW,False,False,217,15.571429,0.760000,1.000000,0.000000,12.836000,UNKNOWN,,False,14.700000,11.603602,12.555880,12.555880,12.555880,12.555880,188.689200,148.943836,161.167281,161.167281,161.167281,161.167281,249.900000,197.261235,213.449967,213.449967,213.449967,213.449967,DAL,TE,True
00-0037252,Greg Dulcich,TE,MIA,2026,RETURNING_FROM_INJURY_OR_SHORTENED,SHORTENED_PRIOR_SEASON|RECENT_TEAM_CHANGE,26.435156,3,15,1,9,37.222222,8.925000,317.055711,38.364780,51.901566,ROTATIONAL,2,MEDIUM,False,True,217,15.571429,0.714286,1.020000,0.000000,8.250000,UNKNOWN,,False,14.700000,19.928687,18.683756,19.057431,19.057431,19.057431,121.275000,164.411667,154.140986,157.223806,157.223806,157.223806,249.900000,338.787677,317.623851,323.976328,323.976328,323.976328,MIA,TE,True
00-0037805,Jeremy Ruckert,TE,NYJ,2026,ESTABLISHED,,26.057325,3,38,3,14,12.785714,10.160000,25.843645,0.069013,1.789709,ROTATIONAL,2,MEDIUM,False,False,217,15.571429,0.883721,1.000000,0.000000,13.064000,UNKNOWN,,False,14.700000,11.531167,12.000965,12.000965,12.000965,12.000965,192.040800,150.643162,156.780602,156.780602,156.780602,156.780602,249.900000,196.029834,204.016399,204.016399,204.016399,204.016399,NYJ,TE,True
00-0033217,Mo Alie-Cox,TE,IND,2026,RETURNING_FROM_INJURY_OR_SHORTENED,LATE_CAREER|SHORTENED_PRIOR_SEASON,32.951375,3,37,3,11,10.636364,11.987500,-11.271211,4.393214,0.447427,ROTATIONAL,2,MEDIUM,False,True,25,19.750000,0.860465,1.000000,0.000000,11.868367,UNKNOWN,,False,14.700000,11.464620,12.620720,12.620720,12.620720,12.620720,174.465000,136.066324,149.787338,149.787338,149.787338,149.787338,249.900000,194.898544,214.552235,214.552235,214.552235,214.552235,IND,TE,True
00-0033246,Johnny Mundt,TE,JAX,2026,ESTABLISHED,SHORTENED_PRIOR_SEASON|RECENT_TEAM_CHANGE,31.774075,3,36,3,12,9.250000,12.612857,-26.662136,-23.085820,0.223714,ROTATIONAL,2,MEDIUM,False,True,42,14.730769,0.878049,1.000000,0.000000,12.225000,UNKNOWN,,False,14.700000,10.685201,11.178563,11.178563,11.178563,11.178563,179.707500,130.626580,136.657930,136.657930,136.657930,136.657930,249.900000,181.648414,190.035568,190.035568,190.035568,190.035568,PHI,TE,True
00-0037086,Grant Calcaterra,TE,PHI,2026,ESTABLISHED,SHORTENED_PRIOR_SEASON,27.743876,3,27,2,9,8.444444,17.463333,-51.644716,-18.238994,0.000000,ROTATIONAL,2,MEDIUM,False,True,217,15.571429,0.843750,1.000000,0.000000,10.546154,UNKNOWN,,False,14.700000,12.468351,12.953207,12.953207,12.953207,12.953207,155.028462,131.493150,136.606514,136.606514,136.606514,136.606514,249.900000,211.961971,220.204520,220.204520,220.204520,220.204520,PHI,TE,True
00-0039359,Cade Stover,TE,HOU,2026,RETURNING_FROM_INJURY_OR_SHORTENED,SHORTENED_PRIOR_SEASON,26.221599,2,20,1,6,12.666667,9.500000,33.333333,69.696970,1.565996,ROTATIONAL,2,MEDIUM,False,True,217,15.571429,0.769231,1.020000,0.000000,10.916667,UNKNOWN,,False,14.700000,11.172010,12.187261,12.431006,12.431006,12.431006,160.475000,121.961112,133.044262,135.705147,135.705147,135.705147,249.900000,189.924175,207.183431,211.327100,211.327100,211.327100,HOU,TE,True
00-0034981,Foster Moreau,TE,NO,2026,ESTABLISHED,SHORTENED_PRIOR_SEASON|ROLE_DROP,29.323648,3,36,2,7,8.428571,21.974279,-61.643467,-40.966950,0.000000,BACKUP,4,LOW,False,True,271,7.545455,0.878049,1.000000,0.000000,9.950000,UNKNOWN,,False,4.200000,14.379232,13.545844,13.545844,13.545844,13.545844,41.790000,143.073356,134.781151,134.781151,134.781151,134.781151,71.400000,244.446941,230.279354,230.279354,230.279354,230.279354,HOU,TE,True
00-0036754,Brock Wright,TE,DET,2026,RETURNING_FROM_INJURY_OR_SHORTENED,SHORTENED_PRIOR_SEASON,27.763041,3,28,3,8,13.500000,9.447980,42.887689,84.576271,2.237136,ROTATIONAL,2,MEDIUM,False,True,217,15.571429,0.823529,1.020000,0.000000,10.215000,UNKNOWN,,False,14.700000,11.165569,11.943074,12.181935,12.181935,12.181935,150.160500,114.056291,121.998500,124.438470,124.438470,124.438470,249.900000,189.814679,203.032256,207.092901,207.092901,207.092901,DET,TE,True
00-0037112,Jake Tonges,TE,SF,2026,RETURNING_FROM_INJURY_OR_SHORTENED,SHORTENED_PRIOR_SEASON,27.152488,2,12,1,10,29.300000,0.000000,0.000000,0.000000,29.753915,ROTATIONAL,2,MEDIUM,False,True,217,15.571429,0.666667,1.000000,0.000000,8.866667,UNKNOWN,,False,14.700000,12.818750,13.736310,13.736310,13.736310,13.736310,130.340000,113.659583,121.795278,121.795278,121.795278,121.795278,249.900000,217.918750,233.517262,233.517262,233.517262,233.517262,SF,TE,True
00-0036628,John Bates,TE,WAS,2026,RETURNING_FROM_INJURY_OR_SHORTENED,SHORTENED_PRIOR_SEASON,28.819873,3,38,3,10,10.300000,7.723333,33.362106,22.762148,0.223714,ROTATIONAL,2,MEDIUM,False,True,217,15.571429,0.863636,1.020000,0.000000,12.342000,UNKNOWN,,False,14.700000,8.742621,9.673822,9.867298,9.867298,9.867298,181.427400,107.901427,119.394310,121.782196,121.782196,121.782196,249.900000,148.624555,164.454973,167.744072,167.744072,167.744072,WAS,TE,True
00-0039074,Davis Allen,TE,LAR,2026,ASCENDING,ROLE_DROP,25.575453,3,29,1,15,13.866667,8.371429,65.642776,25.203252,2.237136,BACKUP,3,LOW,False,False,271,7.545455,0.805556,1.060000,0.000000,10.404878,UNKNOWN,,False,4.200000,11.751225,10.933436,11.589443,11.589443,11.589443,43.700488,122.270064,113.761072,120.586737,120.586737,120.586737,71.400000,199.770827,185.868419,197.020524,197.020524,197.020524,LAR,TE,True
00-0038046,Charlie Kolar,TE,BAL,2026,RETURNING_FROM_INJURY_OR_SHORTENED,SHORTENED_PRIOR_SEASON,27.557698,3,32,3,13,10.923077,11.898333,-8.196580,8.342362,0.671141,BACKUP,3,MEDIUM,False,True,271,7.545455,0.842105,1.000000,0.000000,10.036364,UNKNOWN,,False,4.200000,11.543955,10.912613,10.912613,10.912613,10.912613,42.152727,115.859333,109.522953,109.522953,109.522953,109.522953,71.400000,196.247239,185.514421,185.514421,185.514421,185.514421,LAC,TE,True
00-0040737,Terrance Ferguson,TE,LAR,2026,LOW_SAMPLE,SHORTENED_PRIOR_SEASON,23.489168,1,11,1,11,21.000000,,0.000000,0.000000,9.843400,BACKUP,4,LOW,False,True,196,7.416667,0.354839,1.000000,0.000000,8.913043,UNKNOWN,,False,4.200000,21.000000,12.236559,12.236559,12.236559,12.236559,37.434783,187.173913,109.064984,109.064984,109.064984,109.064984,71.400000,357.000000,208.021505,208.021505,208.021505,208.021505,LAR,TE,True
00-0040194,Jackson Hawes,TE,BUF,2026,LOW_SAMPLE,SHORTENED_PRIOR_SEASON,25.736990,1,13,1,13,14.384615,,0.000000,0.000000,2.237136,BACKUP,3,LOW,False,True,271,7.545455,0.393939,1.000000,0.000000,10.600000,UNKNOWN,,False,4.200000,14.384615,10.239669,10.239669,10.239669,10.239669,44.520000,152.476923,108.540496,108.540496,108.540496,108.540496,71.400000,244.538462,174.074380,174.074380,174.074380,174.074380,BUF,TE,True
00-0036876,Kylen Granson,TE,PHI,2026,ESTABLISHED,SHORTENED_PRIOR_SEASON|ROLE_DROP|RECENT_TEAM_CHANGE,28.433828,3,43,3,12,3.333333,15.980417,-79.141136,-69.085444,0.000000,BACKUP,3,LOW,False,True,271,7.545455,0.895833,1.000000,0.000000,12.417273,UNKNOWN,,False,4.200000,8.677229,8.559336,8.559336,8.559336,8.559336,52.152545,107.747520,106.283608,106.283608,106.283608,106.283608,71.400000,147.512894,145.508710,145.508710,145.508710,145.508710,TEN,TE,True
00-0035631,Drew Sample,TE,CIN,2026,RETURNING_FROM_INJURY_OR_SHORTENED,SHORTENED_PRIOR_SEASON,30.377742,3,37,3,12,8.833333,10.515909,-16.000288,-15.611814,0.223714,BACKUP,4,MEDIUM,False,True,39,7.250000,0.860465,1.000000,0.000000,11.095918,UNKNOWN,,False,4.200000,9.827833,9.468135,9.468135,9.468135,9.468135,46.602857,109.048832,105.057657,105.057657,105.057657,105.057657,71.400000,167.073160,160.958300,160.958300,160.958300,160.958300,CIN,TE,True
00-0040187,Mitchell Evans,TE,CAR,2026,LOW_SAMPLE,,23.459051,1,14,1,14,12.214286,,0.000000,0.000000,1.565996,BACKUP,3,LOW,False,False,196,7.416667,0.411765,1.000000,0.000000,10.769231,UNKNOWN,,False,4.200000,12.214286,9.392157,9.392157,9.392157,9.392157,45.230769,131.538462,101.146305,101.146305,101.146305,101.146305,71.400000,207.642857,159.666667,159.666667,159.666667,159.666667,CAR,TE,True
00-0037475,Stone Smartt,TE,NYJ,2026,ESTABLISHED,SHORTENED_PRIOR_SEASON|ROLE_DROP|RECENT_TEAM_CHANGE,27.910888,3,27,2,6,8.666667,19.543056,-55.653472,-24.422673,0.223714,BACKUP,3,LOW,False,True,271,7.545455,0.843750,1.000000,0.000000,7.861538,UNKNOWN,,False,4.200000,13.484428,12.556464,12.556464,12.556464,12.556464,33.018462,106.008352,98.713122,98.713122,98.713122,98.713122,71.400000,229.235281,213.459882,213.459882,213.459882,213.459882,NO,TE,True
00-0038720,Julian Hill,TE,MIA,2026,RETURNING_FROM_INJURY_OR_SHORTENED,SHORTENED_PRIOR_SEASON|ROLE_DROP,26.147676,3,35,3,11,12.727273,6.322857,101.289899,51.876763,1.565996,BACKUP,3,LOW,False,True,271,7.545455,0.853659,1.020000,0.000000,10.941489,UNKNOWN,,False,4.200000,8.846057,8.655725,8.828840,8.828840,8.828840,45.954255,96.789043,94.706526,96.600657,96.600657,96.600657,71.400000,150.382976,147.147330,150.090277,150.090277,150.090277,NE,TE,True
00-0036887,Luke Farrell,TE,SF,2026,ESTABLISHED,SHORTENED_PRIOR_SEASON|RECENT_TEAM_CHANGE,28.882845,3,35,3,13,6.538462,9.054167,-27.785054,-25.515407,0.000000,BACKUP,3,LOW,False,True,271,7.545455,0.875000,1.000000,0.000000,11.164894,UNKNOWN,,False,4.200000,7.582826,7.578155,7.578155,7.578155,7.578155,46.892553,84.661448,84.609292,84.609292,84.609292,84.609292,71.400000,128.908046,128.828631,128.828631,128.828631,128.828631,SF,TE,True
00-0039530,Brevyn Spann-Ford,TE,DAL,2026,DEVELOPING,,26.681568,2,27,2,16,5.625000,8.000000,-29.687500,-36.160714,0.000000,BACKUP,3,LOW,False,False,271,7.545455,0.692308,1.000000,0.000000,12.316742,UNKNOWN,,False,4.200000,6.299434,6.682825,6.682825,6.682825,6.682825,51.730317,77.588505,82.310632,82.310632,82.310632,82.310632,71.400000,107.090379,113.608025,113.608025,113.608025,113.608025,DAL,TE,True
00-0036534,Shane Zylstra,TE,DET,2026,RETURNING_FROM_INJURY_OR_SHORTENED,SHORTENED_PRIOR_SEASON,29.791830,2,3,0,1,20.000000,11.000000,81.818182,900.000000,8.724832,BACKUP,4,MEDIUM,False,True,271,7.545455,0.333333,1.020000,0.000000,6.706667,UNKNOWN,,False,4.200000,20.562500,11.884470,12.122159,12.122159,12.122159,28.168000,137.905833,79.705177,81.299280,81.299280,81.299280,71.400000,349.562500,202.035985,206.076705,206.076705,206.076705,NE,TE,True
00-0039050,Payne Durham,TE,TB,2026,DEVELOPING,SHORTENED_PRIOR_SEASON,26.213386,3,22,2,8,1.375000,12.727083,-89.196268,-67.654987,0.000000,ROTATIONAL,2,LOW,False,True,217,15.571429,0.647059,1.000000,0.000000,9.217647,UNKNOWN,,False,14.700000,5.116974,8.806781,8.806781,8.806781,8.806781,135.499412,47.166457,81.177801,81.177801,81.177801,81.177801,249.900000,86.988551,149.715281,149.715281,149.715281,149.715281,TB,TE,True
00-0038589,Josh Whyle,TE,GB,2026,DEVELOPING,SHORTENED_PRIOR_SEASON|ROLE_DROP|RECENT_TEAM_CHANGE,26.982737,3,30,2,6,6.000000,14.402222,-58.339762,-54.268293,0.000000,BACKUP,4,LOW,False,True,271,7.545455,0.714286,1.000000,0.000000,8.821429,UNKNOWN,,False,4.200000,9.030839,8.606444,8.606444,8.606444,8.606444,37.050000,79.664904,75.921128,75.921128,75.921128,75.921128,71.400000,153.524269,146.309543,146.309543,146.309543,146.309543,GB,TE,True
00-0038394,Will Mallory,TE,IND,2026,RETURNING_FROM_INJURY_OR_SHORTENED,SHORTENED_PRIOR_SEASON,27.196294,3,19,1,1,16.000000,9.279221,72.428272,-36.311001,4.474273,BACKUP,4,LOW,False,True,271,7.545455,0.760000,1.020000,0.000000,6.712903,UNKNOWN,,False,4.200000,12.004845,10.934591,11.153283,11.153283,11.153283,28.194194,80.587364,73.402854,74.870911,74.870911,74.870911,71.400000,204.082368,185.888054,189.605815,189.605815,189.605815,IND,TE,True
00-0036429,Charlie Woerner,TE,ATL,2026,RETURNING_FROM_INJURY_OR_SHORTENED,SHORTENED_PRIOR_SEASON,28.877369,3,29,2,7,6.857143,3.611667,89.860901,70.293283,0.000000,ROTATIONAL,2,MEDIUM,False,True,217,15.571429,0.828571,1.020000,0.000000,10.408537,UNKNOWN,,False,14.700000,5.099857,6.894984,7.032883,7.032883,7.032883,153.005488,53.082050,71.766690,73.202024,73.202024,73.202024,249.900000,86.697571,117.214722,119.559017,119.559017,119.559017,ATL,TE,True
00-0036423,Albert Okwuegbunam,TE,LV,2026,RETURNING_FROM_INJURY_OR_SHORTENED,SHORTENED_PRIOR_SEASON|RECENT_TEAM_CHANGE,28.354429,2,2,0,1,36.000000,0.000000,0.000000,500.000000,49.888143,BACKUP,4,MEDIUM,False,True,271,7.545455,0.250000,1.000000,0.000000,7.000000,UNKNOWN,,False,4.200000,16.125000,9.690341,9.690341,9.690341,9.690341,29.400000,112.875000,67.832386,67.832386,67.832386,67.832386,71.400000,274.125000,164.735795,164.735795,164.735795,164.735795,LV,TE,True
00-0034798,Durham Smythe,TE,CHI,2026,ESTABLISHED,SHORTENED_PRIOR_SEASON|RECENT_TEAM_CHANGE,31.064957,3,34,2,7,3.571429,12.314560,-70.998327,-55.975730,0.000000,BACKUP,3,LOW,False,True,39,7.250000,0.871795,1.000000,0.000000,9.478261,UNKNOWN,,False,4.200000,6.991893,7.024984,7.024984,7.024984,7.024984,39.808696,66.270986,66.584627,66.584627,66.584627,66.584627,71.400000,118.862181,119.424722,119.424722,119.424722,119.424722,BAL,TE,True
00-0038783,Nate Adkins,TE,DEN,2026,RETURNING_FROM_INJURY_OR_SHORTENED,SHORTENED_PRIOR_SEASON,27.149750,3,26,1,6,8.000000,6.523333,22.636689,83.333333,0.000000,BACKUP,3,MEDIUM,False,True,271,7.545455,0.812500,1.018109,0.000000,8.923684,UNKNOWN,,False,4.200000,7.257374,7.311389,7.443793,7.443793,7.443793,37.479474,64.762511,65.244526,66.426062,66.426062,66.426062,71.400000,123.375354,124.293611,126.544488,126.544488,126.544488,DEN,TE,True
00-0037282,James Mitchell,TE,CAR,2026,RETURNING_FROM_INJURY_OR_SHORTENED,SHORTENED_PRIOR_SEASON|RECENT_TEAM_CHANGE,27.059399,2,4,0,2,14.000000,14.000000,0.000000,50.000000,2.237136,BACKUP,4,MEDIUM,False,True,271,7.545455,0.400000,1.000000,0.000000,6.500000,UNKNOWN,,False,4.200000,14.145833,10.185606,10.185606,10.185606,10.185606,27.300000,91.947917,66.206439,66.206439,66.206439,66.206439,71.400000,240.479167,173.155303,173.155303,173.155303,173.155303,CAR,TE,True
00-0037292,Andrew Ogletree,TE,IND,2026,ESTABLISHED,SHORTENED_PRIOR_SEASON,28.097066,3,34,3,11,2.454545,10.581439,-76.803293,-61.763144,0.000000,BACKUP,3,LOW,False,True,271,7.545455,0.871795,1.000000,0.000000,10.439130,UNKNOWN,,False,4.200000,5.931599,6.138504,6.138504,6.138504,6.138504,43.844348,61.920736,64.080640,64.080640,64.080640,64.080640,71.400000,100.837183,104.354561,104.354561,104.354561,104.354561,IND,TE,True
00-0039912,Ben Sinnott,TE,WAS,2026,RETURNING_FROM_INJURY_OR_SHORTENED,SHORTENED_PRIOR_SEASON,24.217451,2,16,1,9,12.666667,4.000000,216.666667,102.222222,1.565996,BACKUP,3,MEDIUM,False,True,196,7.416667,0.727273,1.020000,0.000000,7.533333,UNKNOWN,,False,4.200000,8.188706,7.978150,8.137713,8.137713,8.137713,31.640000,61.688250,60.102061,61.304102,61.304102,61.304102,71.400000,139.207998,135.628544,138.341115,138.341115,138.341115,WAS,TE,True
00-0037539,Lucas Krull,TE,DEN,2026,DEVELOPING,SHORTENED_PRIOR_SEASON|ROLE_DROP,28.143610,3,19,1,2,7.500000,14.630000,-48.735475,-8.883827,0.000000,BACKUP,4,LOW,False,True,271,7.545455,0.612903,1.000000,0.000000,6.253226,UNKNOWN,,False,4.200000,9.997634,9.048403,9.048403,9.048403,9.048403,26.263548,62.517466,56.581710,56.581710,56.581710,56.581710,71.400000,169.959785,153.822859,153.822859,153.822859,153.822859,DEN,TE,True
00-0034365,Ian Thomas,TE,LV,2026,RETURNING_FROM_INJURY_OR_SHORTENED,SHORTENED_PRIOR_SEASON|RECENT_TEAM_CHANGE,30.238109,3,20,2,9,12.666667,3.966667,219.327731,-14.719147,1.565996,BACKUP,3,MEDIUM,False,True,39,7.250000,0.769231,1.020000,0.000000,6.968750,UNKNOWN,,False,4.200000,7.641146,7.550881,7.701899,7.701899,7.701899,29.268750,53.249233,52.620203,53.672607,53.672607,53.672607,71.400000,129.899474,128.364980,130.932280,130.932280,130.932280,LV,TE,True
00-0036590,Quintin Morris,TE,JAX,2026,ESTABLISHED,SHORTENED_PRIOR_SEASON|RECENT_TEAM_CHANGE,27.612456,3,23,2,11,5.000000,6.890000,-27.431060,-21.705089,0.000000,BACKUP,4,MEDIUM,False,True,271,7.545455,0.821429,1.000000,0.000000,8.887143,UNKNOWN,,False,4.200000,5.710042,6.037794,6.037794,6.037794,6.037794,37.326000,50.745956,53.658738,53.658738,53.658738,53.658738,71.400000,97.070708,102.642497,102.642497,102.642497,102.642497,JAX,TE,True
00-0039489,Hayden Rucci,TE,MIA,2026,LOW_SAMPLE,SHORTENED_PRIOR_SEASON,25.594619,1,1,0,1,0.000000,,0.000000,0.000000,0.000000,BACKUP,5,LOW,False,True,271,7.545455,0.047619,1.000000,0.000000,7.461538,UNKNOWN,,False,4.200000,0.000000,7.186147,7.186147,7.186147,7.186147,31.338462,0.000000,53.619714,53.619714,53.619714,53.619714,71.400000,0.000000,122.164502,122.164502,122.164502,122.164502,JAX,TE,True
00-0037348,Tanner Conner,TE,MIA,2026,RETURNING_FROM_INJURY_OR_SHORTENED,SHORTENED_PRIOR_SEASON,28.452994,2,12,1,8,11.375000,4.000000,184.375000,87.500000,1.118568,BACKUP,4,MEDIUM,False,True,271,7.545455,0.666667,1.020000,0.000000,6.933333,UNKNOWN,,False,4.200000,7.574479,7.564804,7.716100,7.716100,7.716100,29.120000,52.516389,52.449310,53.498296,53.498296,53.498296,71.400000,128.766146,128.601673,131.173706,131.173706,131.173706,NYG,TE,True
00-0037004,Hunter Long,TE,JAX,2026,RETURNING_FROM_INJURY_OR_SHORTENED,SHORTENED_PRIOR_SEASON|RECENT_TEAM_CHANGE,28.036832,3,19,1,7,12.142857,3.545455,242.490842,356.654457,1.565996,BACKUP,3,MEDIUM,False,True,271,7.545455,0.760000,1.020000,0.000000,7.448387,UNKNOWN,,False,4.200000,6.794372,6.974632,7.114125,7.114125,7.114125,31.283226,50.607115,51.949759,52.988754,52.988754,52.988754,71.400000,115.504329,118.568745,120.940119,120.940119,120.940119,AZ,TE,True
00-0039754,Devin Culp,TE,TB,2026,LOW_SAMPLE,SHORTENED_PRIOR_SEASON,26.580265,2,6,0,4,1.500000,44.000000,-96.590909,-91.666667,0.000000,BACKUP,3,LOW,False,True,271,7.545455,0.230769,1.000000,0.000000,6.431373,UNKNOWN,,False,4.200000,9.914609,8.092183,8.092183,8.092183,8.092183,27.011765,63.764545,52.043840,52.043840,52.043840,52.043840,71.400000,168.548354,137.567103,137.567103,137.567103,137.567103,TB,TE,True
00-0038809,Ben Sims,TE,MIN,2026,RETURNING_FROM_INJURY_OR_SHORTENED,SHORTENED_PRIOR_SEASON|RECENT_TEAM_CHANGE,26.295523,3,13,0,3,10.000000,8.050000,24.223602,72.043011,0.223714,BACKUP,3,MEDIUM,False,True,271,7.545455,0.684211,1.019379,0.000000,5.998000,UNKNOWN,,False,4.200000,8.947500,8.504749,8.669561,8.669561,8.669561,25.191600,53.667105,51.011483,52.000029,52.000029,52.000029,71.400000,152.107500,144.580730,147.382543,147.382543,147.382543,MIA,TE,True
00-0037340,Zaire Mitchell-Paden,TE,NO,2026,LOW_SAMPLE,SHORTENED_PRIOR_SEASON,27.034758,1,3,0,3,5.666667,,0.000000,0.000000,0.000000,BACKUP,5,LOW,False,True,271,7.545455,0.130435,1.000000,0.000000,7.000000,UNKNOWN,,False,4.200000,5.666667,7.300395,7.300395,7.300395,7.300395,29.400000,39.666667,51.102767,51.102767,51.102767,51.102767,71.400000,96.333333,124.106719,124.106719,124.106719,124.106719,HOU,TE,True
00-0037755,Jelani Woods,TE,NYJ,2026,LOW_SAMPLE,SHORTENED_PRIOR_SEASON,27.897198,1,2,0,2,2.000000,,0.000000,0.000000,0.000000,BACKUP,4,LOW,False,True,271,7.545455,0.090909,1.000000,0.000000,7.142857,UNKNOWN,,False,4.200000,2.000000,7.041322,7.041322,7.041322,7.041322,30.000000,14.285714,50.295159,50.295159,50.295159,50.295159,71.400000,34.000000,119.702479,119.702479,119.702479,119.702479,NYJ,TE,True
00-0040363,Keleki Latu,TE,BUF,2026,LOW_SAMPLE,SHORTENED_PRIOR_SEASON,24.053177,1,3,0,3,11.666667,,0.000000,0.000000,1.342282,BACKUP,4,LOW,False,True,196,7.416667,0.130435,1.000000,0.000000,6.200000,UNKNOWN,,False,4.200000,11.666667,7.971014,7.971014,7.971014,7.971014,26.040000,72.333333,49.420290,49.420290,49.420290,49.420290,71.400000,198.333333,135.507246,135.507246,135.507246,135.507246,BUF,TE,True
00-0040244,Moliki Matavao,TE,NO,2026,LOW_SAMPLE,SHORTENED_PRIOR_SEASON,23.461789,1,1,0,1,10.000000,,0.000000,0.000000,0.223714,BACKUP,6,LOW,False,True,196,7.416667,0.047619,1.000000,0.000000,6.538462,UNKNOWN,,False,4.200000,10.000000,7.539683,7.539683,7.539683,7.539683,27.461538,65.384615,49.297924,49.297924,49.297924,49.297924,71.400000,170.000000,128.174603,128.174603,128.174603,128.174603,NO,TE,True
00-0037031,Nikola Kalinic,TE,CHI,2026,LOW_SAMPLE,SHORTENED_PRIOR_SEASON,29.611128,1,2,0,2,0.000000,,0.000000,0.000000,0.000000,BACKUP,4,LOW,False,True,271,7.545455,0.090909,1.000000,0.000000,7.142857,UNKNOWN,,False,4.200000,0.000000,6.859504,6.859504,6.859504,6.859504,30.000000,0.000000,48.996458,48.996458,48.996458,48.996458,71.400000,0.000000,116.611570,116.611570,116.611570,116.611570,CHI,TE,True
00-0040628,Drake Dabney,TE,GB,2026,LOW_SAMPLE,SHORTENED_PRIOR_SEASON,24.302327,1,1,0,1,3.000000,,0.000000,0.000000,0.000000,BACKUP,5,LOW,False,True,196,7.416667,0.047619,1.000000,0.000000,6.538462,UNKNOWN,,False,4.200000,3.000000,7.206349,7.206349,7.206349,7.206349,27.461538,19.615385,47.118437,47.118437,47.118437,47.118437,71.400000,51.000000,122.507937,122.507937,122.507937,122.507937,GB,TE,True
00-0040488,Carter Runyon,TE,LV,2026,LOW_SAMPLE,SHORTENED_PRIOR_SEASON,25.110009,1,3,0,3,1.000000,,0.000000,0.000000,0.000000,BACKUP,5,LOW,False,True,271,7.545455,0.130435,1.000000,0.000000,7.000000,UNKNOWN,,False,4.200000,1.000000,6.691700,6.691700,6.691700,6.691700,29.400000,7.000000,46.841897,46.841897,46.841897,46.841897,71.400000,17.000000,113.758893,113.758893,113.758893,113.758893,LV,TE,True
00-0039824,Jared Wiley,TE,KC,2026,LOW_SAMPLE,SHORTENED_PRIOR_SEASON,25.830079,2,3,0,2,2.000000,7.000000,-71.428571,-50.000000,0.000000,BACKUP,3,LOW,False,True,271,7.545455,0.130435,1.000000,0.000000,6.729412,UNKNOWN,,False,4.200000,3.046296,6.958608,6.958608,6.958608,6.958608,28.263529,20.499782,46.827337,46.827337,46.827337,46.827337,71.400000,51.787037,118.296333,118.296333,118.296333,118.296333,KC,TE,True
00-0040225,Thomas Fidone II,TE,NYG,2026,LOW_SAMPLE,SHORTENED_PRIOR_SEASON,23.949137,1,1,0,1,0.000000,,0.000000,0.000000,0.000000,BACKUP,4,LOW,False,True,196,7.416667,0.047619,1.000000,0.000000,6.538462,UNKNOWN,,False,4.200000,0.000000,7.063492,7.063492,7.063492,7.063492,27.461538,0.000000,46.184371,46.184371,46.184371,46.184371,71.400000,0.000000,120.079365,120.079365,120.079365,120.079365,NYG,TE,True
00-0038564,Cameron Latu,TE,PHI,2026,LOW_SAMPLE,SHORTENED_PRIOR_SEASON,26.520031,1,10,1,10,0.000000,,0.000000,0.000000,0.000000,BACKUP,4,LOW,False,True,271,7.545455,0.333333,1.000000,0.000000,8.909091,UNKNOWN,,False,4.200000,0.000000,5.030303,5.030303,5.030303,5.030303,37.418182,0.000000,44.815427,44.815427,44.815427,44.815427,71.400000,0.000000,85.515152,85.515152,85.515152,85.515152,NE,TE,True
00-0038498,E.J. Jenkins,TE,PHI,2026,LOW_SAMPLE,SHORTENED_PRIOR_SEASON,27.828751,2,3,0,1,0.000000,3.500000,-100.000000,-100.000000,0.000000,BACKUP,5,LOW,False,True,271,7.545455,0.130435,1.000000,0.000000,6.670588,UNKNOWN,,False,4.200000,0.626543,6.642988,6.642988,6.642988,6.642988,28.016471,4.179412,44.312637,44.312637,44.312637,44.312637,71.400000,10.651235,112.930793,112.930793,112.930793,112.930793,PHI,TE,True
00-0039305,Jack Westover,TE,NE,2026,LOW_SAMPLE,SHORTENED_PRIOR_SEASON,27.231887,1,4,0,4,0.000000,,0.000000,0.000000,0.000000,BACKUP,3,LOW,False,True,271,7.545455,0.166667,1.000000,0.000000,7.000000,UNKNOWN,,False,4.200000,0.000000,6.287879,6.287879,6.287879,6.287879,29.400000,0.000000,44.015152,44.015152,44.015152,44.015152,71.400000,0.000000,106.893939,106.893939,106.893939,106.893939,WAS,TE,True
00-0040058,Nick Kallerup,TE,SEA,2026,LOW_SAMPLE,SHORTENED_PRIOR_SEASON,25.433082,1,4,0,4,0.000000,,0.000000,0.000000,0.000000,BACKUP,4,LOW,False,True,271,7.545455,0.166667,1.000000,0.000000,7.000000,UNKNOWN,,False,4.200000,0.000000,6.287879,6.287879,6.287879,6.287879,29.400000,0.000000,44.015152,44.015152,44.015152,44.015152,71.400000,0.000000,106.893939,106.893939,106.893939,106.893939,SEA,TE,True
00-0039631,Cam Grandy,TE,CIN,2026,LOW_SAMPLE,SHORTENED_PRIOR_SEASON,26.785608,2,6,0,2,3.500000,7.000000,-50.000000,-20.000000,0.000000,BACKUP,5,MEDIUM,False,True,271,7.545455,0.230769,1.000000,0.000000,6.235294,UNKNOWN,,False,4.200000,4.255093,6.786140,6.786140,6.786140,6.786140,26.188235,26.531754,42.313580,42.313580,42.313580,42.313580,71.400000,72.336574,115.364384,115.364384,115.364384,115.364384,MIN,TE,True
00-0040509,Ben Yurosek,TE,MIN,2026,LOW_SAMPLE,SHORTENED_PRIOR_SEASON,24.461125,1,6,0,6,2.333333,,0.000000,0.000000,0.000000,BACKUP,4,LOW,False,True,196,7.416667,0.230769,1.000000,0.000000,6.666667,UNKNOWN,,False,4.200000,2.333333,6.243590,6.243590,6.243590,6.243590,28.000000,15.555556,41.623932,41.623932,41.623932,41.623932,71.400000,39.666667,106.141026,106.141026,106.141026,106.141026,MIN,TE,True
00-0037277,Teagan Quitoriano,TE,ATL,2026,LOW_SAMPLE,SHORTENED_PRIOR_SEASON|RECENT_TEAM_CHANGE,26.465273,2,5,0,2,0.000000,11.000000,-100.000000,-100.000000,0.000000,BACKUP,4,LOW,False,True,271,7.545455,0.200000,1.000000,0.000000,6.339100,UNKNOWN,,False,4.200000,1.969136,6.430191,6.430191,6.430191,6.430191,26.624221,12.482549,40.761625,40.761625,40.761625,40.761625,71.400000,33.475309,109.313244,109.313244,109.313244,109.313244,AZ,TE,True
00-0039737,Tip Reiman,TE,ARI,2026,RETURNING_FROM_INJURY_OR_SHORTENED,SHORTENED_PRIOR_SEASON,24.956686,2,11,1,3,6.000000,4.625000,29.729730,90.476190,0.000000,BACKUP,4,MEDIUM,False,True,196,7.416667,0.647059,1.020000,0.000000,6.362319,UNKNOWN,,False,4.200000,5.395908,6.109117,6.231299,6.231299,6.231299,26.721739,34.330485,38.868149,39.645512,39.645512,39.645512,71.400000,91.730432,103.854985,105.932085,105.932085,105.932085,AZ,TE,True
00-0038735,Princeton Fant,TE,DAL,2026,RETURNING_FROM_INJURY_OR_SHORTENED,SHORTENED_PRIOR_SEASON,27.478299,2,2,0,1,0.000000,0.000000,0.000000,0.000000,0.000000,BACKUP,4,MEDIUM,False,True,271,7.545455,0.250000,1.000000,0.000000,7.000000,UNKNOWN,,False,4.200000,0.000000,5.659091,5.659091,5.659091,5.659091,29.400000,0.000000,39.613636,39.613636,39.613636,39.613636,71.400000,0.000000,96.204545,96.204545,96.204545,96.204545,DAL,TE,True
00-0039458,Brenden Bates,TE,CLE,2026,RETURNING_FROM_INJURY_OR_SHORTENED,SHORTENED_PRIOR_SEASON,26.878697,2,6,0,5,9.600000,0.000000,0.000000,0.000000,0.223714,BACKUP,4,MEDIUM,False,True,271,7.545455,0.500000,1.000000,0.000000,6.288889,UNKNOWN,,False,4.200000,4.800000,6.172727,6.172727,6.172727,6.172727,26.413333,30.186667,38.819596,38.819596,38.819596,38.819596,71.400000,81.600000,104.936364,104.936364,104.936364,104.936364,CLE,TE,True
00-0033576,Eric Saubert,TE,SEA,2026,DECLINING,LATE_CAREER|SHORTENED_PRIOR_SEASON|ROLE_DROP|RECENT_TEAM_CHANGE,32.316180,3,24,2,9,3.444444,6.654167,-48.236276,-29.824561,0.000000,BACKUP,3,LOW,False,True,23,5.600000,0.750000,0.917471,0.000000,8.333333,UNKNOWN,,False,4.200000,4.618723,4.864042,4.462615,4.462615,4.462615,35.000000,38.489356,40.533684,37.188461,37.188461,37.188461,71.400000,78.518286,82.688715,75.864461,75.864461,75.864461,SEA,TE,True
00-0038710,Blake Whiteheart,TE,CLE,2026,DEVELOPING,SHORTENED_PRIOR_SEASON,26.446108,2,16,1,9,0.444444,7.285714,-93.899782,-48.148148,0.000000,BACKUP,3,LOW,False,True,271,7.545455,0.571429,1.000000,0.000000,8.168067,UNKNOWN,,False,4.200000,2.189558,4.484942,4.484942,4.484942,4.484942,34.305882,17.884454,36.633308,36.633308,36.633308,36.633308,71.400000,37.222479,76.244014,76.244014,76.244014,76.244014,CLE,TE,True
00-0036741,Jack Stoll,TE,NO,2026,RETURNING_FROM_INJURY_OR_SHORTENED,SHORTENED_PRIOR_SEASON|RECENT_TEAM_CHANGE,28.592627,3,20,1,9,5.111111,3.516667,45.339652,42.671855,0.000000,BACKUP,3,MEDIUM,False,True,271,7.545455,0.769231,1.020000,0.000000,7.156250,UNKNOWN,,False,4.200000,4.067953,4.870453,4.967862,4.967862,4.967862,30.056250,29.111288,34.854181,35.551265,35.551265,35.551265,71.400000,69.155199,82.797705,84.453659,84.453659,84.453659,CLE,TE,True
00-0036332,Josiah Deguara,TE,ARI,2026,RETURNING_FROM_INJURY_OR_SHORTENED,SHORTENED_PRIOR_SEASON|RECENT_TEAM_CHANGE,29.545418,3,23,1,7,3.000000,3.827778,-21.625544,21.130552,0.000000,BACKUP,3,MEDIUM,False,True,271,7.545455,0.793103,1.000000,0.000000,7.671429,UNKNOWN,,False,4.200000,3.404233,4.261037,4.261037,4.261037,4.261037,32.220000,26.115329,32.688243,32.688243,32.688243,32.688243,71.400000,57.871958,72.437634,72.437634,72.437634,72.437634,NYG,TE,True
00-0038590,Justin Shorter,TE,LV,2026,RETURNING_FROM_INJURY_OR_SHORTENED,SHORTENED_PRIOR_SEASON,26.374922,2,4,0,3,0.000000,0.000000,0.000000,0.000000,0.000000,BACKUP,6,MEDIUM,False,True,271,7.545455,0.400000,1.000000,0.000000,6.483333,UNKNOWN,,False,4.200000,0.000000,4.527273,4.527273,4.527273,4.527273,27.230000,0.000000,29.351818,29.351818,29.351818,29.351818,71.400000,0.000000,76.963636,76.963636,76.963636,76.963636,LV,TE,True
00-0039648,David Martin-Robinson,TE,TEN,2026,RETURNING_FROM_INJURY_OR_SHORTENED,SHORTENED_PRIOR_SEASON,26.684306,2,15,1,11,2.727273,1.500000,81.818182,9.090909,0.000000,BACKUP,3,MEDIUM,False,True,271,7.545455,0.714286,1.020000,0.000000,7.592593,UNKNOWN,,False,4.200000,2.107955,3.661526,3.734756,3.734756,3.734756,31.888889,16.004840,27.800475,28.356484,28.356484,28.356484,71.400000,35.835227,62.245942,63.490860,63.490860,63.490860,TEN,TE,True
00-0033439,Pharaoh Brown,TE,ARI,2026,DECLINING,LATE_CAREER|SHORTENED_PRIOR_SEASON|RECENT_TEAM_CHANGE,32.329870,3,26,2,5,0.200000,10.843182,-98.155523,-68.185105,0.000000,BACKUP,5,LOW,False,True,23,5.600000,0.764706,0.917361,0.000000,7.273684,UNKNOWN,,False,4.200000,3.268166,3.816832,3.501413,3.501413,3.501413,30.549474,23.771604,27.762434,25.468175,25.468175,25.468175,71.400000,55.558814,64.886152,59.524028,59.524028,59.524028,IND,TE,True
00-0033757,Robert Tonyan,TE,KC,2026,DECLINING,LATE_CAREER|SHORTENED_PRIOR_SEASON|ROLE_DROP|RECENT_TEAM_CHANGE,32.340822,2,14,1,2,0.500000,9.333333,-94.642857,-64.705882,0.000000,BACKUP,4,LOW,False,True,23,5.600000,0.636364,0.917273,0.000000,6.208145,UNKNOWN,,False,4.200000,2.696786,3.752500,3.442069,3.442069,3.442069,26.074208,16.742036,23.296063,21.368860,21.368860,21.368860,71.400000,45.845358,63.792500,58.515165,58.515165,58.515165,PIT,TE,True
00-0039686,Colson Yankoff,TE,WAS,2026,RETURNING_FROM_INJURY_OR_SHORTENED,SHORTENED_PRIOR_SEASON,26.503604,2,14,1,10,1.800000,0.000000,0.000000,0.000000,0.000000,BACKUP,4,MEDIUM,False,True,271,7.545455,0.700000,1.000000,0.000000,7.353846,UNKNOWN,,False,4.200000,0.787500,2.814886,2.814886,2.814886,2.814886,30.886154,5.791154,20.700241,20.700241,20.700241,20.700241,71.400000,13.387500,47.853068,47.853068,47.853068,47.853068,WAS,TE,True
00-0037311,Ko Kieft,TE,TB,2026,DEVELOPING,SHORTENED_PRIOR_SEASON,28.614530,3,15,1,2,0.000000,0.070000,-100.000000,-100.000000,0.000000,BACKUP,4,LOW,False,True,271,7.545455,0.555556,1.000000,0.000000,5.500000,UNKNOWN,,False,4.200000,0.015500,3.362146,3.362146,3.362146,3.362146,23.100000,0.085250,18.491806,18.491806,18.491806,18.491806,71.400000,0.263500,57.156490,57.156490,57.156490,57.156490,TB,TE,True
00-0031484,Chris Manhertz,TE,NYG,2026,DECLINING,LATE_CAREER|SHORTENED_PRIOR_SEASON,34.394252,3,19,1,4,1.750000,3.237500,-45.945946,-4.761905,0.000000,BACKUP,3,MEDIUM,False,True,23,5.600000,0.703704,0.900846,0.000000,6.172581,UNKNOWN,,False,4.200000,2.304554,3.280982,2.955660,2.955660,2.955660,25.924839,14.225043,20.252127,18.244047,18.244047,18.244047,71.400000,39.177411,55.776696,50.246213,50.246213,50.246213,NYG,TE,True
00-0036825,Feleipe Franks,TE,ATL,2026,ESTABLISHED,SHORTENED_PRIOR_SEASON|RECENT_TEAM_CHANGE,28.693929,2,19,2,10,0.000000,1.333333,-100.000000,-100.000000,0.000000,BACKUP,3,LOW,False,True,271,7.545455,0.791667,1.000000,0.000000,9.009488,UNKNOWN,,False,4.200000,0.394464,1.884253,1.884253,1.884253,1.884253,37.839848,3.553916,16.976158,16.976158,16.976158,16.976158,71.400000,6.705882,32.032308,32.032308,32.032308,32.032308,CAR,TE,True
00-0038643,Brayden Willis,TE,SF,2026,RETURNING_FROM_INJURY_OR_SHORTENED,SHORTENED_PRIOR_SEASON,26.807511,3,12,0,6,0.000000,0.000000,0.000000,-35.897436,0.000000,BACKUP,4,LOW,False,True,271,7.545455,0.666667,1.000000,0.000000,6.175000,UNKNOWN,,False,4.200000,0.000000,2.515152,2.515152,2.515152,2.515152,25.935000,0.000000,15.531061,15.531061,15.531061,15.531061,71.400000,0.000000,42.757576,42.757576,42.757576,42.757576,SF,TE,True
00-0038543,Jaxon Smith-Njigba,WR,SEA,2026,ASCENDING,ESTABLISHED_STAR_EVIDENCE,24.546000,3,51,3,17,105.470588,56.135294,87.886409,34.046053,98.875562,STARTER,1,HIGH,True,False,726,47.165158,0.880000,1.060000,79.549455,16.619048,UNKNOWN,,False,67.000000,88.388283,83.441508,88.447998,88.447998,88.447998,1113.476190,1468.929082,1386.718394,1469.921497,1469.921497,1469.921497,1139.000000,1502.600809,1418.505635,1503.615973,1503.615973,1503.615973,SEA,WR,True
00-0039075,Puka Nacua,WR,LAR,2026,ASCENDING,ESTABLISHED_STAR_EVIDENCE,25.260594,3,44,3,16,107.187500,89.094118,20.308167,8.550607,99.250375,STARTER,1,HIGH,True,False,726,47.165158,0.880000,1.044678,90.780193,14.725000,UNKNOWN,,False,67.000000,100.866882,94.422675,98.641288,98.641288,98.641288,986.575000,1485.264832,1390.373887,1452.492967,1452.492967,1452.492967,1139.000000,1714.736988,1605.185472,1676.901897,1676.901897,1676.901897,LAR,WR,True
00-0036900,Ja'Marr Chase,WR,CIN,2026,PEAK,ESTABLISHED_STAR_EVIDENCE,26.503604,3,49,3,16,88.250000,91.905882,-3.977855,17.230454,95.352324,STARTER,1,HIGH,True,False,726,47.165158,0.924528,1.000000,80.630194,16.044262,UNKNOWN,,False,67.000000,89.589104,86.387297,86.387297,86.387297,86.387297,1074.965574,1437.391082,1386.020447,1386.020447,1386.020447,1386.020447,1139.000000,1523.014766,1468.584044,1468.584044,1468.584044,1468.584044,CIN,WR,True
00-0036963,Amon-Ra St. Brown,WR,DET,2026,PEAK,ESTABLISHED_STAR_EVIDENCE,26.856794,3,50,3,17,82.411765,81.431801,1.203416,12.685284,92.203898,STARTER,1,HIGH,True,False,726,47.165158,0.925926,1.000000,74.227780,16.491935,UNKNOWN,,False,67.000000,82.475311,79.859744,79.859744,79.859744,79.859744,1104.959677,1360.177506,1317.041746,1317.041746,1317.041746,1317.041746,1139.000000,1402.080285,1357.615648,1357.615648,1357.615648,1357.615648,DET,WR,True
00-0036358,CeeDee Lamb,WR,DAL,2026,RETURNING_FROM_INJURY_OR_SHORTENED,SHORTENED_PRIOR_SEASON|ESTABLISHED_STAR_EVIDENCE,27.401637,3,45,3,13,82.846154,87.748824,-5.587163,-12.732665,92.503748,STARTER,2,HIGH,True,True,726,47.165158,0.882353,1.000000,77.024223,14.842105,UNKNOWN,,False,53.000000,85.582470,81.062787,81.062787,81.062787,81.062787,786.631579,1270.224033,1203.142411,1203.142411,1203.142411,1203.142411,901.000000,1454.901995,1378.067371,1378.067371,1378.067371,1378.067371,DAL,WR,True
00-0036322,Justin Jefferson,WR,MIN,2026,ESTABLISHED,,27.212722,3,44,3,17,61.647059,96.204706,-35.920953,-11.654135,73.763118,STARTER,1,HIGH,False,False,726,47.165158,0.897959,1.000000,0.000000,15.746429,UNKNOWN,,False,67.000000,76.864589,73.834035,73.834035,73.834035,73.834035,1055.010714,1210.342761,1162.622357,1162.622357,1162.622357,1162.622357,1139.000000,1306.698014,1255.178593,1255.178593,1255.178593,1255.178593,MIN,WR,True
00-0037247,George Pickens,WR,DAL,2026,PEAK,ESTABLISHED_STAR_EVIDENCE|RECENT_TEAM_CHANGE,25.496054,3,48,3,17,84.058824,65.256303,28.813341,15.712950,93.103448,STARTER,1,HIGH,True,False,726,47.165158,0.923077,1.000000,67.257955,15.880000,UNKNOWN,,False,67.000000,74.731061,72.610607,72.610607,72.610607,72.610607,1063.960000,1186.729243,1153.056433,1153.056433,1153.056433,1153.056433,1139.000000,1270.428031,1234.380313,1234.380313,1234.380313,1234.380313,DAL,WR,True
00-0039064,Zay Flowers,WR,BAL,2026,ASCENDING,ESTABLISHED_STAR_EVIDENCE,25.972450,3,50,3,17,71.235294,59.259926,20.208205,2.109248,84.857571,STARTER,1,HIGH,True,False,726,47.165158,0.880000,1.044458,60.503226,16.491935,UNKNOWN,,False,67.000000,67.225807,64.818529,67.700235,67.700235,67.700235,1104.959677,1108.683674,1068.983003,1116.507904,1116.507904,1116.507904,1139.000000,1142.838721,1101.914997,1150.903992,1150.903992,1150.903992,BAL,WR,True
00-0036554,Nico Collins,WR,HOU,2026,PEAK,ESTABLISHED_STAR_EVIDENCE,27.456395,3,42,3,15,74.466667,84.755000,-12.138910,1.191104,87.556222,STARTER,1,HIGH,True,False,726,47.165158,0.913043,1.000000,71.767613,14.300000,UNKNOWN,,False,67.000000,79.741792,76.909041,76.909041,76.909041,76.909041,958.100000,1140.307623,1099.799288,1099.799288,1099.799288,1099.799288,1139.000000,1355.610461,1307.453699,1307.453699,1307.453699,1307.453699,HOU,WR,True
00-0035676,A.J. Brown,WR,PHI,2026,ESTABLISHED,ESTABLISHED_STAR_EVIDENCE,29.173063,3,45,3,15,66.866667,83.926471,-20.327084,-0.447671,80.284858,STARTER,1,HIGH,True,False,131,48.562500,0.900000,1.000000,67.149345,14.763158,UNKNOWN,,False,67.000000,74.610384,72.005595,72.005595,72.005595,72.005595,989.131579,1101.484877,1063.029975,1063.029975,1063.029975,1063.029975,1139.000000,1268.376525,1224.095122,1224.095122,1224.095122,1224.095122,NE,WR,True
00-0037238,Drake London,WR,ATL,2026,RETURNING_FROM_INJURY_OR_SHORTENED,SHORTENED_PRIOR_SEASON|ESTABLISHED_STAR_EVIDENCE,25.107271,3,45,3,12,76.583333,68.393934,11.973868,10.487299,89.205397,STARTER,1,HIGH,True,True,726,47.165158,0.882353,1.009579,64.675254,15.000000,UNKNOWN,,False,67.000000,71.861393,68.955954,69.616489,69.616489,69.616489,1005.000000,1077.920896,1034.339305,1044.247339,1044.247339,1044.247339,1139.000000,1221.643682,1172.251212,1183.480318,1183.480318,1183.480318,ATL,WR,True
00-0034348,Courtland Sutton,WR,DEN,2026,ESTABLISHED,,30.895207,3,49,3,17,59.823529,60.803125,-1.611094,-2.133432,71.214393,STARTER,1,HIGH,False,False,131,48.562500,0.907407,1.000000,0.000000,16.245082,UNKNOWN,,False,67.000000,60.449347,59.348713,59.348713,59.348713,59.348713,1088.420492,982.004602,964.124713,964.124713,964.124713,964.124713,1139.000000,1027.638905,1008.928127,1008.928127,1008.928127,1008.928127,DEN,WR,True
00-0036912,DeVonta Smith,WR,PHI,2026,ESTABLISHED,,27.798634,3,46,3,17,59.294118,64.968750,-8.734403,-3.665814,70.089955,STARTER,2,HIGH,False,False,726,47.165158,0.901961,1.000000,0.000000,15.515517,UNKNOWN,,False,53.000000,61.820361,60.383577,60.383577,60.383577,60.383577,822.322414,959.174880,936.882424,936.882424,936.882424,936.882424,901.000000,1050.946140,1026.520802,1026.520802,1026.520802,1026.520802,PHI,WR,True
00-0035640,DK Metcalf,WR,PIT,2026,ESTABLISHED,RECENT_TEAM_CHANGE,28.715833,3,46,3,15,56.666667,67.355417,-15.869177,-9.379559,66.341829,STARTER,1,HIGH,False,False,726,47.165158,0.901961,1.000000,0.000000,15.118966,UNKNOWN,,False,67.000000,61.421717,60.024015,60.024015,60.024015,60.024015,1012.970690,928.632827,907.501020,907.501020,907.501020,907.501020,1139.000000,1044.169195,1020.408263,1020.408263,1020.408263,1020.408263,PIT,WR,True
00-0037240,Jameson Williams,WR,DET,2026,PEAK,,25.435820,3,44,3,17,65.705882,53.701667,22.353525,16.091583,78.485757,STARTER,2,HIGH,False,False,726,47.165158,0.916667,1.000000,0.000000,15.510714,UNKNOWN,,False,53.000000,58.516168,57.570251,57.570251,57.570251,57.570251,822.067857,907.627564,892.955708,892.955708,892.955708,892.955708,901.000000,994.774857,978.694260,978.694260,978.694260,978.694260,DET,WR,True
00-0037239,Chris Olave,WR,NO,2026,PEAK,ESTABLISHED_STAR_EVIDENCE,26.180531,3,40,3,16,72.687500,57.065625,27.375281,47.867299,86.656672,STARTER,1,HIGH,True,False,726,47.165158,0.909091,1.000000,59.135249,13.923077,UNKNOWN,,False,67.000000,65.705832,64.020316,64.020316,64.020316,64.020316,932.846154,914.827352,891.359787,891.359787,891.359787,891.359787,1139.000000,1116.999143,1088.345375,1088.345375,1088.345375,1088.345375,NO,WR,True
00-0031588,Stefon Diggs,WR,NE,2026,ESTABLISHED,LATE_CAREER|RECENT_TEAM_CHANGE,32.756983,3,42,3,17,59.588235,64.655882,-7.837875,-29.362881,70.389805,STARTER,1,LOW,False,False,117,50.250000,0.893617,1.000000,0.000000,14.455556,UNKNOWN,,False,67.000000,62.175953,60.907234,60.907234,60.907234,60.907234,968.522222,898.787936,880.447908,880.447908,880.447908,880.447908,1139.000000,1056.991193,1035.422981,1035.422981,1035.422981,1035.422981,WAS,WR,True
00-0035659,Terry McLaurin,WR,WAS,2026,RETURNING_FROM_INJURY_OR_SHORTENED,SHORTENED_PRIOR_SEASON,30.963654,3,44,3,10,58.200000,62.535294,-6.932556,-16.564417,68.515742,STARTER,2,HIGH,False,True,131,48.562500,0.880000,1.000000,0.000000,14.646429,UNKNOWN,,False,53.000000,60.973996,59.484616,59.484616,59.484616,59.484616,776.260714,893.051271,871.237181,871.237181,871.237181,871.237181,901.000000,1036.557925,1011.238474,1011.238474,1011.238474,1011.238474,WAS,WR,True
00-0034960,Jakobi Meyers,WR,JAX,2026,ESTABLISHED,RECENT_TEAM_CHANGE,29.810995,3,47,3,16,52.187500,62.156458,-16.038492,-13.070966,59.370315,STARTER,1,HIGH,False,False,131,48.562500,0.903846,1.000000,0.000000,15.557627,UNKNOWN,,False,67.000000,56.774781,55.985138,55.985138,55.985138,55.985138,1042.361017,883.280869,870.995907,870.995907,870.995907,870.995907,1139.000000,965.171273,951.747352,951.747352,951.747352,951.747352,JAX,WR,True
00-0036613,Jaylen Waddle,WR,MIA,2026,ESTABLISHED,,27.768517,3,45,3,16,56.875000,57.590000,-1.241535,0.860678,66.641679,STARTER,1,HIGH,False,False,726,47.165158,0.900000,1.000000,0.000000,15.315789,UNKNOWN,,False,67.000000,56.988949,56.006570,56.006570,56.006570,56.006570,1026.157895,872.830745,857.784834,857.784834,857.784834,857.784834,1139.000000,968.812133,952.111689,952.111689,952.111689,952.111689,DEN,WR,True
00-0038559,Michael Wilson,WR,ARI,2026,ASCENDING,,26.522769,3,46,3,17,59.176471,37.474038,57.913246,66.709604,69.940030,STARTER,1,HIGH,False,False,726,47.165158,0.867925,1.060000,0.000000,15.872414,UNKNOWN,,False,67.000000,51.425182,50.862537,53.914290,53.914290,53.914290,1063.451724,816.241768,807.311239,855.749914,855.749914,855.749914,1139.000000,874.228094,864.663135,916.542923,916.542923,916.542923,AZ,WR,True
00-0034827,DJ Moore,WR,CHI,2026,ESTABLISHED,,29.383882,3,51,3,17,40.117647,65.017647,-38.297295,-38.672439,37.856072,STARTER,2,LOW,False,False,131,48.562500,0.910714,1.000000,0.000000,16.619048,UNKNOWN,,False,53.000000,51.181170,50.947360,50.947360,50.947360,50.947360,880.809524,850.582305,846.696608,846.696608,846.696608,846.696608,901.000000,870.079893,866.105126,866.105126,866.105126,866.105126,BUF,WR,True
00-0036410,Tee Higgins,WR,CIN,2026,ESTABLISHED,,27.620670,3,39,3,15,56.400000,68.479167,-17.639185,-19.548486,65.742129,STARTER,2,MEDIUM,False,False,726,47.165158,0.886364,1.000000,0.000000,13.967647,UNKNOWN,,False,53.000000,62.032377,60.342920,60.342920,60.342920,60.342920,740.285294,866.446348,842.848613,842.848613,842.848613,842.848613,901.000000,1054.550408,1025.829645,1025.829645,1025.829645,1025.829645,CIN,WR,True
00-0037664,Alec Pierce,WR,IND,2026,PEAK,ESTABLISHED_STAR_EVIDENCE,26.333854,3,48,3,15,66.866667,44.057353,51.771866,35.221270,80.284858,STARTER,3,HIGH,True,False,726,47.165158,0.923077,1.000000,49.249597,15.480000,UNKNOWN,,False,40.000000,54.721774,54.140496,54.140496,54.140496,54.140496,619.200000,847.093062,838.094876,838.094876,838.094876,838.094876,680.000000,930.270158,920.388430,920.388430,920.388430,920.388430,IND,WR,True
00-0039915,Ladd McConkey,WR,LAC,2026,DEVELOPING,,24.806101,2,32,2,16,49.312500,71.812500,-31.331593,-5.357143,54.722639,STARTER,2,HIGH,False,False,726,47.165158,0.727273,1.000000,0.000000,15.727273,UNKNOWN,,False,53.000000,55.509546,53.233804,53.233804,53.233804,53.233804,833.545455,873.013766,837.222551,837.222551,837.222551,837.222551,901.000000,943.662279,904.974665,904.974665,904.974665,904.974665,LAC,WR,True
00-0039337,Malik Nabers,WR,NYG,2026,RETURNING_FROM_INJURY_OR_SHORTENED,SHORTENED_PRIOR_SEASON|ESTABLISHED_STAR_EVIDENCE,23.097647,2,19,1,4,67.750000,80.266667,-15.593854,-22.794118,81.259370,STARTER,3,MEDIUM,True,True,369,43.555556,0.880000,1.000000,66.703480,11.853763,UNKNOWN,,False,40.000000,74.114977,70.447847,70.447847,70.447847,70.447847,474.150538,878.541408,835.072109,835.072109,835.072109,835.072109,680.000000,1259.954613,1197.613393,1197.613393,1197.613393,1197.613393,NYG,WR,True
00-0036252,Michael Pittman,WR,IND,2026,ESTABLISHED,,28.907486,3,49,3,17,46.117647,58.025000,-20.521074,-17.577445,48.950525,STARTER,1,HIGH,False,False,726,47.165158,0.907407,1.000000,0.000000,16.245082,UNKNOWN,,False,67.000000,51.286374,50.904780,50.904780,50.904780,50.904780,1088.420492,833.151354,826.952327,826.952327,826.952327,826.952327,1139.000000,871.868363,865.381264,865.381264,865.381264,865.381264,PIT,WR,True
00-0040124,Tetairoa McMillan,WR,CAR,2026,LOW_SAMPLE,,23.409769,1,17,1,17,59.647059,,0.000000,0.000000,70.689655,STARTER,1,LOW,False,False,369,43.555556,0.459459,1.000000,0.000000,16.172414,UNKNOWN,,False,67.000000,59.647059,50.948949,50.948949,50.948949,50.948949,1083.551724,964.636917,823.967485,823.967485,823.967485,823.967485,1139.000000,1014.000000,866.132132,866.132132,866.132132,866.132132,CAR,WR,True
00-0037740,Garrett Wilson,WR,NYJ,2026,RETURNING_FROM_INJURY_OR_SHORTENED,SHORTENED_PRIOR_SEASON,26.112083,3,41,2,7,56.428571,63.664706,-11.366006,-9.826486,65.892054,STARTER,2,HIGH,False,True,726,47.165158,0.872340,1.000000,0.000000,13.839623,UNKNOWN,,False,53.000000,60.825014,59.081203,59.081203,59.081203,59.081203,733.500000,841.795241,817.661550,817.661550,817.661550,817.661550,901.000000,1034.025238,1004.380445,1004.380445,1004.380445,1004.380445,NYJ,WR,True
00-0031381,Davante Adams,WR,LAR,2026,DECLINING,LATE_CAREER|RECENT_TEAM_CHANGE,33.687872,3,45,3,14,56.357143,72.906513,-22.699440,-19.769825,65.667166,STARTER,2,MEDIUM,False,False,117,50.250000,0.849057,0.921748,0.000000,14.565789,UNKNOWN,,False,53.000000,62.310097,60.489705,55.756290,55.756290,55.756290,771.986842,907.595754,881.080308,812.134388,812.134388,812.134388,901.000000,1059.271648,1028.324984,947.856937,947.856937,947.856937,LAR,WR,True
00-0038117,Wan'Dale Robinson,WR,NYG,2026,PEAK,,25.654853,3,48,3,16,63.375000,38.976471,62.598098,21.986223,75.862069,STARTER,1,HIGH,False,False,726,47.165158,0.923077,1.000000,0.000000,15.920000,UNKNOWN,,False,67.000000,51.013044,50.717053,50.717053,50.717053,50.717053,1066.640000,812.127662,807.415482,807.415482,807.415482,807.415482,1139.000000,867.221750,862.189899,862.189899,862.189899,862.189899,TEN,WR,True
00-0039893,Brian Thomas Jr.,WR,JAX,2026,DEVELOPING,,23.899854,2,31,2,14,50.500000,75.411765,-33.034321,-16.917293,56.671664,STARTER,3,HIGH,False,False,369,43.555556,0.720930,1.000000,0.000000,15.042408,UNKNOWN,,False,40.000000,57.295812,53.461321,53.461321,53.461321,53.461321,601.696306,861.866954,804.186992,804.186992,804.186992,804.186992,680.000000,974.028796,908.842465,908.842465,908.842465,908.842465,JAX,WR,True
00-0036407,Jerry Jeudy,WR,CLE,2026,ESTABLISHED,,27.357831,3,50,3,17,35.411765,63.572426,-44.296975,-16.273789,28.185907,STARTER,1,HIGH,False,False,726,47.165158,0.909091,1.000000,0.000000,16.491935,UNKNOWN,,False,67.000000,48.064455,47.982701,47.982701,47.982701,47.982701,1104.959677,792.675887,791.327601,791.327601,791.327601,791.327601,1139.000000,817.095730,815.705909,815.705909,815.705909,815.705909,CLE,WR,True
00-0040129,Emeka Egbuka,WR,TB,2026,LOW_SAMPLE,,23.883427,1,17,1,17,55.176471,,0.000000,0.000000,63.943028,STARTER,1,LOW,False,False,369,43.555556,0.459459,1.000000,0.000000,16.172414,UNKNOWN,,False,67.000000,55.176471,48.894895,48.894895,48.894895,48.894895,1083.551724,892.336714,790.748473,790.748473,790.748473,790.748473,1139.000000,938.000000,831.213213,831.213213,831.213213,831.213213,TB,WR,True
00-0039849,Marvin Harrison Jr.,WR,ARI,2026,RETURNING_FROM_INJURY_OR_SHORTENED,SHORTENED_PRIOR_SEASON,24.058653,2,29,2,12,50.666667,52.058824,-2.674200,-10.847701,57.046477,STARTER,2,HIGH,False,True,726,47.165158,0.828571,1.000000,0.000000,14.764228,UNKNOWN,,False,53.000000,51.395104,50.669970,50.669970,50.669970,50.669970,782.504065,758.809008,748.102973,748.102973,748.102973,748.102973,901.000000,873.716760,861.389491,861.389491,861.389491,861.389491,AZ,WR,True
00-0037261,Khalil Shakir,WR,BUF,2026,ESTABLISHED,,26.577527,3,47,3,16,44.937500,48.942292,-8.182681,11.655240,46.776612,STARTER,1,HIGH,False,False,726,47.165158,0.903846,1.000000,0.000000,15.557627,UNKNOWN,,False,67.000000,47.464518,47.435733,47.435733,47.435733,47.435733,1042.361017,738.435270,737.987450,737.987450,737.987450,737.987450,1139.000000,806.896803,806.407465,806.407465,806.407465,806.407465,BUF,WR,True
00-0039919,Rome Odunze,WR,CHI,2026,RETURNING_FROM_INJURY_OR_SHORTENED,SHORTENED_PRIOR_SEASON,24.247568,2,29,2,12,55.083333,43.176471,27.577203,26.237624,63.793103,STARTER,1,HIGH,False,True,726,47.165158,0.828571,1.020000,0.000000,14.764228,UNKNOWN,,False,67.000000,49.122389,48.786863,49.762601,49.762601,49.762601,989.203252,725.254128,720.300358,734.706365,734.706365,734.706365,1139.000000,835.080607,829.376679,845.964212,845.964212,845.964212,CHI,WR,True
00-0035719,Deebo Samuel Sr.,WR,WAS,2026,ESTABLISHED,RECENT_TEAM_CHANGE,30.629630,3,46,3,16,45.437500,49.846667,-8.845459,10.754773,47.676162,STARTER,1,HIGH,False,False,131,48.562500,0.901961,1.000000,0.000000,15.436207,UNKNOWN,,False,67.000000,47.344315,47.463745,47.463745,47.463745,47.463745,1034.225862,730.816640,732.660184,732.660184,732.660184,732.660184,1139.000000,804.853353,806.883661,806.883661,806.883661,806.883661,SF,WR,True
00-0030279,Keenan Allen,WR,LAC,2026,DECLINING,LATE_CAREER|RECENT_TEAM_CHANGE,34.347707,3,45,3,17,45.705882,65.705385,-30.438148,-22.682297,48.125937,STARTER,1,MEDIUM,False,False,117,50.250000,0.849057,0.897123,0.000000,15.631579,UNKNOWN,,False,67.000000,51.495992,51.307918,46.029512,46.029512,46.029512,1047.315789,804.963671,802.023773,719.513950,719.513950,719.513950,1139.000000,875.431871,872.234608,782.501703,782.501703,782.501703,IND,WR,True
00-0038994,Jordan Addison,WR,MIN,2026,DEVELOPING,,24.595283,3,46,3,14,43.571429,56.672549,-23.117225,-13.367135,44.452774,STARTER,2,HIGH,False,False,726,47.165158,0.793103,1.000000,0.000000,14.801724,UNKNOWN,,False,53.000000,48.211300,47.994857,47.994857,47.994857,47.994857,784.491379,713.610361,710.406630,710.406630,710.406630,710.406630,901.000000,819.592098,815.912565,815.912565,815.912565,815.912565,MIN,WR,True
00-0038544,Quentin Johnston,WR,LAC,2026,RETURNING_FROM_INJURY_OR_SHORTENED,SHORTENED_PRIOR_SEASON,24.986803,3,45,3,13,56.538462,39.683529,42.473370,21.394851,66.041979,STARTER,3,HIGH,False,True,726,47.165158,0.882353,1.020000,0.000000,14.842105,UNKNOWN,,False,40.000000,46.455696,46.539162,47.469945,47.469945,47.469945,593.684211,689.500326,690.739140,704.553923,704.553923,704.553923,680.000000,789.746827,791.165752,806.989067,806.989067,806.989067,LAC,WR,True
00-0039067,Rashee Rice,WR,KC,2026,RETURNING_FROM_INJURY_OR_SHORTENED,SHORTENED_PRIOR_SEASON|ESTABLISHED_STAR_EVIDENCE,26.361233,3,28,2,8,71.375000,67.318750,6.025439,40.414041,85.007496,STARTER,1,MEDIUM,True,True,726,47.165158,0.880000,1.004820,62.504812,10.380000,UNKNOWN,,False,67.000000,69.449791,66.775635,67.097517,67.097517,67.097517,695.460000,720.888832,693.131093,696.472228,696.472228,696.472228,1139.000000,1180.646449,1135.185798,1140.657792,1140.657792,1140.657792,KC,WR,True
00-0036259,Jauan Jennings,WR,SF,2026,ESTABLISHED,,29.145684,3,43,3,15,42.866667,49.384615,-13.198339,3.714210,43.028486,STARTER,1,HIGH,False,False,131,48.562500,0.895833,1.000000,0.000000,14.765455,UNKNOWN,,False,67.000000,46.070145,46.329766,46.329766,46.329766,46.329766,989.285455,680.246636,684.080047,684.080047,684.080047,684.080047,1139.000000,783.192469,787.606014,787.606014,787.606014,787.606014,MIN,WR,True
00-0037816,Romeo Doubs,WR,GB,2026,ESTABLISHED,,26.385874,3,46,3,16,45.250000,43.926471,3.013057,-4.733650,47.076462,STARTER,1,HIGH,False,False,726,47.165158,0.901961,1.000000,0.000000,15.198276,UNKNOWN,,False,67.000000,44.717327,44.957310,44.957310,44.957310,44.957310,1018.284483,679.626272,683.273607,683.273607,683.273607,683.273607,1139.000000,760.194559,764.274278,764.274278,764.274278,764.274278,NE,WR,True
00-0038606,Parker Washington,WR,JAX,2026,ASCENDING,,24.450174,3,38,3,16,52.937500,23.882143,121.661433,80.657430,60.869565,STARTER,2,HIGH,False,False,726,47.165158,0.844444,1.060000,0.000000,14.392000,UNKNOWN,,False,53.000000,42.755157,43.441158,46.047627,46.047627,46.047627,762.776000,615.332226,625.205140,662.717449,662.717449,662.717449,901.000000,726.837677,738.499679,782.809660,782.809660,782.809660,JAX,WR,True
00-0038997,Josh Downs,WR,IND,2026,DEVELOPING,,25.055251,3,47,3,16,35.375000,53.155672,-33.450188,-21.265526,28.110945,STARTER,2,MEDIUM,False,False,726,47.165158,0.796610,1.000000,0.000000,15.438136,UNKNOWN,,False,53.000000,41.773016,42.869723,42.869723,42.869723,42.869723,818.221186,644.897490,661.828600,661.828600,661.828600,661.828600,901.000000,710.141278,728.785294,728.785294,728.785294,728.785294,IND,WR,True
00-0038563,Tre Tucker,WR,LV,2026,ASCENDING,,25.485102,3,47,3,17,40.941176,29.520362,38.687922,34.874542,39.505247,STARTER,1,HIGH,False,False,726,47.165158,0.870370,1.060000,0.000000,16.115254,UNKNOWN,,False,67.000000,37.200443,38.492165,40.801695,40.801695,40.801695,1079.722034,599.494596,620.311031,657.529692,657.529692,657.529692,1139.000000,632.407530,654.366811,693.628819,693.628819,693.628819,LV,WR,True
00-0037545,Rashid Shaheed,WR,SEA,2026,ESTABLISHED,RECENT_TEAM_CHANGE,28.003977,3,39,2,18,38.166667,54.585000,-30.078471,-17.451772,33.883058,STARTER,2,HIGH,False,False,726,47.165158,0.886364,1.000000,0.000000,14.197059,UNKNOWN,,False,53.000000,45.584460,45.764085,45.764085,45.764085,45.764085,752.444118,647.165256,649.715400,649.715400,649.715400,649.715400,901.000000,774.935815,777.989437,777.989437,777.989437,777.989437,SEA,WR,True
00-0038124,Christian Watson,WR,GB,2026,RETURNING_FROM_INJURY_OR_SHORTENED,SHORTENED_PRIOR_SEASON,27.308548,3,33,3,10,61.100000,45.196825,35.186486,21.632295,72.788606,STARTER,2,MEDIUM,False,True,726,47.165158,0.846154,1.020000,0.000000,12.323333,UNKNOWN,,False,53.000000,51.754072,51.048085,52.069047,52.069047,52.069047,653.136667,637.782678,629.082569,641.664220,641.664220,641.664220,901.000000,879.819220,867.817447,885.173796,885.173796,885.173796,GB,WR,True
00-0039868,Troy Franklin,WR,DEN,2026,ASCENDING,,23.568567,2,33,2,17,41.705882,16.437500,153.723999,84.683685,40.929535,STARTER,2,HIGH,False,False,369,43.555556,0.825000,1.060000,0.000000,16.207843,UNKNOWN,,False,53.000000,34.425901,36.023590,38.185006,38.185006,38.185006,859.015686,557.969599,583.864701,618.896583,618.896583,618.896583,901.000000,585.240312,612.401035,649.145098,649.145098,649.145098,DEN,WR,True
00-0040130,Jayden Higgins,WR,HOU,2026,LOW_SAMPLE,,23.713677,1,17,1,17,30.882353,,0.000000,0.000000,20.314843,STARTER,2,LOW,False,False,369,43.555556,0.459459,1.000000,0.000000,16.172414,UNKNOWN,,False,53.000000,30.882353,37.732733,37.732733,37.732733,37.732733,857.137931,499.442191,610.229367,610.229367,610.229367,610.229367,901.000000,525.000000,641.456456,641.456456,641.456456,641.456456,HOU,WR,True
00-0036309,Darnell Mooney,WR,ATL,2026,ESTABLISHED,,28.841776,3,45,3,15,29.533333,50.650000,-41.691346,-17.684887,17.841079,STARTER,2,HIGH,False,False,726,47.165158,0.900000,1.000000,0.000000,15.118421,UNKNOWN,,False,53.000000,38.977899,39.796625,39.796625,39.796625,39.796625,801.276316,589.284290,601.662133,601.662133,601.662133,601.662133,901.000000,662.624284,676.542625,676.542625,676.542625,676.542625,NYG,WR,True
00-0040170,Elic Ayomanor,WR,TEN,2026,LOW_SAMPLE,,23.248232,1,16,1,16,32.187500,,0.000000,0.000000,22.713643,STARTER,1,LOW,False,False,369,43.555556,0.444444,1.000000,0.000000,15.571429,UNKNOWN,,False,67.000000,32.187500,38.503086,38.503086,38.503086,38.503086,1043.285714,501.205357,599.548060,599.548060,599.548060,599.548060,1139.000000,547.187500,654.552469,654.552469,654.552469,654.552469,TEN,WR,True
00-0033908,Cooper Kupp,WR,SEA,2026,DECLINING,LATE_CAREER|RECENT_TEAM_CHANGE,33.214214,3,40,3,16,37.062500,59.954167,-38.181945,-46.564885,31.859070,STARTER,3,LOW,False,False,117,50.250000,0.833333,0.902286,0.000000,14.384615,UNKNOWN,,False,40.000000,45.287273,46.114394,41.608385,41.608385,41.608385,575.384615,651.439999,663.337820,598.520620,598.520620,598.520620,680.000000,769.883635,783.944696,707.342551,707.342551,707.342551,SEA,WR,True
00-0040705,Chimere Dike,WR,TEN,2026,LOW_SAMPLE,,24.715750,1,17,1,17,24.882353,,0.000000,0.000000,11.094453,STARTER,2,LOW,False,False,726,47.165158,0.459459,1.000000,0.000000,16.172414,UNKNOWN,,False,53.000000,24.882353,36.927113,36.927113,36.927113,36.927113,857.137931,402.407708,597.200546,597.200546,597.200546,597.200546,901.000000,423.000000,627.760915,627.760915,627.760915,627.760915,TEN,WR,True
00-0035535,Darius Slayton,WR,NYG,2026,ESTABLISHED,,29.635769,3,47,3,14,38.428571,39.131066,-1.795235,-0.240434,34.482759,STARTER,2,HIGH,False,False,131,48.562500,0.903846,1.000000,0.000000,15.039831,UNKNOWN,,False,53.000000,38.664759,39.616464,39.616464,39.616464,39.616464,797.111017,581.511415,595.824910,595.824910,595.824910,595.824910,901.000000,657.300895,673.479895,673.479895,673.479895,673.479895,NYG,WR,True
00-0031408,Mike Evans,WR,TB,2026,DECLINING,LATE_CAREER|SHORTENED_PRIOR_SEASON,33.030774,3,39,3,8,46.000000,72.452521,-36.510146,-1.987353,48.725637,STARTER,2,HIGH,False,True,117,50.250000,0.829787,0.903754,0.000000,12.055882,UNKNOWN,,False,53.000000,55.183566,54.343810,49.113425,49.113425,49.113425,638.961765,665.286580,655.162581,592.105677,592.105677,592.105677,901.000000,938.120623,923.844772,834.928230,834.928230,834.928230,SF,WR,True
00-0039894,Xavier Worthy,WR,KC,2026,DEVELOPING,,23.349535,2,30,2,14,38.000000,39.875000,-4.702194,-14.868805,33.583208,STARTER,3,HIGH,False,False,369,43.555556,0.714286,1.000000,0.000000,14.789916,UNKNOWN,,False,40.000000,38.556345,39.984691,39.984691,39.984691,39.984691,591.596639,570.245104,591.370219,591.370219,591.370219,591.370219,680.000000,655.457867,679.739746,679.739746,679.739746,679.739746,KC,WR,True
00-0039916,Ricky Pearsall,WR,SF,2026,RETURNING_FROM_INJURY_OR_SHORTENED,SHORTENED_PRIOR_SEASON,25.977926,2,20,2,9,58.666667,36.363636,61.333333,40.821256,69.265367,STARTER,3,MEDIUM,False,True,726,47.165158,0.769231,1.020000,0.000000,11.916667,UNKNOWN,,False,40.000000,47.380014,47.330432,48.277041,48.277041,48.277041,476.666667,564.611837,564.020983,575.301402,575.301402,575.301402,680.000000,805.460242,804.617346,820.709693,820.709693,820.709693,SF,WR,True
00-0038608,Kayshon Boutte,WR,NE,2026,ASCENDING,,24.321492,3,32,2,14,39.357143,27.740000,41.878669,-12.691383,36.506747,STARTER,3,HIGH,False,False,726,47.165158,0.820513,1.060000,0.000000,13.290909,UNKNOWN,,False,40.000000,35.975089,37.983563,40.262577,40.262577,40.262577,531.636364,478.141638,504.836083,535.126248,535.126248,535.126248,680.000000,611.576513,645.720571,684.463805,684.463805,684.463805,HOU,WR,True
00-0039901,Keon Coleman,WR,BUF,2026,RETURNING_FROM_INJURY_OR_SHORTENED,SHORTENED_PRIOR_SEASON,23.294777,2,25,2,12,33.666667,42.769231,-21.282974,12.134503,25.187406,STARTER,2,HIGH,False,True,369,43.555556,0.806452,1.000000,0.000000,13.333333,UNKNOWN,,False,53.000000,38.314613,39.328989,39.328989,39.328989,39.328989,706.666667,510.861512,524.386524,524.386524,524.386524,524.386524,901.000000,651.348428,668.592818,668.592818,668.592818,668.592818,BUF,WR,True
00-0040782,Isaiah Bond,WR,CLE,2026,LOW_SAMPLE,,22.465191,1,15,1,15,22.533333,,0.000000,0.000000,8.470765,STARTER,2,LOW,False,False,369,43.555556,0.428571,1.000000,0.000000,15.000000,UNKNOWN,,False,53.000000,22.533333,34.546032,34.546032,34.546032,34.546032,795.000000,338.000000,518.190476,518.190476,518.190476,518.190476,901.000000,383.066667,587.282540,587.282540,587.282540,587.282540,CLE,WR,True
00-0035662,Marquise Brown,WR,KC,2026,ESTABLISHED,,29.244249,3,31,2,16,36.687500,45.028846,-18.524450,-39.098506,31.259370,STARTER,2,LOW,False,False,131,48.562500,0.861111,1.000000,0.000000,12.368605,UNKNOWN,,False,53.000000,40.819496,41.894913,41.894913,41.894913,41.894913,655.536047,504.880207,518.181617,518.181617,518.181617,518.181617,901.000000,693.931430,712.213523,712.213523,712.213523,712.213523,PHI,WR,True
00-0039491,Jalen Coker,WR,CAR,2026,RETURNING_FROM_INJURY_OR_SHORTENED,SHORTENED_PRIOR_SEASON,24.838956,2,22,2,11,35.818182,43.454545,-17.573222,-6.521739,29.535232,STARTER,3,MEDIUM,False,True,726,47.165158,0.785714,1.000000,0.000000,12.411765,UNKNOWN,,False,40.000000,39.615423,41.233223,41.233223,41.233223,41.233223,496.470588,491.697310,511.777068,511.777068,511.777068,511.777068,680.000000,673.462192,700.964799,700.964799,700.964799,700.964799,CAR,WR,True
00-0033307,Kendrick Bourne,WR,SF,2026,ESTABLISHED,LATE_CAREER|RECENT_TEAM_CHANGE,31.078646,3,34,3,14,39.357143,34.283333,14.799639,-15.205653,36.506747,STARTER,2,HIGH,False,False,117,50.250000,0.871795,1.000000,0.000000,13.152174,UNKNOWN,,False,53.000000,37.042366,38.735653,38.735653,38.735653,38.735653,697.065217,487.187646,509.458042,509.458042,509.458042,509.458042,901.000000,629.720230,658.506098,658.506098,658.506098,658.506098,AZ,WR,True
00-0035359,David Sills,WR,ATL,2026,LOW_SAMPLE,LATE_CAREER|SHORTENED_PRIOR_SEASON,31.262086,1,12,1,12,15.916667,,0.000000,0.000000,2.248876,STARTER,3,LOW,False,True,117,50.250000,0.375000,1.000000,0.000000,13.500000,UNKNOWN,,False,40.000000,15.916667,37.375000,37.375000,37.375000,37.375000,540.000000,214.875000,504.562500,504.562500,504.562500,504.562500,680.000000,270.583333,635.375000,635.375000,635.375000,635.375000,TB,WR,True
00-0033921,Chris Godwin Jr.,WR,TB,2026,ESTABLISHED,SHORTENED_PRIOR_SEASON|ROLE_DROP,30.511900,3,33,2,9,40.000000,74.568067,-46.357735,-32.808556,37.556222,ROTATIONAL,4,LOW,False,True,35,17.916667,0.868421,1.000000,0.000000,9.973333,UNKNOWN,,False,17.200000,55.374670,50.445986,50.445986,50.445986,50.445986,171.541333,552.270044,503.114629,503.114629,503.114629,503.114629,292.400000,941.369393,857.581754,857.581754,857.581754,857.581754,TB,WR,True
00-0040164,Jaylin Lane,WR,WAS,2026,LOW_SAMPLE,,24.337919,1,15,1,15,15.000000,,0.000000,0.000000,1.799100,STARTER,3,LOW,False,False,726,47.165158,0.428571,1.000000,0.000000,15.000000,UNKNOWN,,False,40.000000,15.000000,33.380090,33.380090,33.380090,33.380090,600.000000,225.000000,500.701357,500.701357,500.701357,500.701357,680.000000,255.000000,567.461538,567.461538,567.461538,567.461538,WAS,WR,True
00-0033555,Mack Hollins,WR,NE,2026,ESTABLISHED,LATE_CAREER|RECENT_TEAM_CHANGE,32.959588,3,43,3,14,39.285714,21.773775,80.426753,66.603845,36.281859,STARTER,2,MEDIUM,False,False,117,50.250000,0.895833,1.000000,0.000000,14.687273,UNKNOWN,,False,53.000000,31.351759,33.320326,33.320326,33.320326,33.320326,778.425455,460.471833,489.384710,489.384710,489.384710,489.384710,901.000000,532.979901,566.445536,566.445536,566.445536,566.445536,NE,WR,True
00-0039342,Xavier Legette,WR,CAR,2026,DEVELOPING,,25.589143,2,30,2,15,24.200000,33.133333,-26.961771,-23.809524,10.269865,STARTER,2,MEDIUM,False,False,726,47.165158,0.714286,1.000000,0.000000,15.000000,UNKNOWN,,False,53.000000,26.665112,32.522268,32.522268,32.522268,32.522268,795.000000,399.976675,487.834018,487.834018,487.834018,487.834018,901.000000,453.306898,552.878554,552.878554,552.878554,552.878554,CAR,WR,True
00-0039890,Adonai Mitchell,WR,NYJ,2026,ASCENDING,RECENT_TEAM_CHANGE,23.899854,2,33,2,16,28.312500,18.352941,54.266827,42.954545,16.191904,STARTER,1,MEDIUM,False,False,369,43.555556,0.825000,1.060000,0.000000,15.992157,UNKNOWN,,False,67.000000,25.514668,28.671823,30.392133,30.392133,30.392133,1071.474510,408.034574,458.524297,486.035755,486.035755,486.035755,1139.000000,433.749357,487.420997,516.666257,516.666257,516.666257,NYJ,WR,True
00-0039146,Jayden Reed,WR,GB,2026,RETURNING_FROM_INJURY_OR_SHORTENED,SHORTENED_PRIOR_SEASON|ROLE_DROP,26.344805,3,38,2,5,41.400000,50.114522,-17.389215,-10.639887,40.254873,BACKUP,5,LOW,False,True,497,8.200000,0.863636,1.000000,0.000000,11.458000,UNKNOWN,,False,6.000000,46.752474,41.495318,41.495318,41.495318,41.495318,68.748000,535.689842,475.453355,475.453355,475.453355,475.453355,102.000000,794.792051,705.420408,705.420408,705.420408,705.420408,GB,WR,True
00-0038619,Andrei Iosivas,WR,CIN,2026,ASCENDING,,26.881435,3,43,3,15,29.000000,22.005615,31.784547,23.622272,17.091454,STARTER,3,HIGH,False,False,726,47.165158,0.860000,1.060000,0.000000,15.000000,UNKNOWN,,False,40.000000,26.852159,29.695979,31.477738,31.477738,31.477738,600.000000,402.782384,445.439683,472.166064,472.166064,472.166064,680.000000,456.486702,504.831641,535.121539,535.121539,535.121539,CIN,WR,True
00-0036988,Josh Palmer,WR,BUF,2026,ESTABLISHED,SHORTENED_PRIOR_SEASON|RECENT_TEAM_CHANGE,26.944407,3,37,3,12,25.250000,45.641667,-44.677743,-37.731404,11.394303,STARTER,3,LOW,False,True,726,47.165158,0.880952,1.000000,0.000000,13.187755,UNKNOWN,,False,40.000000,34.147667,35.697368,35.697368,35.697368,35.697368,527.510204,450.331068,470.768150,470.768150,470.768150,470.768150,680.000000,580.510337,606.855260,606.855260,606.855260,606.855260,BUF,WR,True
00-0039424,Devaughn Vele,WR,NO,2026,RETURNING_FROM_INJURY_OR_SHORTENED,SHORTENED_PRIOR_SEASON|RECENT_TEAM_CHANGE,28.721308,2,22,2,9,32.555556,36.538462,-10.900585,2.424242,23.163418,STARTER,2,HIGH,False,True,726,47.165158,0.785714,1.000000,0.000000,12.498039,UNKNOWN,,False,53.000000,34.554211,37.256557,37.256557,37.256557,37.256557,662.396078,431.859881,465.633906,465.633906,465.633906,465.633906,901.000000,587.421583,633.361463,633.361463,633.361463,633.361463,NO,WR,True
00-0034837,Calvin Ridley,WR,TEN,2026,DECLINING,LATE_CAREER|SHORTENED_PRIOR_SEASON|ROLE_DROP,31.700151,3,41,2,7,43.285714,59.802941,-27.619422,-30.391265,43.628186,ROTATIONAL,4,LOW,False,True,21,22.125000,0.836735,0.918421,0.000000,11.160377,UNKNOWN,,False,17.200000,49.113360,44.707097,41.059920,41.059920,41.059920,191.958491,548.123633,498.948076,458.244205,458.244205,458.244205,292.400000,834.927123,760.020654,698.018646,698.018646,698.018646,TEN,WR,True
00-0038393,Dontayvion Wicks,WR,GB,2026,RETURNING_FROM_INJURY_OR_SHORTENED,SHORTENED_PRIOR_SEASON,25.211312,3,45,3,13,25.538462,29.424314,-13.206263,-16.922227,11.844078,STARTER,3,HIGH,False,True,726,47.165158,0.882353,1.000000,0.000000,15.078947,UNKNOWN,,False,40.000000,27.828921,30.103773,30.103773,30.103773,30.103773,603.157895,419.630842,453.933207,453.933207,453.933207,453.933207,680.000000,473.091665,511.764139,511.764139,511.764139,511.764139,PHI,WR,True
00-0038976,Marvin Mims Jr.,WR,DEN,2026,ASCENDING,,24.455649,3,48,3,15,21.466667,27.479228,-21.880386,25.456149,7.046477,STARTER,3,MEDIUM,False,False,726,47.165158,0.872727,1.056004,0.000000,15.600000,UNKNOWN,,False,40.000000,23.875182,26.839361,28.342460,28.342460,28.342460,624.000000,372.452842,418.694031,442.142374,442.142374,442.142374,680.000000,405.878097,456.269137,481.821818,481.821818,481.821818,DEN,WR,True
00-0039410,Ryan Flournoy,WR,DAL,2026,ASCENDING,,26.848580,2,24,2,15,31.666667,11.333333,179.411765,140.000000,21.514243,STARTER,3,MEDIUM,False,False,726,47.165158,0.774194,1.060000,0.000000,13.588235,UNKNOWN,,False,40.000000,25.887839,30.692395,32.533938,32.533938,32.533938,543.529412,351.770043,417.055481,442.078810,442.078810,442.078810,680.000000,440.093257,521.770710,553.076953,553.076953,553.076953,DAL,WR,True
00-0040581,Dont'e Thornton Jr.,WR,LV,2026,LOW_SAMPLE,SHORTENED_PRIOR_SEASON,23.754745,1,11,1,11,12.272727,,0.000000,0.000000,0.749625,STARTER,3,LOW,False,True,369,43.555556,0.354839,1.000000,0.000000,13.086957,UNKNOWN,,False,40.000000,12.272727,32.455197,32.455197,32.455197,32.455197,523.478261,160.612648,424.739754,424.739754,424.739754,424.739754,680.000000,208.636364,551.738351,551.738351,551.738351,551.738351,LV,WR,True
00-0037837,Calvin Austin III,WR,PIT,2026,ESTABLISHED,,27.442706,3,47,3,14,26.571429,24.890441,6.753546,36.698405,13.643178,STARTER,2,HIGH,False,False,726,47.165158,0.903846,1.000000,0.000000,15.159322,UNKNOWN,,False,53.000000,25.937646,27.978753,27.978753,27.978753,27.978753,803.444068,393.197132,424.138929,424.138929,424.138929,424.138929,901.000000,440.939986,475.638804,475.638804,475.638804,475.638804,NYG,WR,True
00-0036550,Rashod Bateman,WR,BAL,2026,ESTABLISHED,SHORTENED_PRIOR_SEASON,26.758229,3,44,3,13,17.230769,39.275833,-56.128826,-30.923743,3.223388,STARTER,3,LOW,False,True,726,47.165158,0.897959,1.000000,0.000000,14.371429,UNKNOWN,,False,40.000000,26.977311,29.037296,29.037296,29.037296,29.037296,574.857143,387.702505,417.307423,417.307423,417.307423,417.307423,680.000000,458.614295,493.634030,493.634030,493.634030,493.634030,BAL,WR,True
00-0038621,DeMario Douglas,WR,NE,2026,ROLE_CHANGED,ROLE_DROP,25.731514,3,46,3,16,27.937500,39.253125,-28.827323,-47.816222,15.142429,ROTATIONAL,4,LOW,False,False,240,19.000000,0.821429,0.920000,0.000000,14.934483,UNKNOWN,,False,17.200000,32.255883,29.888761,27.497660,27.497660,27.497660,256.873103,481.724929,446.373187,410.663332,410.663332,410.663332,292.400000,548.350011,508.108938,467.460223,467.460223,467.460223,NE,WR,True
00-0037291,Jalen Nailor,WR,MIN,2026,ESTABLISHED,,27.502940,3,35,2,17,26.117647,21.323333,22.483885,23.716153,12.743628,STARTER,3,HIGH,False,False,726,47.165158,0.875000,1.000000,0.000000,14.478723,UNKNOWN,,False,40.000000,23.987186,26.884433,26.884433,26.884433,26.884433,579.148936,347.303833,389.252264,389.252264,389.252264,389.252264,680.000000,407.782164,457.035355,457.035355,457.035355,457.035355,LV,WR,True
00-0039880,Malik Washington,WR,MIA,2026,ASCENDING,,25.865671,2,31,2,17,18.647059,15.928571,17.066737,48.692810,4.122939,STARTER,2,HIGH,False,False,726,47.165158,0.815789,1.060000,0.000000,15.678523,UNKNOWN,,False,53.000000,17.974661,23.351858,24.752970,24.752970,24.752970,830.961696,281.816136,366.122637,388.089996,388.089996,388.089996,901.000000,305.569245,396.981591,420.800486,420.800486,420.800486,MIA,WR,True
00-0035208,Olamide Zaccheaus,WR,CHI,2026,ESTABLISHED,RECENT_TEAM_CHANGE,29.110091,3,41,3,14,22.357143,25.774432,-13.258445,43.459069,8.020990,STARTER,3,HIGH,False,False,131,48.562500,0.891304,1.000000,0.000000,14.342453,UNKNOWN,,False,40.000000,24.306650,26.943155,26.943155,26.943155,26.943155,573.698113,348.616976,386.430931,386.430931,386.430931,386.430931,680.000000,413.213044,458.033637,458.033637,458.033637,458.033637,ATL,WR,True
00-0040735,Luther Burden III,WR,CHI,2026,LOW_SAMPLE,,22.722554,1,15,1,15,43.466667,,0.000000,0.000000,44.077961,ROTATIONAL,4,LOW,False,False,144,20.306818,0.428571,1.000000,0.000000,12.777778,UNKNOWN,,False,17.200000,43.466667,30.232468,30.232468,30.232468,30.232468,219.777778,555.407407,386.303752,386.303752,386.303752,386.303752,292.400000,738.933333,513.951948,513.951948,513.951948,513.951948,CHI,WR,True
00-0038979,Cedric Tillman,WR,CLE,2026,DEVELOPING,SHORTENED_PRIOR_SEASON,26.369446,3,32,3,12,22.500000,31.610606,-28.821358,-34.195726,8.320840,STARTER,3,LOW,False,True,726,47.165158,0.727273,1.000000,0.000000,12.054545,UNKNOWN,,False,40.000000,26.084282,31.833612,31.833612,31.833612,31.833612,482.181818,314.434161,383.739720,383.739720,383.739720,383.739720,680.000000,443.432791,541.171400,541.171400,541.171400,541.171400,NO,WR,True
00-0038618,Xavier Hutchinson,WR,HOU,2026,ASCENDING,,26.251716,3,42,3,16,26.750000,8.057143,232.003546,102.264278,13.793103,STARTER,3,MEDIUM,False,False,726,47.165158,0.857143,1.060000,0.000000,14.844444,UNKNOWN,,False,40.000000,19.929594,23.820389,25.249612,25.249612,25.249612,593.777778,295.843745,353.600435,374.816461,374.816461,374.816461,680.000000,338.803091,404.946606,429.243402,429.243402,429.243402,HOU,WR,True
00-0036415,Van Jefferson,WR,TEN,2026,ESTABLISHED,RECENT_TEAM_CHANGE,30.101214,3,43,3,14,25.000000,17.185000,45.475706,32.259432,11.169415,STARTER,3,HIGH,False,False,131,48.562500,0.895833,1.000000,0.000000,14.452727,UNKNOWN,,False,40.000000,21.501088,24.319985,24.319985,24.319985,24.319985,578.109091,310.749359,351.490110,351.490110,351.490110,351.490110,680.000000,365.518493,413.439744,413.439744,413.439744,413.439744,WAS,WR,True
00-0032385,Sterling Shepard,WR,TB,2026,RETURNING_FROM_INJURY_OR_SHORTENED,LATE_CAREER|SHORTENED_PRIOR_SEASON,33.556452,3,36,3,13,28.538462,18.695000,52.652910,22.798888,16.566717,STARTER,3,MEDIUM,False,True,117,50.250000,0.857143,1.020000,0.000000,12.937500,UNKNOWN,,False,40.000000,22.527619,26.487959,27.017719,27.017719,27.017719,517.500000,291.451075,342.687975,349.541735,349.541735,349.541735,680.000000,382.969529,450.295311,459.301217,459.301217,459.301217,HOU,WR,True
00-0039751,Jordan Whittington,WR,LAR,2026,DEVELOPING,,25.917692,2,29,2,15,11.400000,20.928571,-45.529010,-16.666667,0.599700,STARTER,3,MEDIUM,False,False,726,47.165158,0.707317,1.000000,0.000000,14.750359,UNKNOWN,,False,40.000000,13.986234,23.697139,23.697139,23.697139,23.697139,590.014347,206.301971,349.541298,349.541298,349.541298,349.541298,680.000000,237.765981,402.851360,402.851360,402.851360,402.851360,LAR,WR,True
00-0034775,Christian Kirk,WR,HOU,2026,ESTABLISHED,SHORTENED_PRIOR_SEASON|ROLE_DROP|RECENT_TEAM_CHANGE,29.786354,3,31,3,11,21.727273,53.747917,-59.575600,-24.939103,7.121439,ROTATIONAL,4,LOW,False,True,35,17.916667,0.861111,1.000000,0.000000,10.459302,UNKNOWN,,False,17.200000,35.593006,33.137959,33.137959,33.137959,33.137959,179.900000,372.278012,346.599932,346.599932,346.599932,346.599932,292.400000,605.081105,563.345303,563.345303,563.345303,563.345303,SF,WR,True
00-0032464,Kalif Raymond,WR,DET,2026,DECLINING,LATE_CAREER,32.067031,3,44,3,15,19.266667,21.713480,-11.268639,-4.650619,4.572714,STARTER,3,MEDIUM,False,False,117,50.250000,0.846154,0.963292,0.000000,14.528571,UNKNOWN,,False,40.000000,19.859438,24.534909,23.634285,23.634285,23.634285,581.142857,288.529261,356.457177,343.372403,343.372403,343.372403,680.000000,337.610443,417.093452,401.782851,401.782851,401.782851,CHI,WR,True
00-0037231,Kevin Austin Jr.,WR,NO,2026,RETURNING_FROM_INJURY_OR_SHORTENED,SHORTENED_PRIOR_SEASON,26.424204,2,13,1,5,28.000000,18.875000,48.344371,67.272727,15.292354,STARTER,3,MEDIUM,False,True,726,47.165158,0.684211,1.020000,0.000000,10.632000,UNKNOWN,,False,40.000000,23.527304,30.991889,31.611727,31.611727,31.611727,425.280000,250.142292,329.505767,336.095883,336.095883,336.095883,680.000000,399.964161,526.862118,537.399361,537.399361,537.399361,NO,WR,True
00-0037801,KaVontae Turpin,WR,DAL,2026,ESTABLISHED,,30.082048,3,48,3,15,26.400000,18.836949,40.150088,6.353861,13.418291,ROTATIONAL,4,MEDIUM,False,False,35,17.916667,0.905660,1.000000,0.000000,14.800000,UNKNOWN,,False,17.200000,23.053225,22.568644,22.568644,22.568644,22.568644,254.560000,341.187724,334.015926,334.015926,334.015926,334.015926,292.400000,391.904818,383.666942,383.666942,383.666942,383.666942,DAL,WR,True
00-0035500,Greg Dortch,WR,ARI,2026,RETURNING_FROM_INJURY_OR_SHORTENED,SHORTENED_PRIOR_SEASON,28.261340,3,45,3,12,17.166667,19.201471,-10.597125,-2.087833,3.148426,STARTER,3,HIGH,False,True,726,47.165158,0.882353,1.000000,0.000000,15.000000,UNKNOWN,,False,40.000000,18.411275,21.794085,21.794085,21.794085,21.794085,600.000000,276.169128,326.911275,326.911275,326.911275,326.911275,680.000000,312.991678,370.499444,370.499444,370.499444,370.499444,BUF,WR,True
00-0037741,Jahan Dotson,WR,PHI,2026,ESTABLISHED,,26.446108,3,46,3,15,17.466667,20.693277,-15.592555,-25.948013,3.598201,STARTER,3,LOW,False,False,726,47.165158,0.901961,1.000000,0.000000,15.000000,UNKNOWN,,False,40.000000,18.866265,21.640666,21.640666,21.640666,21.640666,600.000000,282.993978,324.609997,324.609997,324.609997,324.609997,680.000000,320.726508,367.891330,367.891330,367.891330,367.891330,ATL,WR,True
00-0037614,John Metchie III,WR,NYJ,2026,RETURNING_FROM_INJURY_OR_SHORTENED,SHORTENED_PRIOR_SEASON|RECENT_TEAM_CHANGE,26.123035,3,37,3,13,21.076923,20.460000,3.015264,17.030355,6.596702,STARTER,3,MEDIUM,False,True,726,47.165158,0.860465,1.002412,0.000000,12.772449,UNKNOWN,,False,40.000000,20.784097,24.465175,24.524190,24.524190,24.524190,510.897959,265.463818,312.480203,313.233972,313.233972,313.233972,680.000000,353.329648,415.907980,416.911238,416.911238,416.911238,CAR,WR,True
00-0032775,Demarcus Robinson,WR,SF,2026,ROLE_CHANGED,LATE_CAREER|ROLE_DROP|RECENT_TEAM_CHANGE,31.946563,3,39,3,14,19.714286,35.540074,-44.529418,-39.807028,4.947526,ROTATIONAL,4,LOW,False,False,21,22.125000,0.795918,0.928347,0.000000,13.058824,UNKNOWN,,False,17.200000,24.803951,24.257226,22.519132,22.519132,22.519132,224.611765,323.910418,316.770837,294.073366,294.073366,294.073366,292.400000,421.667165,412.372846,382.825238,382.825238,382.825238,SF,WR,True
00-0036849,Tutu Atwell,WR,LAR,2026,ESTABLISHED,SHORTENED_PRIOR_SEASON|ROLE_DROP,26.903338,3,37,3,8,24.000000,36.428333,-34.117216,-57.011846,10.119940,BACKUP,6,LOW,False,True,497,8.200000,0.880952,1.000000,0.000000,10.265306,UNKNOWN,,False,6.000000,30.312252,27.679841,27.679841,27.679841,27.679841,61.591837,311.164547,284.142042,284.142042,284.142042,284.142042,102.000000,515.308285,470.557299,470.557299,470.557299,470.557299,LAR,WR,True
00-0033857,JuJu Smith-Schuster,WR,KC,2026,ESTABLISHED,,29.775403,3,39,3,17,20.294118,21.922727,-7.428864,-12.690713,5.547226,ROTATIONAL,4,MEDIUM,False,False,35,17.916667,0.886364,1.000000,0.000000,13.523529,UNKNOWN,,False,17.200000,21.165042,20.795909,20.795909,20.795909,20.795909,232.604706,286.226073,281.234083,281.234083,281.234083,281.234083,292.400000,359.805720,353.530449,353.530449,353.530449,353.530449,NYG,WR,True
00-0040727,Tre Harris,WR,LAC,2026,LOW_SAMPLE,,24.507670,1,16,1,16,20.250000,,0.000000,0.000000,5.547226,ROTATIONAL,4,LOW,False,False,240,19.000000,0.444444,1.000000,0.000000,14.285714,UNKNOWN,,False,17.200000,20.250000,19.555556,19.555556,19.555556,19.555556,245.714286,289.285714,279.365079,279.365079,279.365079,279.365079,292.400000,344.250000,332.444444,332.444444,332.444444,332.444444,LAC,WR,True
00-0039855,Jalen McMillan,WR,TB,2026,RETURNING_FROM_INJURY_OR_SHORTENED,SHORTENED_PRIOR_SEASON|ROLE_DROP,24.734916,2,17,1,4,44.500000,35.461538,25.488069,-15.948276,45.952024,BACKUP,6,LOW,False,True,497,8.200000,0.739130,1.020000,0.000000,8.468966,UNKNOWN,,False,6.000000,40.155025,31.818931,32.455310,32.455310,32.455310,50.813793,340.071519,269.473431,274.862900,274.862900,274.862900,102.000000,682.635418,540.921831,551.740267,551.740267,551.740267,TB,WR,True
00-0040134,Pat Bryant,WR,DEN,2026,LOW_SAMPLE,SHORTENED_PRIOR_SEASON,23.727366,1,13,1,13,29.076923,,0.000000,0.000000,17.241379,ROTATIONAL,4,LOW,False,True,144,20.306818,0.393939,1.000000,0.000000,11.560000,UNKNOWN,,False,17.200000,29.076923,23.761708,23.761708,23.761708,23.761708,198.832000,336.129231,274.685344,274.685344,274.685344,274.685344,292.400000,494.307692,403.949036,403.949036,403.949036,403.949036,DEN,WR,True
00-0040667,Matthew Golden,WR,GB,2026,LOW_SAMPLE,,23.086696,1,14,1,14,25.785714,,0.000000,0.000000,11.919040,ROTATIONAL,4,LOW,False,False,144,20.306818,0.411765,1.000000,0.000000,12.153846,UNKNOWN,,False,17.200000,25.785714,22.562834,22.562834,22.562834,22.562834,209.046154,313.395604,274.225216,274.225216,274.225216,274.225216,292.400000,438.357143,383.568182,383.568182,383.568182,383.568182,GB,WR,True
00-0037666,Jalen Tolbert,WR,DAL,2026,ESTABLISHED,SHORTENED_PRIOR_SEASON|ROLE_DROP,27.511154,3,43,3,12,16.916667,30.023529,-43.655303,-27.731933,2.923538,BACKUP,5,LOW,False,True,497,8.200000,0.895833,1.000000,0.000000,12.534545,UNKNOWN,,False,6.000000,22.810795,21.288837,21.288837,21.288837,21.288837,75.207273,285.922943,266.845894,266.845894,266.845894,266.845894,102.000000,387.783510,361.910228,361.910228,361.910228,361.910228,MIA,WR,True
00-0036626,Dyami Brown,WR,JAX,2026,RETURNING_FROM_INJURY_OR_SHORTENED,SHORTENED_PRIOR_SEASON|RECENT_TEAM_CHANGE,26.834891,3,42,3,11,20.636364,17.021667,21.235858,50.400135,5.847076,ROTATIONAL,4,MEDIUM,False,True,240,19.000000,0.875000,1.016989,0.000000,13.438889,UNKNOWN,,False,17.200000,18.646820,18.690968,19.008503,19.008503,19.008503,231.148889,250.592544,251.185837,255.453154,255.453154,255.453154,292.400000,316.995942,317.746450,323.144544,323.144544,323.144544,WAS,WR,True
00-0036980,Elijah Moore,WR,BUF,2026,ESTABLISHED,SHORTENED_PRIOR_SEASON|ROLE_DROP|RECENT_TEAM_CHANGE,26.432418,3,42,3,9,12.444444,34.570588,-64.002798,-69.410706,0.749625,BACKUP,7,LOW,False,True,497,8.200000,0.893617,1.000000,0.000000,11.461111,UNKNOWN,,False,6.000000,22.597714,21.066042,21.066042,21.066042,21.066042,68.766667,258.994911,241.440251,241.440251,241.440251,241.440251,102.000000,384.161138,358.122719,358.122719,358.122719,358.122719,PHI,WR,True
00-0040669,Isaac TeSlaa,WR,DET,2026,LOW_SAMPLE,,24.529573,1,14,1,14,17.071429,,0.000000,0.000000,2.923538,ROTATIONAL,4,LOW,False,False,240,19.000000,0.411765,1.000000,0.000000,13.076923,UNKNOWN,,False,17.200000,17.071429,18.205882,18.205882,18.205882,18.205882,224.923077,223.241758,238.076923,238.076923,238.076923,238.076923,292.400000,290.214286,309.500000,309.500000,309.500000,309.500000,DET,WR,True
00-0032398,Chris Moore,WR,WAS,2026,DECLINING,LATE_CAREER|SHORTENED_PRIOR_SEASON|ROLE_DROP|RECENT_TEAM_CHANGE,33.211476,2,25,2,10,20.700000,28.266667,-26.768868,-1.428571,5.997001,ROTATIONAL,4,LOW,False,True,21,22.125000,0.757576,0.915386,0.000000,11.192369,UNKNOWN,,False,17.200000,22.796645,22.633822,20.718685,20.718685,20.718685,192.508744,255.148463,253.326087,231.891159,231.891159,231.891159,292.400000,387.542971,384.774978,352.217637,352.217637,352.217637,BAL,WR,True
00-0036182,Nick Westbrook-Ikhine,WR,MIA,2026,ESTABLISHED,SHORTENED_PRIOR_SEASON|ROLE_DROP|RECENT_TEAM_CHANGE,29.449592,3,40,3,13,6.846154,33.036538,-79.277024,-61.512027,0.074963,ROTATIONAL,4,LOW,False,True,35,17.916667,0.888889,1.000000,0.000000,12.769231,UNKNOWN,,False,17.200000,18.100020,18.079647,18.079647,18.079647,18.079647,219.630769,231.123333,230.863190,230.863190,230.863190,230.863190,292.400000,307.700341,307.354006,307.354006,307.354006,307.354006,IND,WR,True
00-0040729,Jack Bech,WR,LV,2026,LOW_SAMPLE,,23.705463,1,14,1,14,16.000000,,0.000000,0.000000,2.323838,ROTATIONAL,4,LOW,False,False,144,20.306818,0.411765,1.000000,0.000000,12.153846,UNKNOWN,,False,17.200000,16.000000,18.533422,18.533422,18.533422,18.533422,209.046154,194.461538,225.252365,225.252365,225.252365,225.252365,292.400000,272.000000,315.068182,315.068182,315.068182,315.068182,LV,WR,True
00-0038679,Tyrell Shavers,WR,BUF,2026,ASCENDING,SHORTENED_PRIOR_SEASON,27.040234,2,12,1,11,22.272727,69.000000,-67.720685,109.090909,7.721139,BACKUP,5,MEDIUM,False,True,497,8.200000,0.631579,1.060000,0.000000,7.735294,UNKNOWN,,False,6.000000,38.444957,27.302078,28.940203,28.940203,28.940203,46.411765,297.383048,211.189603,223.860979,223.860979,223.860979,102.000000,653.564266,464.135326,491.983445,491.983445,491.983445,BUF,WR,True
00-0038359,Xavier Smith,WR,LAR,2026,ASCENDING,,28.945817,2,30,2,16,18.937500,0.428571,4318.750000,950.000000,4.197901,ROTATIONAL,4,MEDIUM,False,False,240,19.000000,0.810811,1.060000,0.000000,14.352941,UNKNOWN,,False,17.200000,13.140990,14.249451,15.104419,15.104419,15.104419,246.870588,188.611858,204.521539,216.792831,216.792831,216.792831,292.400000,223.396832,242.240675,256.775115,256.775115,256.775115,LAR,WR,True
00-0033591,Noah Brown,WR,WAS,2026,ESTABLISHED,SHORTENED_PRIOR_SEASON|ROLE_DROP,30.654271,3,25,2,4,20.750000,46.613182,-55.484695,-52.236214,6.071964,BACKUP,7,LOW,False,True,77,8.187500,0.833333,1.000000,0.000000,7.324324,UNKNOWN,,False,6.000000,32.160037,28.164614,28.164614,28.164614,28.164614,43.945946,235.550541,206.286768,206.286768,206.286768,206.286768,102.000000,546.720627,478.798439,478.798439,478.798439,478.798439,LV,WR,True
00-0033891,Zay Jones,WR,ARI,2026,RETURNING_FROM_INJURY_OR_SHORTENED,LATE_CAREER|SHORTENED_PRIOR_SEASON,31.426361,3,21,1,6,30.500000,21.583333,41.312741,-18.490566,19.715142,ROTATIONAL,4,MEDIUM,False,True,21,22.125000,0.777778,1.020000,0.000000,7.931818,UNKNOWN,,False,17.200000,25.515416,24.761990,25.257230,25.257230,25.257230,136.427273,202.383642,196.407605,200.335757,200.335757,200.335757,292.400000,433.762074,420.953836,429.372912,429.372912,429.372912,HOU,WR,True
00-0034272,Marquez Valdes-Scantling,WR,PIT,2026,DECLINING,LATE_CAREER|SHORTENED_PRIOR_SEASON|ROLE_DROP|RECENT_TEAM_CHANGE,31.894543,3,38,3,9,13.333333,27.440625,-51.410242,3.317747,1.274363,ROTATIONAL,4,LOW,False,True,21,22.125000,0.826087,0.912844,0.000000,10.950000,UNKNOWN,,False,17.200000,18.528826,19.154248,17.484834,17.484834,17.484834,188.340000,202.890646,209.739012,191.458927,191.458927,191.458927,292.400000,314.990044,325.622211,297.242170,297.242170,297.242170,DAL,WR,True
00-0035406,Lil'Jordan Humphrey,WR,DEN,2026,RETURNING_FROM_INJURY_OR_SHORTENED,SHORTENED_PRIOR_SEASON,28.370856,3,32,2,7,22.285714,18.758117,18.805712,32.578040,7.796102,BACKUP,5,MEDIUM,False,True,497,8.200000,0.842105,1.015045,0.000000,10.036364,UNKNOWN,,False,6.000000,20.379301,18.456253,18.733920,18.733920,18.733920,60.218182,204.534076,185.233671,188.020432,188.020432,188.020432,102.000000,346.448117,313.756309,318.476638,318.476638,318.476638,DEN,WR,True
00-0040648,Tory Horton,WR,SEA,2026,LOW_SAMPLE,SHORTENED_PRIOR_SEASON,23.757483,1,8,1,8,20.125000,,0.000000,0.000000,5.247376,ROTATIONAL,4,LOW,False,True,144,20.306818,0.285714,1.000000,0.000000,9.200000,UNKNOWN,,False,17.200000,20.125000,20.254870,20.254870,20.254870,20.254870,158.240000,185.150000,186.344805,186.344805,186.344805,186.344805,292.400000,342.125000,344.332792,344.332792,344.332792,344.332792,SEA,WR,True
00-0038839,Mitchell Tinsley,WR,CIN,2026,LOW_SAMPLE,SHORTENED_PRIOR_SEASON,26.963572,1,8,1,8,14.500000,,0.000000,0.000000,1.649175,ROTATIONAL,4,LOW,False,True,240,19.000000,0.285714,1.000000,0.000000,10.400000,UNKNOWN,,False,17.200000,14.500000,17.714286,17.714286,17.714286,17.714286,178.880000,150.800000,184.228571,184.228571,184.228571,184.228571,292.400000,246.500000,301.142857,301.142857,301.142857,301.142857,HOU,WR,True
00-0040024,Darius Cooper,WR,PHI,2026,LOW_SAMPLE,SHORTENED_PRIOR_SEASON,24.775984,1,6,0,6,15.333333,,0.000000,0.000000,1.799100,ROTATIONAL,4,LOW,False,True,240,19.000000,0.230769,1.000000,0.000000,10.000000,UNKNOWN,,False,17.200000,15.333333,18.153846,18.153846,18.153846,18.153846,172.000000,153.333333,181.538462,181.538462,181.538462,181.538462,292.400000,260.666667,308.615385,308.615385,308.615385,308.615385,PHI,WR,True
00-0034407,Ray-Ray McCloud,WR,NYG,2026,ESTABLISHED,SHORTENED_PRIOR_SEASON|ROLE_DROP|RECENT_TEAM_CHANGE,29.879443,3,35,2,6,11.500000,30.166912,-61.878763,-33.580777,0.674663,BACKUP,5,LOW,False,True,77,8.187500,0.875000,1.000000,0.000000,9.638298,UNKNOWN,,False,6.000000,19.925618,18.458354,18.458354,18.458354,18.458354,57.829787,192.049046,177.907110,177.907110,177.907110,177.907110,102.000000,338.735513,313.792011,313.792011,313.792011,313.792011,CHI,WR,True
00-0040237,Tez Johnson,WR,TB,2026,LOW_SAMPLE,,24.291375,1,15,1,15,21.466667,,0.000000,0.000000,7.046477,BACKUP,5,LOW,False,False,497,8.200000,0.428571,1.000000,0.000000,11.888889,UNKNOWN,,False,6.000000,21.466667,13.885714,13.885714,13.885714,13.885714,71.333333,255.214815,165.085714,165.085714,165.085714,165.085714,102.000000,364.933333,236.057143,236.057143,236.057143,236.057143,TB,WR,True
00-0033375,Tim Patrick,WR,JAX,2026,DECLINING,LATE_CAREER|SHORTENED_PRIOR_SEASON|ROLE_DROP|RECENT_TEAM_CHANGE,32.773411,2,28,2,13,14.384615,26.266667,-45.236236,-37.062937,1.574213,BACKUP,5,LOW,False,True,52,7.350000,0.777778,0.905813,0.000000,11.844118,UNKNOWN,,False,6.000000,17.621777,15.339160,13.894406,13.894406,13.894406,71.064706,208.714402,181.678816,164.566981,164.566981,164.566981,102.000000,299.570212,260.765721,236.204905,236.204905,236.204905,NYJ,WR,True
00-0039355,Luke McCaffrey,WR,WAS,2026,RETURNING_FROM_INJURY_OR_SHORTENED,SHORTENED_PRIOR_SEASON,25.416655,2,22,2,9,22.555556,12.923077,74.537037,-9.722222,8.470765,BACKUP,6,MEDIUM,False,True,497,8.200000,0.785714,1.020000,0.000000,10.027451,UNKNOWN,,False,6.000000,17.812607,15.752763,16.067818,16.067818,16.067818,60.164706,178.615042,157.960054,161.119255,161.119255,161.119255,102.000000,302.814316,267.796963,273.152902,273.152902,273.152902,WAS,WR,True
00-0040138,Jaylin Noel,WR,HOU,2026,LOW_SAMPLE,,23.992943,1,17,1,17,17.176471,,0.000000,0.000000,3.148426,BACKUP,5,LOW,False,False,253,6.600000,0.459459,1.000000,0.000000,13.275862,UNKNOWN,,False,6.000000,17.176471,11.459459,11.459459,11.459459,11.459459,79.655172,228.032454,152.134203,152.134203,152.134203,152.134203,102.000000,292.000000,194.810811,194.810811,194.810811,194.810811,HOU,WR,True
00-0038104,Tyquan Thornton,WR,KC,2026,RETURNING_FROM_INJURY_OR_SHORTENED,SHORTENED_PRIOR_SEASON|RECENT_TEAM_CHANGE,26.068277,3,25,2,12,36.500000,11.176389,226.581335,40.506329,30.659670,BACKUP,5,MEDIUM,False,True,497,8.200000,0.806452,1.020000,0.000000,8.033784,UNKNOWN,,False,6.000000,21.001957,18.524159,18.894642,18.894642,18.894642,48.202703,168.725184,148.819089,151.795471,151.795471,151.795471,102.000000,357.033275,314.910705,321.208920,321.208920,321.208920,KC,WR,True
00-0039451,Isaiah Williams,WR,NYJ,2026,ASCENDING,RECENT_TEAM_CHANGE,25.589143,2,23,2,15,12.866667,0.750000,1615.555556,540.000000,0.899550,ROTATIONAL,4,MEDIUM,False,False,240,19.000000,0.766667,1.060000,0.000000,12.347899,UNKNOWN,,False,17.200000,9.159563,11.455665,12.143005,12.143005,12.143005,212.383866,113.101361,141.453397,149.940600,149.940600,149.940600,292.400000,155.712572,194.746305,206.431084,206.431084,206.431084,NYJ,WR,True
00-0040154,Tai Felton,WR,MIN,2026,LOW_SAMPLE,SHORTENED_PRIOR_SEASON,23.467265,1,12,1,12,2.083333,,0.000000,0.000000,0.000000,ROTATIONAL,4,LOW,False,True,144,20.306818,0.375000,1.000000,0.000000,11.000000,UNKNOWN,,False,17.200000,2.083333,13.473011,13.473011,13.473011,13.473011,189.200000,22.916667,148.203125,148.203125,148.203125,148.203125,292.400000,35.416667,229.041193,229.041193,229.041193,229.041193,MIN,WR,True
00-0036427,Tyler Johnson,WR,NYJ,2026,RETURNING_FROM_INJURY_OR_SHORTENED,SHORTENED_PRIOR_SEASON|RECENT_TEAM_CHANGE,28.020404,3,21,2,9,21.888889,19.995455,9.469324,-42.408377,7.271364,BACKUP,6,LOW,False,True,497,8.200000,0.777778,1.007575,0.000000,7.872727,UNKNOWN,,False,6.000000,21.304265,18.392206,18.531535,18.531535,18.531535,47.236364,167.722665,144.796820,145.893723,145.893723,145.893723,102.000000,362.172498,312.667499,315.036098,315.036098,315.036098,DAL,WR,True
00-0037091,Bo Melton,WR,GB,2026,ESTABLISHED,SHORTENED_PRIOR_SEASON,27.292121,3,30,2,13,8.230769,23.625000,-65.160765,-66.101695,0.224888,BACKUP,6,LOW,False,True,497,8.200000,0.857143,1.000000,0.000000,10.607143,UNKNOWN,,False,6.000000,14.553607,13.645949,13.645949,13.645949,13.645949,63.642857,154.372189,144.744529,144.744529,144.744529,144.744529,102.000000,247.411319,231.981131,231.981131,231.981131,231.981131,GB,WR,True
00-0039394,Casey Washington,WR,ATL,2026,RETURNING_FROM_INJURY_OR_SHORTENED,SHORTENED_PRIOR_SEASON,25.490578,2,7,0,5,18.800000,7.000000,168.571429,180.000000,4.197901,ROTATIONAL,4,MEDIUM,False,True,240,19.000000,0.538462,1.020000,0.000000,8.831579,UNKNOWN,,False,17.200000,12.932143,15.732692,16.047346,16.047346,16.047346,151.903158,114.211241,138.944514,141.723404,141.723404,141.723404,292.400000,219.846429,267.455769,272.804885,272.804885,272.804885,CAR,WR,True
00-0039792,Devontez Walker,WR,BAL,2026,RETURNING_FROM_INJURY_OR_SHORTENED,SHORTENED_PRIOR_SEASON,25.203098,2,11,1,8,17.000000,7.000000,142.857143,0.000000,2.923538,ROTATIONAL,4,MEDIUM,False,True,240,19.000000,0.647059,1.020000,0.000000,8.811594,UNKNOWN,,False,17.200000,12.000000,14.470588,14.760000,14.760000,14.760000,151.559420,105.739130,127.508951,130.059130,130.059130,130.059130,292.400000,204.000000,246.000000,250.920000,250.920000,250.920000,BAL,WR,True
00-0039623,Mason Tipton,WR,NO,2026,RETURNING_FROM_INJURY_OR_SHORTENED,SHORTENED_PRIOR_SEASON,25.928643,2,17,2,8,9.500000,11.000000,-13.636364,-26.442308,0.374813,ROTATIONAL,4,LOW,False,True,240,19.000000,0.739130,1.000000,0.000000,9.967816,UNKNOWN,,False,17.200000,10.281649,12.556001,12.556001,12.556001,12.556001,171.446437,102.485583,125.155911,125.155911,125.155911,125.155911,292.400000,174.788028,213.452020,213.452020,213.452020,213.452020,NO,WR,True
00-0036165,Isaiah Hodgins,WR,NYG,2026,RETURNING_FROM_INJURY_OR_SHORTENED,SHORTENED_PRIOR_SEASON,27.864344,3,22,1,6,19.166667,9.650000,98.618307,114.689266,4.422789,ROTATIONAL,4,MEDIUM,False,True,240,19.000000,0.785714,1.020000,0.000000,8.376471,UNKNOWN,,False,17.200000,13.336347,14.549987,14.840987,14.840987,14.840987,144.075294,111.711518,121.877537,124.315088,124.315088,124.315088,292.400000,226.717898,247.349777,252.296772,252.296772,252.296772,NYG,WR,True
00-0034386,Justin Watson,WR,HOU,2026,ESTABLISHED,SHORTENED_PRIOR_SEASON|ROLE_DROP|RECENT_TEAM_CHANGE,30.410597,3,33,2,3,10.000000,23.256667,-57.001577,-49.174079,0.449775,BACKUP,7,LOW,False,True,77,8.187500,0.868421,1.000000,0.000000,8.293333,UNKNOWN,,False,6.000000,15.781505,14.782293,14.782293,14.782293,14.782293,49.760000,130.881278,122.594487,122.594487,122.594487,122.594487,102.000000,268.285578,251.298989,251.298989,251.298989,251.298989,HOU,WR,True
00-0034860,Dante Pettis,WR,NO,2026,RETURNING_FROM_INJURY_OR_SHORTENED,SHORTENED_PRIOR_SEASON|ROLE_DROP,30.859614,2,16,2,8,15.875000,15.000000,5.833333,-60.714286,2.173913,BACKUP,5,LOW,False,True,77,8.187500,0.727273,1.004667,0.000000,8.000000,UNKNOWN,,False,6.000000,16.401684,14.161452,14.227539,14.227539,14.227539,48.000000,131.213474,113.291617,113.820312,113.820312,113.820312,102.000000,278.828632,240.744687,241.868162,241.868162,241.868162,BUF,WR,True
00-0040131,Kyle Williams,WR,NE,2026,LOW_SAMPLE,,23.801290,1,14,1,14,14.928571,,0.000000,0.000000,1.724138,BACKUP,5,LOW,False,False,253,6.600000,0.411765,1.000000,0.000000,11.230769,UNKNOWN,,False,6.000000,14.928571,10.029412,10.029412,10.029412,10.029412,67.384615,167.659341,112.638009,112.638009,112.638009,112.638009,102.000000,253.785714,170.500000,170.500000,170.500000,170.500000,NE,WR,True
00-0035021,Ashton Dulin,WR,IND,2026,RETURNING_FROM_INJURY_OR_SHORTENED,SHORTENED_PRIOR_SEASON,29.299007,2,25,2,12,8.833333,5.153846,71.393035,35.416667,0.299850,ROTATIONAL,4,MEDIUM,False,True,35,17.916667,0.806452,1.020000,0.000000,12.036036,UNKNOWN,,False,17.200000,6.963281,9.083291,9.264957,9.264957,9.264957,207.019820,83.810304,109.326822,111.513358,111.513358,111.513358,292.400000,118.375781,154.415953,157.504272,157.504272,157.504272,IND,WR,True
00-0039379,Jamari Thrash,WR,CLE,2026,RETURNING_FROM_INJURY_OR_SHORTENED,SHORTENED_PRIOR_SEASON,25.701397,2,14,1,8,13.375000,3.666667,264.772727,60.714286,1.274363,ROTATIONAL,4,MEDIUM,False,True,240,19.000000,0.700000,1.020000,0.000000,9.271795,UNKNOWN,,False,17.200000,8.344172,11.540920,11.771739,11.771739,11.771739,159.474872,77.365448,107.005044,109.145145,109.145145,109.145145,292.400000,141.850918,196.195642,200.119555,200.119555,200.119555,CLE,WR,True
00-0034418,Cedrick Wilson Jr.,WR,MIA,2026,ESTABLISHED,SHORTENED_PRIOR_SEASON|RECENT_TEAM_CHANGE,30.782952,3,30,2,6,7.333333,19.968182,-63.274907,-41.385435,0.149925,BACKUP,6,LOW,False,True,77,8.187500,0.857143,1.000000,0.000000,8.607143,UNKNOWN,,False,6.000000,12.752759,12.100579,12.100579,12.100579,12.100579,51.642857,109.764821,104.151415,104.151415,104.151415,104.151415,102.000000,216.796907,205.709849,205.709849,205.709849,205.709849,DET,WR,True
00-0039739,Roman Wilson,WR,PIT,2026,LOW_SAMPLE,SHORTENED_PRIOR_SEASON,25.203098,1,9,1,9,18.444444,,0.000000,0.000000,3.898051,BACKUP,5,LOW,False,True,497,8.200000,0.310345,1.000000,0.000000,8.428571,UNKNOWN,,False,6.000000,18.444444,11.379310,11.379310,11.379310,11.379310,50.571429,155.460317,95.911330,95.911330,95.911330,95.911330,102.000000,313.555556,193.448276,193.448276,193.448276,193.448276,PIT,WR,True
00-0037742,Treylon Burks,WR,WAS,2026,RETURNING_FROM_INJURY_OR_SHORTENED,SHORTENED_PRIOR_SEASON|RECENT_TEAM_CHANGE,26.443370,3,22,2,8,16.250000,13.014444,24.861265,24.622356,2.473763,BACKUP,5,MEDIUM,False,True,497,8.200000,0.785714,1.019889,0.000000,7.385294,UNKNOWN,,False,6.000000,13.929743,12.701941,12.954570,12.954570,12.954570,44.311765,102.875252,93.807572,95.673312,95.673312,95.673312,102.000000,236.805638,215.933002,220.227696,220.227696,220.227696,WAS,WR,True
00-0040311,Theo Wease Jr.,WR,MIA,2026,LOW_SAMPLE,SHORTENED_PRIOR_SEASON,25.186670,1,3,0,3,46.333333,,0.000000,0.000000,49.400300,BACKUP,5,LOW,False,True,497,8.200000,0.130435,1.000000,0.000000,7.000000,UNKNOWN,,False,6.000000,46.333333,13.173913,13.173913,13.173913,13.173913,42.000000,324.333333,92.217391,92.217391,92.217391,92.217391,102.000000,787.666667,223.956522,223.956522,223.956522,223.956522,LAC,WR,True
00-0035298,Scott Miller,WR,PIT,2026,RETURNING_FROM_INJURY_OR_SHORTENED,SHORTENED_PRIOR_SEASON,29.088188,3,22,1,5,12.400000,12.597727,-1.569547,88.667688,0.749625,BACKUP,6,MEDIUM,False,True,77,8.187500,0.785714,1.000000,0.000000,7.288235,UNKNOWN,,False,6.000000,12.809436,11.819021,11.819021,11.819021,11.819021,43.729412,93.358181,86.139805,86.139805,86.139805,86.139805,102.000000,217.760405,200.923354,200.923354,200.923354,200.923354,CHI,WR,True
00-0036841,Austin Trammell,WR,JAX,2026,DEVELOPING,SHORTENED_PRIOR_SEASON,28.162775,3,22,1,6,7.666667,26.676667,-71.260777,-21.135647,0.149925,BACKUP,6,MEDIUM,False,True,497,8.200000,0.647059,1.000000,0.000000,6.608824,UNKNOWN,,False,6.000000,14.549181,12.308294,12.308294,12.308294,12.308294,39.652941,96.152969,81.343340,81.343340,81.343340,81.343340,102.000000,247.336076,209.240990,209.240990,209.240990,209.240990,JAX,WR,True
00-0038640,Jalen Brooks,WR,ARI,2026,DEVELOPING,SHORTENED_PRIOR_SEASON|RECENT_TEAM_CHANGE,26.320164,3,20,1,5,10.200000,17.054167,-40.190569,-48.387097,0.449775,BACKUP,6,LOW,False,True,497,8.200000,0.625000,1.000000,0.000000,7.250000,UNKNOWN,,False,6.000000,12.574875,10.934297,10.934297,10.934297,10.934297,43.500000,91.167844,79.273652,79.273652,79.273652,79.273652,102.000000,213.772875,185.883047,185.883047,185.883047,185.883047,AZ,WR,True
00-0039062,Jonathan Mingo,WR,DAL,2026,DEVELOPING,SHORTENED_PRIOR_SEASON,25.367372,3,34,2,5,5.000000,17.506905,-71.439840,-74.576271,0.000000,BACKUP,6,LOW,False,True,497,8.200000,0.739130,1.000000,0.000000,8.886957,UNKNOWN,,False,6.000000,9.092548,8.859710,8.859710,8.859710,8.859710,53.321739,80.805081,78.735853,78.735853,78.735853,78.735853,102.000000,154.573319,150.615062,150.615062,150.615062,150.615062,DAL,WR,True
00-0040009,Savion Williams,WR,GB,2026,LOW_SAMPLE,SHORTENED_PRIOR_SEASON,24.775984,1,12,1,12,6.500000,,0.000000,0.000000,0.074963,BACKUP,7,LOW,False,True,497,8.200000,0.375000,1.000000,0.000000,10.000000,UNKNOWN,,False,6.000000,6.500000,7.562500,7.562500,7.562500,7.562500,60.000000,65.000000,75.625000,75.625000,75.625000,75.625000,102.000000,110.500000,128.562500,128.562500,128.562500,128.562500,GB,WR,True
00-0038840,Brycen Tremayne,WR,CAR,2026,ASCENDING,RECENT_TEAM_CHANGE,26.788346,2,17,1,15,10.666667,-1.000000,0.000000,140.000000,0.449775,BACKUP,5,MEDIUM,False,False,497,8.200000,0.708333,1.060000,0.000000,9.413793,UNKNOWN,,False,6.000000,7.043639,7.380911,7.823765,7.823765,7.823765,56.482759,66.307356,69.482366,73.651308,73.651308,73.651308,102.000000,119.741855,125.475481,133.004010,133.004010,133.004010,CAR,WR,True
00-0035645,Gunner Olszewski,WR,NYG,2026,ESTABLISHED,,29.764451,2,28,2,16,9.062500,0.000000,0.000000,875.000000,0.299850,BACKUP,7,MEDIUM,False,False,77,8.187500,0.848485,1.000000,0.000000,12.611765,UNKNOWN,,False,6.000000,5.399629,5.822034,5.822034,5.822034,5.822034,75.670588,68.098851,73.426119,73.426119,73.426119,73.426119,102.000000,91.793693,98.974573,98.974573,98.974573,98.974573,NYG,WR,True
00-0036630,Tylan Wallace,WR,BAL,2026,ESTABLISHED,SHORTENED_PRIOR_SEASON|ROLE_DROP,27.305811,3,29,2,11,4.090909,11.095833,-63.131123,-5.138340,0.000000,BACKUP,5,LOW,False,True,497,8.200000,0.852941,1.000000,0.000000,9.803659,UNKNOWN,,False,6.000000,7.151953,7.306078,7.306078,7.306078,7.306078,58.821951,70.115306,71.626291,71.626291,71.626291,71.626291,102.000000,121.583203,124.203320,124.203320,124.203320,124.203320,CLE,WR,True
00-0040218,Jimmy Horn Jr.,WR,CAR,2026,LOW_SAMPLE,SHORTENED_PRIOR_SEASON,23.971040,1,10,1,10,10.800000,,0.000000,0.000000,0.449775,BACKUP,6,LOW,False,True,253,6.600000,0.333333,1.000000,0.000000,8.909091,UNKNOWN,,False,6.000000,10.800000,8.000000,8.000000,8.000000,8.000000,53.454545,96.218182,71.272727,71.272727,71.272727,71.272727,102.000000,183.600000,136.000000,136.000000,136.000000,136.000000,CAR,WR,True
00-0035891,Cody White,WR,SEA,2026,LOW_SAMPLE,SHORTENED_PRIOR_SEASON,27.760303,2,10,1,8,11.250000,22.000000,-48.863636,-66.666667,0.449775,BACKUP,5,LOW,False,True,497,8.200000,0.333333,1.000000,0.000000,7.037433,UNKNOWN,,False,6.000000,13.977366,10.125789,10.125789,10.125789,10.125789,42.224599,98.364781,71.259561,71.259561,71.259561,71.259561,102.000000,237.615226,172.138409,172.138409,172.138409,172.138409,LV,WR,True
00-0040277,Jahdae Walker,WR,CHI,2026,LOW_SAMPLE,SHORTENED_PRIOR_SEASON,24.159955,1,6,0,6,14.500000,,0.000000,0.000000,1.649175,BACKUP,5,LOW,False,True,497,8.200000,0.230769,1.000000,0.000000,7.333333,UNKNOWN,,False,6.000000,14.500000,9.653846,9.653846,9.653846,9.653846,44.000000,106.333333,70.794872,70.794872,70.794872,70.794872,102.000000,246.500000,164.115385,164.115385,164.115385,164.115385,CHI,WR,True
00-0036862,Ben Skowronek,WR,PIT,2026,ESTABLISHED,,29.181277,3,38,3,16,4.312500,6.760256,-36.208041,-45.190506,0.000000,BACKUP,7,LOW,False,False,77,8.187500,0.883721,1.000000,0.000000,12.142000,UNKNOWN,,False,6.000000,5.518425,5.828783,5.828783,5.828783,5.828783,72.852000,67.004717,70.773079,70.773079,70.773079,70.773079,102.000000,93.813226,99.089305,99.089305,99.089305,99.089305,PIT,WR,True
00-0038090,Skyy Moore,WR,SF,2026,ESTABLISHED,RECENT_TEAM_CHANGE,25.975188,3,33,2,17,5.117647,6.569231,-22.096708,-75.388776,0.000000,BACKUP,5,LOW,False,False,497,8.200000,0.868421,1.000000,0.000000,11.080000,UNKNOWN,,False,6.000000,6.103913,6.379714,6.379714,6.379714,6.379714,66.480000,67.631361,70.687235,70.687235,70.687235,70.687235,102.000000,103.766529,108.455143,108.455143,108.455143,108.455143,GB,WR,True
00-0040582,Arian Smith,WR,NYJ,2026,LOW_SAMPLE,SHORTENED_PRIOR_SEASON,24.890977,1,13,1,13,4.000000,,0.000000,0.000000,0.000000,BACKUP,8,LOW,False,True,497,8.200000,0.393939,1.000000,0.000000,10.600000,UNKNOWN,,False,6.000000,4.000000,6.545455,6.545455,6.545455,6.545455,63.600000,42.400000,69.381818,69.381818,69.381818,69.381818,102.000000,68.000000,111.272727,111.272727,111.272727,111.272727,NYJ,WR,True
00-0040563,Efton Chism III,WR,NE,2026,LOW_SAMPLE,SHORTENED_PRIOR_SEASON,24.849908,1,8,1,8,9.375000,,0.000000,0.000000,0.299850,BACKUP,6,LOW,False,True,497,8.200000,0.285714,1.000000,0.000000,8.000000,UNKNOWN,,False,6.000000,9.375000,8.535714,8.535714,8.535714,8.535714,48.000000,75.000000,68.285714,68.285714,68.285714,68.285714,102.000000,159.375000,145.107143,145.107143,145.107143,145.107143,NE,WR,True
00-0040317,Jacoby Jones,WR,WAS,2026,LOW_SAMPLE,SHORTENED_PRIOR_SEASON,25.123699,1,1,0,1,25.000000,,0.000000,0.000000,11.169415,BACKUP,10,LOW,False,True,497,8.200000,0.047619,1.000000,0.000000,7.461538,UNKNOWN,,False,6.000000,25.000000,9.000000,9.000000,9.000000,9.000000,44.769231,186.538462,67.153846,67.153846,67.153846,67.153846,102.000000,425.000000,153.000000,153.000000,153.000000,153.000000,WAS,WR,True
00-0040522,Xavier Restrepo,WR,TEN,2026,LOW_SAMPLE,SHORTENED_PRIOR_SEASON,24.389940,1,2,0,2,20.500000,,0.000000,0.000000,5.697151,BACKUP,6,LOW,False,True,497,8.200000,0.090909,1.000000,0.000000,7.142857,UNKNOWN,,False,6.000000,20.500000,9.318182,9.318182,9.318182,9.318182,42.857143,146.428571,66.558442,66.558442,66.558442,66.558442,102.000000,348.500000,158.409091,158.409091,158.409091,158.409091,TEN,WR,True
00-0038938,Jalin Hyatt,WR,NYG,2026,DEVELOPING,SHORTENED_PRIOR_SEASON|ROLE_DROP,24.934783,3,29,2,6,5.833333,14.072308,-58.547429,0.926080,0.074963,BACKUP,6,LOW,False,True,497,8.200000,0.707317,1.001111,0.000000,8.176829,UNKNOWN,,False,6.000000,8.097274,8.127340,8.136372,8.136372,8.136372,49.060976,66.210026,66.455872,66.529725,66.529725,66.529725,102.000000,137.653657,138.164782,138.318324,138.318324,138.318324,NYG,WR,True
00-0040590,Konata Mumpfield,WR,LAR,2026,LOW_SAMPLE,SHORTENED_PRIOR_SEASON,23.856048,1,10,1,10,9.200000,,0.000000,0.000000,0.299850,BACKUP,5,LOW,False,True,253,6.600000,0.333333,1.000000,0.000000,8.909091,UNKNOWN,,False,6.000000,9.200000,7.466667,7.466667,7.466667,7.466667,53.454545,81.963636,66.521212,66.521212,66.521212,66.521212,102.000000,156.400000,126.933333,126.933333,126.933333,126.933333,LAR,WR,True
00-0038728,Jared Wayne,WR,HOU,2026,LOW_SAMPLE,SHORTENED_PRIOR_SEASON,25.901264,1,1,0,1,20.000000,,0.000000,0.000000,5.097451,BACKUP,8,LOW,False,True,497,8.200000,0.047619,1.000000,0.000000,7.461538,UNKNOWN,,False,6.000000,20.000000,8.761905,8.761905,8.761905,8.761905,44.769231,149.230769,65.377289,65.377289,65.377289,65.377289,102.000000,340.000000,148.952381,148.952381,148.952381,148.952381,HOU,WR,True
00-0039884,Tahj Washington,WR,MIA,2026,LOW_SAMPLE,SHORTENED_PRIOR_SEASON,25.296187,1,2,0,2,18.500000,,0.000000,0.000000,3.973013,BACKUP,8,LOW,False,True,497,8.200000,0.090909,1.000000,0.000000,7.142857,UNKNOWN,,False,6.000000,18.500000,9.136364,9.136364,9.136364,9.136364,42.857143,132.142857,65.259740,65.259740,65.259740,65.259740,102.000000,314.500000,155.318182,155.318182,155.318182,155.318182,PHI,WR,True
00-0040259,Gage Larvadain,WR,CLE,2026,LOW_SAMPLE,SHORTENED_PRIOR_SEASON,23.661656,1,13,1,13,5.461538,,0.000000,0.000000,0.074963,BACKUP,6,LOW,False,True,253,6.600000,0.393939,1.000000,0.000000,10.600000,UNKNOWN,,False,6.000000,5.461538,6.151515,6.151515,6.151515,6.151515,63.600000,57.892308,65.206061,65.206061,65.206061,65.206061,102.000000,92.846154,104.575758,104.575758,104.575758,104.575758,CLE,WR,True
00-0037524,Tay Martin,WR,WAS,2026,LOW_SAMPLE,SHORTENED_PRIOR_SEASON|RECENT_TEAM_CHANGE,28.715833,2,3,0,2,11.500000,49.000000,-76.530612,-50.000000,0.674663,BACKUP,9,LOW,False,True,497,8.200000,0.130435,1.000000,0.000000,6.729412,UNKNOWN,,False,6.000000,19.271605,9.644122,9.644122,9.644122,9.644122,40.376471,129.686565,64.899271,64.899271,64.899271,64.899271,102.000000,327.617284,163.950081,163.950081,163.950081,163.950081,DET,WR,True
00-0040184,KeAndre Lambert-Smith,WR,LAC,2026,LOW_SAMPLE,SHORTENED_PRIOR_SEASON,24.877287,1,10,1,10,5.100000,,0.000000,0.000000,0.000000,BACKUP,5,LOW,False,True,497,8.200000,0.333333,1.000000,0.000000,8.909091,UNKNOWN,,False,6.000000,5.100000,7.166667,7.166667,7.166667,7.166667,53.454545,45.436364,63.848485,63.848485,63.848485,63.848485,102.000000,86.700000,121.833333,121.833333,121.833333,121.833333,LAC,WR,True
00-0038824,Ryan Miller,WR,TB,2026,DEVELOPING,SHORTENED_PRIOR_SEASON,26.530983,2,18,2,9,3.777778,14.222222,-73.437500,-80.000000,0.000000,BACKUP,8,LOW,False,True,497,8.200000,0.600000,1.000000,0.000000,8.600000,UNKNOWN,,False,6.000000,6.866255,7.399753,7.399753,7.399753,7.399753,51.600000,59.049794,63.637877,63.637877,63.637877,63.637877,102.000000,116.726337,125.795802,125.795802,125.795802,125.795802,MIA,WR,True
00-0040388,Jakobie Keeney-James,WR,GB,2026,LOW_SAMPLE,SHORTENED_PRIOR_SEASON,25.931381,1,1,0,1,15.000000,,0.000000,0.000000,1.799100,BACKUP,9,LOW,False,True,497,8.200000,0.047619,1.000000,0.000000,7.461538,UNKNOWN,,False,6.000000,15.000000,8.523810,8.523810,8.523810,8.523810,44.769231,111.923077,63.600733,63.600733,63.600733,63.600733,102.000000,255.000000,144.904762,144.904762,144.904762,144.904762,PIT,WR,True
00-0040406,Quentin Skinner,WR,NYJ,2026,LOW_SAMPLE,SHORTENED_PRIOR_SEASON,24.688371,1,1,0,1,10.000000,,0.000000,0.000000,0.449775,BACKUP,9,LOW,False,True,497,8.200000,0.047619,1.000000,0.000000,7.461538,UNKNOWN,,False,6.000000,10.000000,8.285714,8.285714,8.285714,8.285714,44.769231,74.615385,61.824176,61.824176,61.824176,61.824176,102.000000,170.000000,140.857143,140.857143,140.857143,140.857143,BUF,WR,True
00-0040172,Jordan Watkins,WR,SF,2026,LOW_SAMPLE,SHORTENED_PRIOR_SEASON,24.543262,1,2,0,2,13.000000,,0.000000,0.000000,1.049475,BACKUP,6,LOW,False,True,497,8.200000,0.090909,1.000000,0.000000,7.142857,UNKNOWN,,False,6.000000,13.000000,8.636364,8.636364,8.636364,8.636364,42.857143,92.857143,61.688312,61.688312,61.688312,61.688312,102.000000,221.000000,146.818182,146.818182,146.818182,146.818182,SF,WR,True
00-0034487,Trent Sherfield,WR,ARI,2026,RETURNING_FROM_INJURY_OR_SHORTENED,SHORTENED_PRIOR_SEASON|RECENT_TEAM_CHANGE,30.514638,3,28,2,4,5.250000,6.886364,-23.762376,8.695652,0.000000,BACKUP,7,MEDIUM,False,True,77,8.187500,0.823529,1.000000,0.000000,8.945000,UNKNOWN,,False,6.000000,6.472839,6.775426,6.775426,6.775426,6.775426,53.670000,57.899546,60.606189,60.606189,60.606189,60.606189,102.000000,110.038266,115.182248,115.182248,115.182248,115.182248,BUF,WR,True
00-0034854,KhaDarel Hodge,WR,ATL,2026,DECLINING,LATE_CAREER|SHORTENED_PRIOR_SEASON|ROLE_DROP,32.661157,3,33,3,8,3.875000,13.540909,-71.383014,-2.654867,0.000000,BACKUP,6,LOW,False,True,52,7.350000,0.804878,0.906711,0.000000,9.186667,UNKNOWN,,False,6.000000,7.161943,7.198637,6.527082,6.527082,6.527082,55.120000,65.794385,66.131481,59.962124,59.962124,59.962124,102.000000,121.753035,122.376833,110.960390,110.960390,110.960390,SF,WR,True
00-0040629,Dalevon Campbell,WR,CAR,2026,LOW_SAMPLE,SHORTENED_PRIOR_SEASON,24.740392,1,1,0,1,0.000000,,0.000000,0.000000,0.000000,BACKUP,8,LOW,False,True,497,8.200000,0.047619,1.000000,0.000000,7.461538,UNKNOWN,,False,6.000000,0.000000,7.809524,7.809524,7.809524,7.809524,44.769231,0.000000,58.271062,58.271062,58.271062,58.271062,102.000000,0.000000,132.761905,132.761905,132.761905,132.761905,LAC,WR,True
00-0039710,Jeshaun Jones,WR,MIN,2026,LOW_SAMPLE,SHORTENED_PRIOR_SEASON,26.695257,1,1,0,1,0.000000,,0.000000,0.000000,0.000000,BACKUP,6,LOW,False,True,497,8.200000,0.047619,1.000000,0.000000,7.461538,UNKNOWN,,False,6.000000,0.000000,7.809524,7.809524,7.809524,7.809524,44.769231,0.000000,58.271062,58.271062,58.271062,58.271062,102.000000,0.000000,132.761905,132.761905,132.761905,132.761905,MIN,WR,True
00-0038953,Dylan Drummond,WR,ATL,2026,LOW_SAMPLE,SHORTENED_PRIOR_SEASON,26.624072,1,6,0,6,7.000000,,0.000000,0.000000,0.149925,BACKUP,5,LOW,False,True,497,8.200000,0.230769,1.000000,0.000000,7.333333,UNKNOWN,,False,6.000000,7.000000,7.923077,7.923077,7.923077,7.923077,44.000000,51.333333,58.102564,58.102564,58.102564,58.102564,102.000000,119.000000,134.692308,134.692308,134.692308,134.692308,ATL,WR,True
00-0038519,Nikko Remigio,WR,KC,2026,DEVELOPING,,26.826677,2,19,1,14,1.500000,9.600000,-84.375000,-94.047619,0.000000,BACKUP,7,LOW,False,False,497,8.200000,0.612903,1.000000,0.000000,9.730550,UNKNOWN,,False,6.000000,4.485836,5.923577,5.923577,5.923577,5.923577,58.383302,43.649648,57.639660,57.639660,57.639660,57.639660,102.000000,76.259204,100.700803,100.700803,100.700803,100.700803,KC,WR,True
00-0038752,Jake Bobo,WR,SEA,2026,DEVELOPING,SHORTENED_PRIOR_SEASON|ROLE_DROP,28.077900,3,31,2,5,4.000000,10.695833,-62.602259,-74.123989,0.000000,BACKUP,7,LOW,False,True,497,8.200000,0.720930,1.000000,0.000000,8.324419,UNKNOWN,,False,6.000000,6.427300,6.922007,6.922007,6.922007,6.922007,49.946512,53.503538,57.621685,57.621685,57.621685,57.621685,102.000000,109.264104,117.674122,117.674122,117.674122,117.674122,SEA,WR,True
00-0040506,Myles Price,WR,MIN,2026,LOW_SAMPLE,,24.710275,1,16,1,16,0.000000,,0.000000,0.000000,0.000000,BACKUP,5,LOW,False,False,497,8.200000,0.444444,1.000000,0.000000,12.571429,UNKNOWN,,False,6.000000,0.000000,4.555556,4.555556,4.555556,4.555556,75.428571,0.000000,57.269841,57.269841,57.269841,57.269841,102.000000,0.000000,77.444444,77.444444,77.444444,77.444444,MIN,WR,True
00-0040075,LaJohntay Wester,WR,BAL,2026,LOW_SAMPLE,,24.428270,1,14,1,14,0.000000,,0.000000,0.000000,0.000000,BACKUP,6,LOW,False,False,497,8.200000,0.411765,1.000000,0.000000,11.230769,UNKNOWN,,False,6.000000,0.000000,4.823529,4.823529,4.823529,4.823529,67.384615,0.000000,54.171946,54.171946,54.171946,54.171946,102.000000,0.000000,82.000000,82.000000,82.000000,82.000000,BAL,WR,True
00-0033589,David Moore,WR,CAR,2026,DECLINING,LATE_CAREER|SHORTENED_PRIOR_SEASON|ROLE_DROP,31.628966,3,24,1,3,1.666667,20.693333,-91.945876,-88.419224,0.000000,BACKUP,7,LOW,False,True,52,7.350000,0.750000,0.914968,0.000000,7.200000,UNKNOWN,,False,6.000000,8.342456,8.094342,7.406066,7.406066,7.406066,43.200000,60.065684,58.279263,53.323677,53.323677,53.323677,102.000000,141.821754,137.603816,125.903126,125.903126,125.903126,CAR,WR,True
00-0038740,Jalen Moreno-Cropper,WR,DAL,2026,LOW_SAMPLE,SHORTENED_PRIOR_SEASON,25.331780,1,2,0,2,0.000000,,0.000000,0.000000,0.000000,BACKUP,7,LOW,False,True,497,8.200000,0.090909,1.000000,0.000000,7.142857,UNKNOWN,,False,6.000000,0.000000,7.454545,7.454545,7.454545,7.454545,42.857143,0.000000,53.246753,53.246753,53.246753,53.246753,102.000000,0.000000,126.727273,126.727273,126.727273,126.727273,NO,WR,True
00-0040352,Coleman Owen,WR,IND,2026,LOW_SAMPLE,SHORTENED_PRIOR_SEASON,25.444034,1,2,0,2,0.000000,,0.000000,0.000000,0.000000,BACKUP,6,LOW,False,True,497,8.200000,0.090909,1.000000,0.000000,7.142857,UNKNOWN,,False,6.000000,0.000000,7.454545,7.454545,7.454545,7.454545,42.857143,0.000000,53.246753,53.246753,53.246753,53.246753,102.000000,0.000000,126.727273,126.727273,126.727273,126.727273,IND,WR,True
00-0038891,Shedrick Jackson,WR,LV,2026,RETURNING_FROM_INJURY_OR_SHORTENED,SHORTENED_PRIOR_SEASON|RECENT_TEAM_CHANGE,26.867745,2,5,0,3,18.666667,0.000000,0.000000,233.333333,4.197901,BACKUP,5,MEDIUM,False,True,497,8.200000,0.454545,1.000000,0.000000,6.372549,UNKNOWN,,False,6.000000,8.516667,8.343939,8.343939,8.343939,8.343939,38.235294,54.272876,53.172163,53.172163,53.172163,53.172163,102.000000,144.783333,141.846970,141.846970,141.846970,141.846970,LV,WR,True
00-0034867,Malik Turner,WR,SF,2026,LOW_SAMPLE,SHORTENED_PRIOR_SEASON,30.588561,1,2,0,2,0.000000,,0.000000,0.000000,0.000000,BACKUP,7,LOW,False,True,77,8.187500,0.090909,1.000000,0.000000,7.142857,UNKNOWN,,False,6.000000,0.000000,7.443182,7.443182,7.443182,7.443182,42.857143,0.000000,53.165584,53.165584,53.165584,53.165584,102.000000,0.000000,126.534091,126.534091,126.534091,126.534091,SF,WR,True
00-0034419,Braxton Berrios,WR,HOU,2026,RETURNING_FROM_INJURY_OR_SHORTENED,SHORTENED_PRIOR_SEASON|RECENT_TEAM_CHANGE,30.906158,3,26,1,4,9.250000,5.206250,77.671068,73.128945,0.299850,BACKUP,6,MEDIUM,False,True,77,8.187500,0.812500,1.020000,0.000000,7.863158,UNKNOWN,,False,6.000000,6.223761,6.591962,6.723801,6.723801,6.723801,47.178947,48.938416,51.833639,52.870312,52.870312,52.870312,102.000000,105.803938,112.063356,114.304623,114.304623,114.304623,NYG,WR,True
00-0038647,Ronnie Bell,WR,NO,2026,RETURNING_FROM_INJURY_OR_SHORTENED,SHORTENED_PRIOR_SEASON|RECENT_TEAM_CHANGE,26.593955,3,19,1,2,11.500000,5.405769,112.735681,50.943396,0.674663,BACKUP,6,MEDIUM,False,True,497,8.200000,0.760000,1.020000,0.000000,6.498387,UNKNOWN,,False,6.000000,7.809744,7.903405,8.061473,8.061473,8.061473,38.990323,50.750737,51.359386,52.386574,52.386574,52.386574,102.000000,132.765641,134.357887,137.045045,137.045045,137.045045,NO,WR,True
00-0036497,Tim Jones,WR,JAX,2026,RETURNING_FROM_INJURY_OR_SHORTENED,SHORTENED_PRIOR_SEASON,28.299671,3,20,2,2,7.500000,6.236250,20.264582,-51.749095,0.149925,BACKUP,7,LOW,False,True,497,8.200000,0.769231,1.016212,0.000000,7.000000,UNKNOWN,,False,6.000000,7.098450,7.352654,7.471853,7.471853,7.471853,42.000000,49.689150,51.468577,52.302968,52.302968,52.302968,102.000000,120.673650,124.995115,127.021494,127.021494,127.021494,JAX,WR,True
00-0040534,Ke'Shawn Williams,WR,CIN,2026,LOW_SAMPLE,SHORTENED_PRIOR_SEASON,24.680158,1,11,1,11,0.454545,,0.000000,0.000000,0.000000,BACKUP,5,LOW,False,True,497,8.200000,0.354839,1.000000,0.000000,9.434783,UNKNOWN,,False,6.000000,0.454545,5.451613,5.451613,5.451613,5.451613,56.608696,4.288538,51.434783,51.434783,51.434783,51.434783,102.000000,7.727273,92.677419,92.677419,92.677419,92.677419,CIN,WR,True
00-0040431,Dalen Cambre,WR,NYG,2026,LOW_SAMPLE,SHORTENED_PRIOR_SEASON,25.394751,1,3,0,3,0.000000,,0.000000,0.000000,0.000000,BACKUP,9,LOW,False,True,497,8.200000,0.130435,1.000000,0.000000,7.000000,UNKNOWN,,False,6.000000,0.000000,7.130435,7.130435,7.130435,7.130435,42.000000,0.000000,49.913043,49.913043,49.913043,49.913043,102.000000,0.000000,121.217391,121.217391,121.217391,121.217391,NYG,WR,True
00-0036463,Chris Blair,WR,ATL,2026,LOW_SAMPLE,SHORTENED_PRIOR_SEASON,28.904748,2,3,0,1,0.000000,8.500000,-100.000000,-100.000000,0.000000,BACKUP,9,LOW,False,True,497,8.200000,0.130435,1.000000,0.000000,6.670588,UNKNOWN,,False,6.000000,1.521605,7.328905,7.328905,7.328905,7.328905,40.023529,10.150000,48.888107,48.888107,48.888107,48.888107,102.000000,25.867284,124.591385,124.591385,124.591385,124.591385,ATL,WR,True
00-0039920,Malachi Corley,WR,CLE,2026,RETURNING_FROM_INJURY_OR_SHORTENED,SHORTENED_PRIOR_SEASON|RECENT_TEAM_CHANGE,24.450174,2,17,1,12,6.583333,3.200000,105.729167,-2.777778,0.074963,BACKUP,5,MEDIUM,False,True,497,8.200000,0.739130,1.020000,0.000000,8.156322,UNKNOWN,,False,6.000000,4.897867,5.759293,5.874479,5.874479,5.874479,48.937931,39.948580,46.974648,47.914141,47.914141,47.914141,102.000000,83.263740,97.907982,99.866141,99.866141,99.866141,CLE,WR,True
00-0038573,Derius Davis,WR,LAC,2026,DEVELOPING,SHORTENED_PRIOR_SEASON|ROLE_DROP,25.972450,3,43,3,11,0.909091,6.212157,-85.365938,-74.902398,0.000000,BACKUP,6,LOW,False,True,497,8.200000,0.781818,1.000000,0.000000,11.987273,UNKNOWN,,False,6.000000,2.723269,3.918192,3.918192,3.918192,3.918192,71.923636,32.644574,46.968442,46.968442,46.968442,46.968442,102.000000,46.295581,66.609272,66.609272,66.609272,66.609272,LAC,WR,True
00-0036331,Devin Duvernay,WR,CHI,2026,ESTABLISHED,RECENT_TEAM_CHANGE,28.970458,3,43,3,17,1.529412,4.434615,-65.511964,-71.782071,0.000000,BACKUP,6,LOW,False,False,497,8.200000,0.895833,1.000000,0.000000,13.629091,UNKNOWN,,False,6.000000,2.890574,3.443639,3.443639,3.443639,3.443639,81.774545,39.395895,46.933671,46.933671,46.933671,46.933671,102.000000,49.139757,58.541866,58.541866,58.541866,58.541866,AZ,WR,True
00-0039589,Kameron Johnson,WR,TB,2026,ASCENDING,,24.461125,2,21,1,17,3.764706,0.000000,0.000000,64.705882,0.000000,BACKUP,7,MEDIUM,False,False,497,8.200000,0.750000,1.060000,0.000000,10.807487,UNKNOWN,,False,6.000000,2.644776,4.033582,4.275597,4.275597,4.275597,64.844920,28.583386,43.592887,46.208460,46.208460,46.208460,102.000000,44.961199,68.570899,72.685153,72.685153,72.685153,TB,WR,True
00-0039650,Bryce Oliver,WR,TEN,2026,LOW_SAMPLE,SHORTENED_PRIOR_SEASON|ROLE_DROP,26.287309,2,10,1,2,4.000000,11.875000,-66.315789,-55.555556,0.000000,BACKUP,8,LOW,False,True,497,8.200000,0.333333,1.000000,0.000000,6.235294,UNKNOWN,,False,6.000000,5.680984,7.360328,7.360328,7.360328,7.360328,37.411765,35.422608,45.893810,45.893810,45.893810,45.893810,102.000000,96.576732,125.125577,125.125577,125.125577,125.125577,CLE,WR,True
00-0040432,Beaux Collins,WR,NYG,2026,LOW_SAMPLE,SHORTENED_PRIOR_SEASON,23.710939,1,4,0,4,6.250000,,0.000000,0.000000,0.074963,BACKUP,8,LOW,False,True,253,6.600000,0.166667,1.000000,0.000000,7.000000,UNKNOWN,,False,6.000000,6.250000,6.541667,6.541667,6.541667,6.541667,42.000000,43.750000,45.791667,45.791667,45.791667,45.791667,102.000000,106.250000,111.208333,111.208333,111.208333,111.208333,ATL,WR,True
00-0036959,Michael Bandy,WR,DEN,2026,RETURNING_FROM_INJURY_OR_SHORTENED,SHORTENED_PRIOR_SEASON,28.740474,2,5,0,4,12.500000,0.000000,0.000000,0.000000,0.749625,BACKUP,6,MEDIUM,False,True,497,8.200000,0.454545,1.000000,0.000000,6.352941,UNKNOWN,,False,6.000000,5.468750,6.958523,6.958523,6.958523,6.958523,38.117647,34.742647,44.207086,44.207086,44.207086,44.207086,102.000000,92.968750,118.294886,118.294886,118.294886,118.294886,DEN,WR,True
00-0040646,Jalen Royals,WR,KC,2026,LOW_SAMPLE,SHORTENED_PRIOR_SEASON,23.535713,1,2,0,2,2.000000,,0.000000,0.000000,0.000000,BACKUP,6,LOW,False,True,253,6.600000,0.090909,1.000000,0.000000,7.142857,UNKNOWN,,False,6.000000,2.000000,6.181818,6.181818,6.181818,6.181818,42.857143,14.285714,44.155844,44.155844,44.155844,44.155844,102.000000,34.000000,105.090909,105.090909,105.090909,105.090909,KC,WR,True
00-0037380,Kaden Davis,WR,CLE,2026,RETURNING_FROM_INJURY_OR_SHORTENED,SHORTENED_PRIOR_SEASON,27.935529,2,2,0,1,0.000000,0.000000,0.000000,0.000000,0.000000,BACKUP,8,MEDIUM,False,True,497,8.200000,0.250000,1.000000,0.000000,7.000000,UNKNOWN,,False,6.000000,0.000000,6.150000,6.150000,6.150000,6.150000,42.000000,0.000000,43.050000,43.050000,43.050000,43.050000,102.000000,0.000000,104.550000,104.550000,104.550000,104.550000,CHI,WR,True
00-0038911,Malik Cunningham,WR,DET,2026,RETURNING_FROM_INJURY_OR_SHORTENED,SHORTENED_PRIOR_SEASON|RECENT_TEAM_CHANGE,27.905412,2,2,0,1,0.000000,0.000000,0.000000,0.000000,0.000000,BACKUP,7,MEDIUM,False,True,497,8.200000,0.250000,1.000000,0.000000,7.000000,UNKNOWN,,False,6.000000,0.000000,6.150000,6.150000,6.150000,6.150000,42.000000,0.000000,43.050000,43.050000,43.050000,43.050000,102.000000,0.000000,104.550000,104.550000,104.550000,104.550000,DET,WR,True
00-0037098,Samori Toure,WR,NO,2026,LOW_SAMPLE,SHORTENED_PRIOR_SEASON|RECENT_TEAM_CHANGE,28.442042,2,9,1,1,3.000000,9.750000,-69.230769,33.333333,0.000000,BACKUP,7,MEDIUM,False,True,497,8.200000,0.310345,1.000000,0.000000,6.058824,UNKNOWN,,False,6.000000,4.608025,7.085249,7.085249,7.085249,7.085249,36.352941,27.919208,42.928274,42.928274,42.928274,42.928274,102.000000,78.336420,120.449234,120.449234,120.449234,120.449234,PHI,WR,True
00-0040241,Dominic Lovett,WR,DET,2026,LOW_SAMPLE,SHORTENED_PRIOR_SEASON,23.814979,1,2,0,2,0.000000,,0.000000,0.000000,0.000000,BACKUP,6,LOW,False,True,253,6.600000,0.090909,1.000000,0.000000,7.142857,UNKNOWN,,False,6.000000,0.000000,6.000000,6.000000,6.000000,6.000000,42.857143,0.000000,42.857143,42.857143,42.857143,42.857143,102.000000,0.000000,102.000000,102.000000,102.000000,102.000000,DET,WR,True
00-0038492,Jason Brownlee,WR,KC,2026,LOW_SAMPLE,SHORTENED_PRIOR_SEASON|RECENT_TEAM_CHANGE,27.587815,2,7,0,3,0.000000,14.000000,-100.000000,-83.333333,0.000000,BACKUP,8,LOW,False,True,497,8.200000,0.259259,1.000000,0.000000,6.287926,UNKNOWN,,False,6.000000,2.606996,6.749962,6.749962,6.749962,6.749962,37.727554,16.392596,42.443259,42.443259,42.443259,42.443259,102.000000,44.318930,114.749352,114.749352,114.749352,114.749352,KC,WR,True
00-0037487,Deven Thompkins,WR,ATL,2026,RETURNING_FROM_INJURY_OR_SHORTENED,SHORTENED_PRIOR_SEASON|RECENT_TEAM_CHANGE,26.692519,3,29,1,7,3.857143,4.308824,-10.482691,-58.580362,0.000000,BACKUP,7,LOW,False,True,497,8.200000,0.828571,1.000000,0.000000,8.495122,UNKNOWN,,False,6.000000,4.319661,4.984862,4.984862,4.984862,4.984862,50.970732,36.696048,42.347012,42.347012,42.347012,42.347012,102.000000,73.434240,84.742656,84.742656,84.742656,84.742656,LV,WR,True
00-0035602,Alex Bachman,WR,LV,2026,DEVELOPING,SHORTENED_PRIOR_SEASON,30.260012,2,16,1,11,1.090909,6.200000,-82.404692,-54.545455,0.000000,BACKUP,6,LOW,False,True,77,8.187500,0.571429,1.000000,0.000000,8.504202,UNKNOWN,,False,6.000000,2.406145,4.883868,4.883868,4.883868,4.883868,51.025210,20.462340,41.533402,41.533402,41.533402,41.533402,102.000000,40.904461,83.025764,83.025764,83.025764,83.025764,LAR,WR,True
00-0036646,Simi Fehoko,WR,ARI,2026,DEVELOPING,SHORTENED_PRIOR_SEASON|RECENT_TEAM_CHANGE,28.822611,3,15,0,7,0.000000,13.058333,-100.000000,-100.000000,0.000000,BACKUP,10,LOW,False,True,497,8.200000,0.555556,1.000000,0.000000,6.861111,UNKNOWN,,False,6.000000,4.053698,5.896499,5.896499,5.896499,5.896499,41.166667,27.812872,40.456534,40.456534,40.456534,40.456534,102.000000,68.912865,100.240480,100.240480,100.240480,100.240480,AZ,WR,True
00-0037132,Britain Covey,WR,PHI,2026,DEVELOPING,SHORTENED_PRIOR_SEASON,29.457805,3,26,1,6,3.333333,5.400000,-38.271605,-43.502825,0.000000,BACKUP,5,LOW,False,True,77,8.187500,0.684211,1.000000,0.000000,7.350000,UNKNOWN,,False,6.000000,4.204396,5.462218,5.462218,5.462218,5.462218,44.100000,30.902309,40.147304,40.147304,40.147304,40.147304,102.000000,71.474729,92.857709,92.857709,92.857709,92.857709,PHI,WR,True
00-0038496,Xavier Gipson,WR,PHI,2026,DEVELOPING,SHORTENED_PRIOR_SEASON|ROLE_DROP|RECENT_TEAM_CHANGE,25.485102,3,40,2,6,1.000000,6.205882,-83.886256,-71.380471,0.000000,BACKUP,6,LOW,False,True,497,8.200000,0.769231,1.000000,0.000000,10.269231,UNKNOWN,,False,6.000000,2.445846,3.773728,3.773728,3.773728,3.773728,61.615385,25.116956,38.753280,38.753280,38.753280,38.753280,102.000000,41.579380,64.153370,64.153370,64.153370,64.153370,NYG,WR,True
00-0039521,Xavier Weaver,WR,ARI,2026,RETURNING_FROM_INJURY_OR_SHORTENED,SHORTENED_PRIOR_SEASON,25.887575,2,9,0,7,9.571429,0.000000,0.000000,85.714286,0.374813,BACKUP,5,MEDIUM,False,True,497,8.200000,0.600000,1.000000,0.000000,6.428571,UNKNOWN,,False,6.000000,4.509615,5.985769,5.985769,5.985769,5.985769,38.571429,28.990385,38.479945,38.479945,38.479945,38.479945,102.000000,76.663462,101.758077,101.758077,101.758077,101.758077,AZ,WR,True
00-0036176,Mason Kinsey,WR,TEN,2026,RETURNING_FROM_INJURY_OR_SHORTENED,SHORTENED_PRIOR_SEASON,28.009453,3,18,0,6,8.000000,2.191667,265.019011,142.424242,0.149925,BACKUP,7,MEDIUM,False,True,497,8.200000,0.750000,1.020000,0.000000,6.800000,UNKNOWN,,False,6.000000,4.418333,5.363750,5.471025,5.471025,5.471025,40.800000,30.044667,36.473500,37.202970,37.202970,37.202970,102.000000,75.111667,91.183750,93.007425,93.007425,93.007425,TEN,WR,True
00-0032951,Laquon Treadwell,WR,IND,2026,LOW_SAMPLE,LATE_CAREER|SHORTENED_PRIOR_SEASON|RECENT_TEAM_CHANGE,31.218280,2,9,0,6,0.000000,5.333333,-100.000000,-100.000000,0.000000,BACKUP,7,LOW,False,True,52,7.350000,0.310345,1.000000,0.000000,6.403361,UNKNOWN,,False,6.000000,0.954733,5.365262,5.365262,5.365262,5.365262,38.420168,6.113497,34.355710,34.355710,34.355710,34.355710,102.000000,16.230453,91.209451,91.209451,91.209451,91.209451,IND,WR,True
00-0035140,Mecole Hardman,WR,BUF,2026,DEVELOPING,SHORTENED_PRIOR_SEASON|RECENT_TEAM_CHANGE,28.474897,3,21,1,2,0.000000,11.075000,-100.000000,-74.468085,0.000000,BACKUP,9,LOW,False,True,497,8.200000,0.636364,1.000000,0.000000,6.568182,UNKNOWN,,False,6.000000,3.244283,5.046362,5.046362,5.046362,5.046362,39.409091,21.309040,33.145422,33.145422,33.145422,33.145422,102.000000,55.152809,85.788151,85.788151,85.788151,85.788151,BUF,WR,True
00-0035544,Tom Kennedy,WR,DET,2026,RETURNING_FROM_INJURY_OR_SHORTENED,SHORTENED_PRIOR_SEASON,30.093000,2,9,0,6,6.000000,0.000000,0.000000,100.000000,0.074963,BACKUP,5,MEDIUM,False,True,77,8.187500,0.600000,1.000000,0.000000,6.457143,UNKNOWN,,False,6.000000,2.812500,4.962500,4.962500,4.962500,4.962500,38.742857,18.160714,32.043571,32.043571,32.043571,32.043571,102.000000,47.812500,84.362500,84.362500,84.362500,84.362500,DET,WR,True
00-0039816,Anthony Gould,WR,IND,2026,ASCENDING,SHORTENED_PRIOR_SEASON,25.405703,2,19,2,11,0.545455,2.875000,-81.027668,45.454545,0.000000,BACKUP,5,MEDIUM,False,True,497,8.200000,0.730769,1.060000,0.000000,9.189753,UNKNOWN,,False,6.000000,1.249544,3.120821,3.308070,3.308070,3.308070,55.138520,11.483002,28.679572,30.400346,30.400346,30.400346,102.000000,21.242249,53.053951,56.237188,56.237188,56.237188,IND,WR,True
00-0038576,Charlie Jones,WR,CIN,2026,DEVELOPING,,27.842440,3,32,2,14,0.000000,2.500649,-100.000000,-81.164384,0.000000,BACKUP,6,LOW,False,False,497,8.200000,0.727273,1.000000,0.000000,10.509091,UNKNOWN,,False,6.000000,0.650679,2.709584,2.709584,2.709584,2.709584,63.054545,6.838041,28.475270,28.475270,28.475270,28.475270,102.000000,11.061537,46.062936,46.062936,46.062936,46.062936,NYG,WR,True
00-0034054,River Cracraft,WR,WAS,2026,DECLINING,LATE_CAREER|SHORTENED_PRIOR_SEASON|RECENT_TEAM_CHANGE,31.834309,3,13,0,2,0.000000,15.638333,-100.000000,-100.000000,0.000000,BACKUP,11,LOW,False,True,52,7.350000,0.619048,0.913326,0.000000,5.420000,UNKNOWN,,False,6.000000,4.449271,5.554311,5.072894,5.072894,5.072894,32.520000,24.115048,30.104363,27.495083,27.495083,27.495083,102.000000,75.637604,94.423279,86.239191,86.239191,86.239191,WAS,WR,True
00-0037093,Dareke Young,WR,SEA,2026,RETURNING_FROM_INJURY_OR_SHORTENED,SHORTENED_PRIOR_SEASON,27.245577,3,16,1,8,6.000000,0.000000,0.000000,303.846154,0.074963,BACKUP,6,MEDIUM,False,True,497,8.200000,0.727273,1.000000,0.000000,6.771429,UNKNOWN,,False,6.000000,2.131429,3.786494,3.786494,3.786494,3.786494,40.628571,14.432816,25.639970,25.639970,25.639970,25.639970,102.000000,36.234286,64.370390,64.370390,64.370390,64.370390,LV,WR,True
00-0037745,Velus Jones Jr.,WR,SEA,2026,DEVELOPING,SHORTENED_PRIOR_SEASON|RECENT_TEAM_CHANGE,29.309958,3,20,1,5,0.000000,3.138462,-100.000000,-100.000000,0.000000,BACKUP,8,LOW,False,True,77,8.187500,0.625000,1.000000,0.000000,6.312500,UNKNOWN,,False,6.000000,0.967582,3.675052,3.675052,3.675052,3.675052,37.875000,6.107864,23.198763,23.198763,23.198763,23.198763,102.000000,16.448901,62.475876,62.475876,62.475876,62.475876,SEA,WR,True
