playerName,team,position,primaryMetric,role,roleSource,identityMatched,identityEligible,identityWeight,careerState,careerFlags,contractStatus,officialPerGame,identityPerGame,candidatePerGame,officialProjection,candidateProjection,delta,actualGames,identityProjectedGames,candidateRemainingGames,productionChanged
Jared Goff,DET,QB,passingYards,STARTER,current regular-season usage + depth-chart evidence,True,True,0.920000,PEAK,,UNKNOWN,130.100000,267.822914,256.805081,2557.000000,4278.161009,1721.161009,2.000000,16.809524,14.809524,False
Caleb Williams,CHI,QB,passingYards,STARTER,Ourlads depth chart,True,True,0.900000,ASCENDING,,UNKNOWN,113.700000,230.965370,219.238833,2009.000000,3623.354145,1614.354145,1.000000,16.478261,15.300000,False
Baker Mayfield,TB,QB,passingYards,STARTER,current regular-season usage + depth-chart evidence,True,True,0.900000,ESTABLISHED,,UNKNOWN,124.400000,235.125097,224.052587,2424.000000,3751.112169,1327.112169,2.000000,16.809524,14.809524,False
Justin Herbert,LAC,QB,passingYards,STARTER,current regular-season usage + depth-chart evidence,True,True,0.900000,ESTABLISHED,,UNKNOWN,122.400000,233.559066,222.443159,2394.000000,3522.741059,1128.741059,2.000000,15.881034,13.881034,False
Dak Prescott,DAL,QB,passingYards,STARTER,current regular-season usage + depth-chart evidence,True,True,0.920000,PEAK,,UNKNOWN,127.600000,259.505498,248.953058,2492.000000,3607.171604,1115.171604,2.000000,14.677778,12.677778,False
Josh Allen,BUF,QB,passingYards,STARTER,current regular-season usage + depth-chart evidence,True,True,0.900000,ESTABLISHED,,UNKNOWN,139.700000,234.816196,225.304576,2773.000000,3719.411469,946.411469,2.000000,16.120492,14.120492,False
Matthew Stafford,LAR,QB,passingYards,STARTER,current regular-season usage + depth-chart evidence,True,True,0.950000,ESTABLISHED,LATE_CAREER|ESTABLISHED_STAR_EVIDENCE,UNKNOWN,177.700000,262.985190,258.720931,3389.000000,4249.883725,860.883725,2.000000,16.320000,14.320000,False
Geno Smith,NYJ,QB,passingYards,STARTER,current regular-season usage + depth-chart evidence,True,True,0.900000,ESTABLISHED,RECENT_TEAM_CHANGE,UNKNOWN,132.800000,227.183474,217.745127,2662.000000,3470.761413,808.761413,2.000000,15.477966,13.477966,False
Trevor Lawrence,JAX,QB,passingYards,STARTER,current regular-season usage + depth-chart evidence,True,True,0.900000,ESTABLISHED,,UNKNOWN,134.500000,228.326763,218.944087,2579.000000,3230.479411,651.479411,2.000000,14.804545,12.804545,False
Puka Nacua,LAR,WR,receivingYards,STARTER,Ourlads depth chart,True,True,0.950000,ASCENDING,ESTABLISHED_STAR_EVIDENCE,UNKNOWN,47.800000,98.641288,96.099224,825.000000,1392.961844,567.961844,1.000000,14.725000,13.725000,False
Jordan Love,GB,QB,passingYards,STARTER,current regular-season usage + depth-chart evidence,True,True,0.900000,ESTABLISHED,,UNKNOWN,156.100000,229.813623,222.442261,3196.000000,3689.151839,493.151839,2.000000,15.442373,13.442373,False
Jaxon Smith-Njigba,SEA,WR,receivingYards,STARTER,Ourlads depth chart,True,True,0.950000,ASCENDING,ESTABLISHED_STAR_EVIDENCE,UNKNOWN,63.300000,88.447998,87.190598,1134.000000,1483.834137,349.834137,1.000000,16.619048,15.619048,False
Amon-Ra St. Brown,DET,WR,receivingYards,STARTER,current regular-season usage + depth-chart evidence,True,True,0.950000,PEAK,ESTABLISHED_STAR_EVIDENCE,UNKNOWN,50.900000,79.859744,78.411757,900.000000,1222.338083,322.338083,2.000000,16.491935,14.491935,False
George Pickens,DAL,WR,receivingYards,STARTER,current regular-season usage + depth-chart evidence,True,True,0.950000,PEAK,ESTABLISHED_STAR_EVIDENCE|RECENT_TEAM_CHANGE,UNKNOWN,43.600000,72.610607,71.160077,808.000000,1097.701864,289.701864,2.000000,15.880000,13.880000,False
Ja'Marr Chase,CIN,WR,receivingYards,STARTER,current regular-season usage + depth-chart evidence,True,True,0.950000,PEAK,ESTABLISHED_STAR_EVIDENCE,UNKNOWN,57.600000,86.387297,84.947932,1032.000000,1303.031015,271.031015,2.000000,16.044262,14.044262,False
Kyle Pitts Sr.,ATL,TE,receivingYards,STARTER,Ourlads depth chart,True,True,0.950000,ASCENDING,ESTABLISHED_STAR_EVIDENCE,UNKNOWN,32.900000,49.681830,48.842738,527.000000,781.483816,254.483816,0.000000,16.619048,16.000000,False
Jaylen Waddle,DEN,WR,receivingYards,STARTER,Ourlads depth chart,True,True,0.900000,ESTABLISHED,,UNKNOWN,32.300000,56.006570,53.635913,527.000000,777.840413,250.840413,1.000000,15.315789,14.315789,False
Jerry Jeudy,CLE,WR,receivingYards,STARTER,Ourlads depth chart,True,True,0.900000,ESTABLISHED,,UNKNOWN,29.900000,47.982701,46.174431,505.000000,741.331282,236.331282,1.000000,16.491935,15.491935,False
Lamar Jackson,BAL,QB,passingYards,STARTER,current regular-season usage + depth-chart evidence,True,True,0.900000,RETURNING_FROM_INJURY_OR_SHORTENED,SHORTENED_PRIOR_SEASON,UNKNOWN,170.500000,224.752793,219.327514,3237.000000,3467.518130,230.518130,2.000000,15.484483,13.484483,False
Courtland Sutton,DEN,WR,receivingYards,STARTER,current regular-season usage + depth-chart evidence,True,True,0.900000,ESTABLISHED,,UNKNOWN,39.800000,59.348713,57.393842,693.000000,874.579981,181.579981,2.000000,16.245082,14.245082,False
Michael Pittman Jr.,PIT,WR,receivingYards,STARTER,current regular-season usage + depth-chart evidence,True,True,0.900000,ESTABLISHED,,UNKNOWN,32.500000,50.904780,49.064302,594.000000,772.925005,178.925005,2.000000,16.245082,14.245082,False
Brian Thomas Jr.,JAX,WR,receivingYards,STARTER,Ourlads depth chart,True,True,0.780000,DEVELOPING,,UNKNOWN,33.500000,53.461321,49.069830,576.000000,729.058579,153.058579,1.000000,15.042408,14.042408,False
Jauan Jennings,MIN,WR,receivingYards,STARTER,Ourlads depth chart,True,True,0.900000,ESTABLISHED,,UNKNOWN,28.800000,46.329766,44.576789,462.000000,614.619789,152.619789,1.000000,14.765455,13.765455,False
Rashid Shaheed,SEA,WR,receivingYards,STARTER,Ourlads depth chart,True,True,0.900000,ESTABLISHED,RECENT_TEAM_CHANGE,UNKNOWN,30.500000,45.764085,44.237676,488.000000,628.044903,140.044903,0.000000,14.197059,14.197059,False
Marvin Harrison Jr.,ARI,WR,receivingYards,STARTER,Ourlads depth chart,True,True,0.900000,RETURNING_FROM_INJURY_OR_SHORTENED,SHORTENED_PRIOR_SEASON,UNKNOWN,31.000000,50.669970,48.702973,569.000000,694.655852,125.655852,2.000000,14.764228,12.764228,False
Justin Jefferson,MIN,WR,receivingYards,STARTER,current regular-season usage + depth-chart evidence,True,True,0.900000,ESTABLISHED,,UNKNOWN,55.100000,73.834035,71.960632,989.000000,1113.201712,124.201712,2.000000,15.746429,13.746429,False
Bo Nix,DEN,QB,passingYards,STARTER,current regular-season usage + depth-chart evidence,True,True,0.780000,DEVELOPING,,UNKNOWN,193.200000,230.050391,221.943305,3407.000000,3530.353097,123.353097,2.000000,16.478261,14.478261,False
Khalil Shakir,BUF,WR,receivingYards,STARTER,Ourlads depth chart,True,True,0.900000,ESTABLISHED,,UNKNOWN,34.300000,47.435733,46.122160,599.000000,721.429197,122.429197,1.000000,15.557627,14.557627,False
Quentin Johnston,LAC,WR,receivingYards,STARTER,current regular-season usage + depth-chart evidence,True,True,0.900000,RETURNING_FROM_INJURY_OR_SHORTENED,SHORTENED_PRIOR_SEASON,UNKNOWN,30.200000,47.469945,45.742950,540.000000,644.435773,104.435773,2.000000,14.842105,12.842105,False
Jonathan Taylor,IND,RB,scrimmageYards,STARTER,current regular-season usage + depth-chart evidence,True,True,0.950000,ESTABLISHED,ESTABLISHED_STAR_EVIDENCE,UNKNOWN,,107.503647,107.503647,1516.000000,1619.045983,103.045983,2.000000,15.265094,13.265094,False
Romeo Doubs,NE,WR,receivingYards,STARTER,Ourlads depth chart,True,True,0.900000,ESTABLISHED,,UNKNOWN,33.400000,44.957310,43.801579,584.000000,670.906908,86.906908,1.000000,15.198276,14.198276,False
C.J. Stroud,HOU,QB,passingYards,STARTER,current regular-season usage + depth-chart evidence,True,True,0.780000,DEVELOPING,,UNKNOWN,167.300000,223.777344,211.352328,3117.000000,3196.961445,79.961445,2.000000,15.039655,13.039655,False
Hunter Henry,NE,TE,receivingYards,STARTER,Ourlads depth chart,True,True,0.900000,ESTABLISHED,,UNKNOWN,33.700000,42.372350,41.505115,566.000000,643.281253,77.281253,1.000000,15.872414,14.872414,False
Jameson Williams,DET,WR,receivingYards,STARTER,current regular-season usage + depth-chart evidence,True,True,0.920000,PEAK,,UNKNOWN,42.800000,57.570251,56.388631,780.000000,855.850665,75.850665,2.000000,15.510714,13.510714,False
Bijan Robinson,ATL,RB,scrimmageYards,STARTER,current regular-season usage + depth-chart evidence,True,True,0.950000,ASCENDING,ESTABLISHED_STAR_EVIDENCE,UNKNOWN,,126.397596,126.397596,2169.000000,2233.812523,64.812523,2.000000,16.619048,14.619048,False
Dalton Schultz,HOU,TE,receivingYards,STARTER,current regular-season usage + depth-chart evidence,True,True,0.900000,ESTABLISHED,,UNKNOWN,33.500000,40.954776,40.209298,600.000000,642.629652,42.629652,2.000000,16.365574,14.365574,False
CeeDee Lamb,DAL,WR,receivingYards,STARTER,current regular-season usage + depth-chart evidence,True,True,0.950000,RETURNING_FROM_INJURY_OR_SHORTENED,SHORTENED_PRIOR_SEASON|ESTABLISHED_STAR_EVIDENCE,UNKNOWN,62.000000,81.062787,80.109648,1148.000000,1184.776507,36.776507,2.000000,14.842105,12.842105,False
Xavier Worthy,KC,WR,receivingYards,STARTER,Ourlads depth chart,True,True,0.780000,DEVELOPING,,UNKNOWN,29.300000,39.984691,37.634059,506.000000,519.336453,13.336453,2.000000,14.789916,12.789916,False
Xavier Legette,CAR,WR,receivingYards,STARTER,Ourlads depth chart,True,True,0.780000,DEVELOPING,,UNKNOWN,30.700000,32.522268,32.121369,470.000000,481.820536,11.820536,0.000000,15.000000,15.000000,False
Chig Okonkwo,WAS,TE,receivingYards,STARTER,Ourlads depth chart,True,True,0.900000,ESTABLISHED,,UNKNOWN,30.700000,32.188649,32.039784,499.000000,508.482496,9.482496,1.000000,16.370968,15.370968,False
Tucker Kraft,GB,TE,receivingYards,STARTER,current regular-season usage + depth-chart evidence,True,True,0.950000,RETURNING_FROM_INJURY_OR_SHORTENED,SHORTENED_PRIOR_SEASON|ESTABLISHED_STAR_EVIDENCE,UNKNOWN,32.300000,45.717474,45.046600,607.000000,611.155751,4.155751,2.000000,13.547059,11.547059,False
Derrick Henry,BAL,RB,scrimmageYards,STARTER,current regular-season usage + depth-chart evidence,True,True,0.950000,ESTABLISHED,LATE_CAREER|ESTABLISHED_STAR_EVIDENCE,UNKNOWN,,103.296477,103.296477,1795.000000,1781.771655,-13.228345,2.000000,16.809524,14.809524,False
DK Metcalf,PIT,WR,receivingYards,STARTER,current regular-season usage + depth-chart evidence,True,True,0.900000,ESTABLISHED,RECENT_TEAM_CHANGE,UNKNOWN,49.200000,60.024015,58.941614,858.000000,844.253023,-13.746977,2.000000,15.118966,13.118966,False
Breece Hall,NYJ,RB,scrimmageYards,STARTER,current regular-season usage + depth-chart evidence,True,True,0.920000,PEAK,,UNKNOWN,,87.985320,87.985320,1419.000000,1398.087359,-20.912641,2.000000,15.923770,13.923770,False
Keon Coleman,BUF,WR,receivingYards,STARTER,Ourlads depth chart,True,True,0.900000,RETURNING_FROM_INJURY_OR_SHORTENED,SHORTENED_PRIOR_SEASON,UNKNOWN,33.000000,39.328989,38.696090,555.000000,514.251765,-40.748235,1.000000,13.333333,12.333333,False
Saquon Barkley,PHI,RB,scrimmageYards,STARTER,current regular-season usage + depth-chart evidence,True,True,0.760000,DECLINING,LATE_CAREER,UNKNOWN,,89.800673,89.800673,1446.000000,1395.843058,-50.156942,2.000000,15.762069,13.762069,False
Tre Tucker,LV,WR,receivingYards,STARTER,Ourlads depth chart,True,True,0.900000,ASCENDING,,UNKNOWN,39.500000,40.801695,40.671526,701.000000,644.088913,-56.911087,2.000000,16.115254,14.115254,False
Chase Brown,CIN,RB,scrimmageYards,STARTER,current regular-season usage + depth-chart evidence,True,True,0.900000,ASCENDING,,UNKNOWN,,85.134930,85.134930,1403.000000,1335.528404,-67.471596,2.000000,15.960526,13.960526,False
Rome Odunze,CHI,WR,receivingYards,STARTER,current regular-season usage + depth-chart evidence,True,True,0.900000,RETURNING_FROM_INJURY_OR_SHORTENED,SHORTENED_PRIOR_SEASON,UNKNOWN,43.500000,49.762601,49.136341,793.000000,723.187458,-69.812542,2.000000,14.764228,12.764228,False
Darnell Mooney,NYG,WR,receivingYards,STARTER,current regular-season usage + depth-chart evidence,True,True,0.900000,ESTABLISHED,,UNKNOWN,36.800000,39.796625,39.496963,635.000000,565.137782,-69.862218,2.000000,15.118421,13.118421,False
Dallas Goedert,PHI,TE,receivingYards,STARTER,Ourlads depth chart,True,True,0.900000,ESTABLISHED,,UNKNOWN,38.100000,42.872820,42.395538,687.000000,617.044326,-69.955674,1.000000,13.738235,12.738235,False
Tony Pollard,TEN,RB,scrimmageYards,STARTER,current regular-season usage + depth-chart evidence,True,True,0.900000,ESTABLISHED,LATE_CAREER,UNKNOWN,,77.962411,77.962411,1336.000000,1265.484782,-70.515218,2.000000,16.564516,14.564516,False
Mark Andrews,BAL,TE,receivingYards,STARTER,current regular-season usage + depth-chart evidence,True,True,0.900000,ESTABLISHED,,UNKNOWN,34.300000,34.493137,34.473823,622.000000,546.891964,-75.108036,2.000000,15.746429,13.746429,False
Patrick Mahomes,KC,QB,passingYards,STARTER,current regular-season usage + depth-chart evidence,True,True,0.900000,ESTABLISHED,,UNKNOWN,208.700000,252.596800,248.207120,3768.000000,3688.360314,-79.639686,2.000000,15.127586,13.127586,False
Travis Etienne Jr.,NO,RB,scrimmageYards,STARTER,current regular-season usage + depth-chart evidence,True,True,0.900000,ESTABLISHED,,UNKNOWN,,75.267096,75.267096,1307.000000,1225.923490,-81.076510,2.000000,16.321311,14.321311,False
Drake Maye,NE,QB,passingYards,STARTER,current regular-season usage + depth-chart evidence,True,True,0.900000,ASCENDING,,UNKNOWN,209.300000,247.180569,243.392512,3725.000000,3643.368402,-81.631598,2.000000,15.420168,13.420168,False
Adonai Mitchell,NYJ,WR,receivingYards,STARTER,Ourlads depth chart,True,True,0.900000,ASCENDING,RECENT_TEAM_CHANGE,UNKNOWN,34.200000,30.392133,30.772920,607.000000,521.352443,-85.647557,1.000000,15.992157,14.992157,False
Tyler Allgeier,ARI,RB,scrimmageYards,CO-STARTER / COMMITTEE,Ourlads depth chart,True,True,0.900000,ESTABLISHED,,UNKNOWN,,41.246987,41.246987,769.000000,681.991683,-87.008317,2.000000,16.619048,14.619048,False
Ryan Flournoy,DAL,WR,receivingYards,STARTER,Ourlads depth chart,True,True,0.900000,ASCENDING,,UNKNOWN,29.000000,32.533938,32.180544,508.000000,416.915709,-91.084291,2.000000,13.588235,11.588235,False
DeVonta Smith,PHI,WR,receivingYards,STARTER,current regular-season usage + depth-chart evidence,True,True,0.900000,ESTABLISHED,,UNKNOWN,56.800000,60.383577,60.025219,1027.000000,929.271872,-97.728128,2.000000,15.515517,13.515517,False
Kendrick Bourne,ARI,WR,receivingYards,STARTER,current regular-season usage + depth-chart evidence,True,True,0.900000,ESTABLISHED,LATE_CAREER|RECENT_TEAM_CHANGE,UNKNOWN,33.400000,38.735653,38.202088,632.000000,523.036329,-108.963671,2.000000,13.152174,11.152174,False
Pat Freiermuth,PIT,TE,receivingYards,STARTER,current regular-season usage + depth-chart evidence,True,True,0.900000,ESTABLISHED,,UNKNOWN,34.600000,33.902335,33.972102,630.000000,517.637319,-112.362681,2.000000,15.000000,13.000000,False
James Cook III,BUF,RB,scrimmageYards,STARTER,current regular-season usage + depth-chart evidence,True,True,0.950000,ESTABLISHED,ESTABLISHED_STAR_EVIDENCE,UNKNOWN,,97.874179,97.874179,1763.000000,1648.490046,-114.509954,2.000000,16.564516,14.564516,False
Terry McLaurin,WAS,WR,receivingYards,STARTER,current regular-season usage + depth-chart evidence,True,True,0.900000,RETURNING_FROM_INJURY_OR_SHORTENED,SHORTENED_PRIOR_SEASON,UNKNOWN,53.800000,59.484616,58.916154,952.000000,836.078964,-115.921036,2.000000,14.646429,12.646429,False
Tee Higgins,CIN,WR,receivingYards,STARTER,current regular-season usage + depth-chart evidence,True,True,0.900000,ESTABLISHED,,UNKNOWN,51.800000,60.342920,59.488628,977.000000,860.938900,-116.061100,2.000000,13.967647,11.967647,False
Malik Nabers,NYG,WR,receivingYards,STARTER,current regular-season usage + depth-chart evidence,True,True,0.950000,RETURNING_FROM_INJURY_OR_SHORTENED,SHORTENED_PRIOR_SEASON|ESTABLISHED_STAR_EVIDENCE,UNKNOWN,50.000000,70.447847,69.425455,896.000000,779.101976,-116.898024,2.000000,11.853763,9.853763,False
Jalen Nailor,LV,WR,receivingYards,STARTER,Ourlads depth chart,True,True,0.900000,ESTABLISHED,,UNKNOWN,30.300000,26.884433,27.225990,511.000000,393.971574,-117.028426,1.000000,14.478723,13.478723,False
Wan'Dale Robinson,TEN,WR,receivingYards,STARTER,current regular-season usage + depth-chart evidence,True,True,0.920000,PEAK,,UNKNOWN,52.000000,50.717053,50.819689,927.000000,802.410068,-124.589932,2.000000,15.920000,13.920000,False
Jordan Whittington,LAR,WR,receivingYards,STARTER,Ourlads depth chart,True,True,0.780000,DEVELOPING,,UNKNOWN,32.000000,23.697139,25.523768,511.000000,376.484747,-134.515253,0.000000,14.750359,14.750359,False
Jordan Addison,MIN,WR,receivingYards,STARTER,Ourlads depth chart,True,True,0.780000,DEVELOPING,,UNKNOWN,51.000000,47.994857,48.655988,906.000000,761.536524,-144.463476,1.000000,14.801724,13.801724,False
Jakobi Meyers,JAX,WR,receivingYards,STARTER,current regular-season usage + depth-chart evidence,True,True,0.900000,ESTABLISHED,RECENT_TEAM_CHANGE,UNKNOWN,58.800000,55.985138,56.266624,1027.000000,866.841903,-160.158097,2.000000,15.557627,13.557627,False
Ladd McConkey,LAC,WR,receivingYards,STARTER,current regular-season usage + depth-chart evidence,True,True,0.780000,DEVELOPING,,UNKNOWN,58.400000,53.233804,54.370367,1065.000000,894.356873,-170.643127,2.000000,15.727273,13.727273,False
Keenan Allen,IND,WR,receivingYards,STARTER,current regular-season usage + depth-chart evidence,True,True,0.760000,DECLINING,LATE_CAREER|RECENT_TEAM_CHANGE,UNKNOWN,51.000000,46.029512,47.222429,910.000000,738.716273,-171.283727,2.000000,15.631579,13.631579,False
Devaughn Vele,NO,WR,receivingYards,STARTER,current regular-season usage + depth-chart evidence,True,True,0.900000,RETURNING_FROM_INJURY_OR_SHORTENED,SHORTENED_PRIOR_SEASON|RECENT_TEAM_CHANGE,UNKNOWN,35.200000,37.256557,37.050901,671.000000,496.961807,-174.038193,2.000000,12.498039,10.498039,False
Josh Downs,IND,WR,receivingYards,STARTER,current regular-season usage + depth-chart evidence,True,True,0.780000,DEVELOPING,,UNKNOWN,47.800000,42.869723,43.954384,879.000000,704.664989,-174.335011,2.000000,15.438136,13.438136,False
Kayshon Boutte,HOU,WR,receivingYards,STARTER,current regular-season usage + depth-chart evidence,True,True,0.900000,ASCENDING,,UNKNOWN,39.400000,40.262577,40.176319,673.000000,495.627165,-177.372835,2.000000,13.290909,11.290909,False
Parker Washington,JAX,WR,receivingYards,STARTER,current regular-season usage + depth-chart evidence,True,True,0.900000,ASCENDING,,UNKNOWN,47.000000,46.047627,46.142864,875.000000,694.802374,-180.197626,2.000000,14.392000,12.392000,False
Michael Wilson,ARI,WR,receivingYards,STARTER,current regular-season usage + depth-chart evidence,True,True,0.900000,ASCENDING,,UNKNOWN,58.500000,53.914290,54.372861,1082.000000,899.282838,-182.717162,2.000000,15.872414,13.872414,False
Drake London,ATL,WR,receivingYards,STARTER,current regular-season usage + depth-chart evidence,True,True,0.950000,RETURNING_FROM_INJURY_OR_SHORTENED,SHORTENED_PRIOR_SEASON|ESTABLISHED_STAR_EVIDENCE,UNKNOWN,68.300000,69.616489,69.550665,1316.000000,1127.158639,-188.841361,2.000000,15.000000,13.000000,False
Jahmyr Gibbs,DET,RB,scrimmageYards,STARTER,current regular-season usage + depth-chart evidence,True,True,0.950000,ASCENDING,ESTABLISHED_STAR_EVIDENCE,UNKNOWN,,106.785490,106.785490,2077.000000,1884.034859,-192.965141,2.000000,16.365574,14.365574,False
Colby Parkinson,LAR,TE,receivingYards,STARTER,Ourlads depth chart,True,True,0.900000,ESTABLISHED,,UNKNOWN,36.400000,25.227867,26.345080,583.000000,389.976529,-193.023471,0.000000,14.802632,14.802632,False
Olamide Zaccheaus,ATL,WR,receivingYards,STARTER,Ourlads depth chart,True,True,0.900000,ESTABLISHED,RECENT_TEAM_CHANGE,UNKNOWN,33.900000,26.943155,27.638840,556.000000,355.131078,-200.868922,2.000000,14.342453,12.342453,False
Kyren Williams,LAR,RB,scrimmageYards,STARTER,current regular-season usage + depth-chart evidence,True,True,0.950000,ESTABLISHED,ESTABLISHED_STAR_EVIDENCE,UNKNOWN,,93.235632,93.235632,1736.000000,1524.618465,-211.381535,2.000000,15.960526,13.960526,False
Brenton Strange,JAX,TE,receivingYards,STARTER,current regular-season usage + depth-chart evidence,True,True,0.900000,RETURNING_FROM_INJURY_OR_SHORTENED,SHORTENED_PRIOR_SEASON,UNKNOWN,35.400000,31.719342,32.087408,621.000000,390.955160,-230.044840,2.000000,12.470000,10.470000,False
Christian McCaffrey,SF,RB,scrimmageYards,STARTER,current regular-season usage + depth-chart evidence,True,True,0.950000,ESTABLISHED,LATE_CAREER|ESTABLISHED_STAR_EVIDENCE,UNKNOWN,,109.568724,109.568724,1720.000000,1485.618681,-234.381319,2.000000,13.696939,11.696939,False
Jalen Hurts,PHI,QB,passingYards,STARTER,current regular-season usage + depth-chart evidence,True,True,0.900000,ESTABLISHED,,UNKNOWN,195.500000,206.788960,205.660064,3484.000000,3210.561688,-273.438312,2.000000,15.880000,13.880000,False
Tommy Tremble,CAR,TE,receivingYards,STARTER,current regular-season usage + depth-chart evidence,True,True,0.900000,ESTABLISHED,,UNKNOWN,33.000000,20.105961,21.395365,594.000000,319.452787,-274.547213,2.000000,13.846154,11.846154,False
Bucky Irving,TB,RB,scrimmageYards,STARTER,current regular-season usage + depth-chart evidence,True,True,0.900000,RETURNING_FROM_INJURY_OR_SHORTENED,SHORTENED_PRIOR_SEASON,UNKNOWN,,87.504088,87.504088,1490.000000,1211.818797,-278.181203,2.000000,14.123077,12.123077,False
Davante Adams,LAR,WR,receivingYards,STARTER,current regular-season usage + depth-chart evidence,True,True,0.760000,DECLINING,LATE_CAREER|RECENT_TEAM_CHANGE,UNKNOWN,64.000000,55.756290,57.734780,1187.000000,888.483068,-298.516932,2.000000,14.565789,12.565789,False
D'Andre Swift,CHI,RB,scrimmageYards,STARTER,current regular-season usage + depth-chart evidence,True,True,0.900000,ESTABLISHED,,UNKNOWN,,83.228523,83.228523,1714.000000,1407.256064,-306.743936,2.000000,16.240984,14.240984,False
Garrett Wilson,NYJ,WR,receivingYards,STARTER,current regular-season usage + depth-chart evidence,True,True,0.900000,RETURNING_FROM_INJURY_OR_SHORTENED,SHORTENED_PRIOR_SEASON,UNKNOWN,65.400000,59.081203,59.713083,1232.000000,892.980387,-339.019613,2.000000,13.839623,11.839623,False
Dontayvion Wicks,PHI,WR,receivingYards,STARTER,current regular-season usage + depth-chart evidence,True,True,0.900000,RETURNING_FROM_INJURY_OR_SHORTENED,SHORTENED_PRIOR_SEASON,UNKNOWN,47.900000,30.103773,31.883396,872.000000,522.001243,-349.998757,2.000000,15.078947,13.078947,False
Mike Evans,SF,WR,receivingYards,STARTER,current regular-season usage + depth-chart evidence,True,True,0.760000,DECLINING,LATE_CAREER|SHORTENED_PRIOR_SEASON,UNKNOWN,55.100000,49.113425,50.550203,948.000000,591.326876,-356.673124,2.000000,12.055882,10.055882,False
Javonte Williams,DAL,RB,scrimmageYards,STARTER,current regular-season usage + depth-chart evidence,True,True,0.900000,ESTABLISHED,RECENT_TEAM_CHANGE,UNKNOWN,,71.618686,71.618686,1553.000000,1194.920561,-358.079439,2.000000,16.240984,14.240984,False
Rashee Rice,KC,WR,receivingYards,STARTER,current regular-season usage + depth-chart evidence,True,True,0.950000,RETURNING_FROM_INJURY_OR_SHORTENED,SHORTENED_PRIOR_SEASON|ESTABLISHED_STAR_EVIDENCE,UNKNOWN,57.900000,67.097517,66.637641,1033.000000,665.423433,-367.576567,2.000000,10.380000,8.380000,False
Xavier Hutchinson,HOU,WR,receivingYards,STARTER,current regular-season usage + depth-chart evidence,True,True,0.900000,ASCENDING,,UNKNOWN,47.400000,25.249612,27.464651,841.000000,435.768169,-405.231831,2.000000,14.844444,12.844444,False
Chris Olave,NO,WR,receivingYards,STARTER,current regular-season usage + depth-chart evidence,True,True,0.950000,PEAK,ESTABLISHED_STAR_EVIDENCE,UNKNOWN,74.900000,64.020316,64.564300,1488.000000,1058.805123,-429.194877,2.000000,13.923077,11.923077,False
Sam Darnold,SEA,QB,passingYards,STARTER,Ourlads depth chart,True,True,0.900000,ESTABLISHED,RECENT_TEAM_CHANGE,UNKNOWN,232.500000,213.488794,215.389915,4099.000000,3601.386911,-497.613089,1.000000,15.960714,14.960714,False
Mack Hollins,NE,WR,receivingYards,STARTER,current regular-season usage + depth-chart evidence,True,True,0.900000,ESTABLISHED,LATE_CAREER|RECENT_TEAM_CHANGE,UNKNOWN,60.600000,33.320326,36.048293,1107.000000,595.354540,-511.645460,2.000000,14.687273,12.687273,False
Malik Washington,MIA,WR,receivingYards,STARTER,current regular-season usage + depth-chart evidence,True,True,0.900000,ASCENDING,,UNKNOWN,56.100000,24.752970,27.887673,1007.000000,490.462177,-516.537823,2.000000,15.678523,13.678523,False
Jalen Coker,CAR,WR,receivingYards,STARTER,current regular-season usage + depth-chart evidence,True,True,0.900000,RETURNING_FROM_INJURY_OR_SHORTENED,SHORTENED_PRIOR_SEASON,UNKNOWN,61.100000,41.233223,43.219901,1134.000000,605.995449,-528.004551,2.000000,12.411765,10.411765,False
Jaylen Warren,PIT,RB,scrimmageYards,STARTER,current regular-season usage + depth-chart evidence,True,True,0.900000,ESTABLISHED,,UNKNOWN,,72.090438,72.090438,1782.000000,1249.615279,-532.384721,2.000000,15.880000,13.880000,False
Christian Watson,GB,WR,receivingYards,STARTER,current regular-season usage + depth-chart evidence,True,True,0.900000,RETURNING_FROM_INJURY_OR_SHORTENED,SHORTENED_PRIOR_SEASON,UNKNOWN,70.000000,52.069047,53.862142,1363.000000,799.036831,-563.963169,2.000000,12.323333,10.323333,False
Kenneth Walker III,KC,RB,scrimmageYards,STARTER,current regular-season usage + depth-chart evidence,True,True,0.900000,ESTABLISHED,,UNKNOWN,,78.521221,78.521221,1872.000000,1278.636927,-593.363073,2.000000,14.921818,12.921818,False
Kalif Raymond,CHI,WR,receivingYards,STARTER,current regular-season usage + depth-chart evidence,True,True,0.760000,DECLINING,LATE_CAREER,UNKNOWN,64.900000,23.634285,33.538057,1213.000000,594.183923,-618.816077,2.000000,14.528571,12.528571,False
Bryce Young,CAR,QB,passingYards,STARTER,current regular-season usage + depth-chart evidence,True,True,0.780000,DEVELOPING,,UNKNOWN,225.600000,193.823046,200.813976,4261.000000,3326.288113,-934.711887,2.000000,15.317241,13.317241,False
Aaron Rodgers,PIT,QB,passingYards,STARTER,current regular-season usage + depth-chart evidence,True,True,0.900000,ESTABLISHED,LATE_CAREER|RECENT_TEAM_CHANGE,UNKNOWN,211.600000,188.158088,190.502279,3898.000000,2905.460212,-992.539788,2.000000,14.558696,12.558696,False
Daniel Jones,IND,QB,passingYards,STARTER,current regular-season usage + depth-chart evidence,True,True,0.900000,RETURNING_FROM_INJURY_OR_SHORTENED,SHORTENED_PRIOR_SEASON|RECENT_TEAM_CHANGE,UNKNOWN,198.400000,218.614864,216.593378,3575.000000,2521.766043,-1053.233957,2.000000,11.791463,9.791463,False
Jacoby Brissett,ARI,QB,passingYards,STARTER,current regular-season usage + depth-chart evidence,True,True,0.900000,ASCENDING,RECENT_TEAM_CHANGE,UNKNOWN,207.000000,220.262610,218.936349,3870.000000,2773.261353,-1096.738647,2.000000,12.122857,10.122857,False
Michael Penix Jr.,ATL,QB,passingYards,STARTER,Ourlads depth chart,True,True,0.900000,RETURNING_FROM_INJURY_OR_SHORTENED,SHORTENED_PRIOR_SEASON,UNKNOWN,201.500000,203.045873,202.891286,3480.000000,2207.918252,-1272.081748,1.000000,10.620513,9.620513,False
Tyler Shough,NO,QB,passingYards,STARTER,current regular-season usage + depth-chart evidence,True,False,0.000000,LOW_SAMPLE,SHORTENED_PRIOR_SEASON,UNKNOWN,225.100000,222.392060,225.100000,4267.000000,4267.000000,0.000000,2.000000,13.086957,16.000000,False
Brock Purdy,SF,QB,passingYards,STARTER,current regular-season usage + depth-chart evidence,True,False,0.000000,RETURNING_FROM_INJURY_OR_SHORTENED,SHORTENED_PRIOR_SEASON|ROLE_DROP,UNKNOWN,218.900000,236.442255,218.900000,4005.000000,4005.000000,0.000000,2.000000,11.269231,16.000000,False
Kirk Cousins,LV,QB,passingYards,STARTER,current regular-season usage + depth-chart evidence,True,False,0.000000,DECLINING,LATE_CAREER|SHORTENED_PRIOR_SEASON|ROLE_DROP,UNKNOWN,194.700000,176.659468,194.700000,3523.000000,3523.000000,0.000000,2.000000,9.290909,16.000000,False
Malik Willis,MIA,QB,passingYards,STARTER,current regular-season usage + depth-chart evidence,True,False,0.000000,RETURNING_FROM_INJURY_OR_SHORTENED,SHORTENED_PRIOR_SEASON,UNKNOWN,187.900000,101.514822,187.900000,3437.000000,3437.000000,0.000000,2.000000,4.650000,16.000000,False
Kyler Murray,MIN,QB,passingYards,STARTER,Ourlads depth chart,True,False,0.000000,RETURNING_FROM_INJURY_OR_SHORTENED,SHORTENED_PRIOR_SEASON|ROLE_DROP,UNKNOWN,196.300000,197.818114,196.300000,3310.000000,3310.000000,0.000000,1.000000,8.964286,16.000000,False
Joe Burrow,CIN,QB,passingYards,STARTER,current regular-season usage + depth-chart evidence,True,False,0.000000,RETURNING_FROM_INJURY_OR_SHORTENED,SHORTENED_PRIOR_SEASON|ROLE_DROP,UNKNOWN,139.800000,233.476037,139.800000,2774.000000,2774.000000,0.000000,2.000000,10.287234,16.000000,False
Deshaun Watson,CLE,QB,passingYards,STARTER,current regular-season usage + depth-chart evidence,False,False,0.000000,,,,149.300000,,149.300000,2738.000000,2738.000000,0.000000,2.000000,,16.000000,False
Cam Ward,TEN,QB,passingYards,STARTER,current regular-season usage + depth-chart evidence,True,False,0.000000,LOW_SAMPLE,,UNKNOWN,108.000000,207.544699,108.000000,2048.000000,2048.000000,0.000000,2.000000,16.172414,16.000000,False
Jayden Daniels,WAS,QB,passingYards,STARTER,Ourlads depth chart,True,False,0.000000,RETURNING_FROM_INJURY_OR_SHORTENED,SHORTENED_PRIOR_SEASON|ROLE_DROP,UNKNOWN,98.100000,181.088408,98.100000,1734.000000,1734.000000,0.000000,1.000000,9.888889,16.000000,False
Jameis Winston,NYG,QB,passingYards,STARTER,Ourlads depth chart,True,False,0.000000,RETURNING_FROM_INJURY_OR_SHORTENED,SHORTENED_PRIOR_SEASON|ROLE_DROP|RECENT_TEAM_CHANGE,UNKNOWN,90.400000,155.046887,90.400000,1565.000000,1565.000000,0.000000,1.000000,6.218750,16.000000,False
Joey Aguilar,JAX,QB,passingYards,STARTER,Ourlads depth chart,False,False,0.000000,,,,97.700000,,97.700000,1563.000000,1563.000000,0.000000,0.000000,,16.000000,False
Shane Buechele,BUF,QB,passingYards,STARTER,Ourlads depth chart,True,False,0.000000,LOW_SAMPLE,SHORTENED_PRIOR_SEASON,UNKNOWN,96.600000,122.396825,96.600000,1546.000000,1546.000000,0.000000,0.000000,4.692308,16.000000,False
Kedon Slovis,GB,QB,passingYards,STARTER,Ourlads depth chart,True,False,0.000000,LOW_SAMPLE,SHORTENED_PRIOR_SEASON,UNKNOWN,95.900000,113.867424,95.900000,1535.000000,1535.000000,0.000000,0.000000,4.571429,16.000000,False
Miller Moss,CHI,QB,passingYards,STARTER,Ourlads depth chart,False,False,0.000000,,,,95.500000,,95.500000,1528.000000,1528.000000,0.000000,0.000000,,16.000000,False
Luke Altmyer,DET,QB,passingYards,STARTER,Ourlads depth chart,False,False,0.000000,,,,93.700000,,93.700000,1498.000000,1498.000000,0.000000,0.000000,,16.000000,False
Joe Milton III,DAL,QB,passingYards,STARTER,Ourlads depth chart,True,False,0.000000,LOW_SAMPLE,SHORTENED_PRIOR_SEASON|RECENT_TEAM_CHANGE,UNKNOWN,91.300000,117.974888,91.300000,1461.000000,1461.000000,0.000000,0.000000,4.394464,16.000000,False
DJ Uiagalelei,LAC,QB,passingYards,STARTER,Ourlads depth chart,False,False,0.000000,,,,90.800000,,90.800000,1454.000000,1454.000000,0.000000,0.000000,,16.000000,False
Sean Clifford,CIN,QB,passingYards,STARTER,Ourlads depth chart,False,False,0.000000,,,,90.200000,,90.200000,1443.000000,1443.000000,0.000000,0.000000,,16.000000,False
Sam Hartman,WAS,QB,passingYards,STARTER,Ourlads depth chart,False,False,0.000000,,,,89.900000,,89.900000,1438.000000,1438.000000,0.000000,0.000000,,16.000000,False
Will Levis,NYJ,QB,passingYards,STARTER,Ourlads depth chart,False,False,0.000000,,,,87.800000,,87.800000,1404.000000,1404.000000,0.000000,0.000000,,16.000000,False
Easton Stick,TB,QB,passingYards,STARTER,Ourlads depth chart,False,False,0.000000,,,,87.700000,,87.700000,1403.000000,1403.000000,0.000000,0.000000,,16.000000,False
Hendon Hooker,TEN,QB,passingYards,STARTER,Ourlads depth chart,False,False,0.000000,,,,86.400000,,86.400000,1383.000000,1383.000000,0.000000,0.000000,,16.000000,False
Jake Haener,NYG,QB,passingYards,STARTER,Ourlads depth chart,False,False,0.000000,,,,77.000000,,77.000000,1233.000000,1233.000000,0.000000,0.000000,,16.000000,False
Graham Mertz,HOU,QB,passingYards,UNCERTAIN,uncertain fallback because no verified depth source was available,False,False,0.000000,,,,54.800000,,54.800000,877.000000,877.000000,0.000000,0.000000,,16.000000,False
Matthew Caldwell,LAR,QB,passingYards,UNCERTAIN,uncertain fallback because no verified depth source was available,False,False,0.000000,,,,53.900000,,53.900000,863.000000,863.000000,0.000000,0.000000,,16.000000,False
Jaxson Dart,NYG,QB,passingYards,UNCERTAIN,uncertain fallback because no verified depth source was available,True,False,0.000000,LOW_SAMPLE,,UNKNOWN,52.100000,199.475113,52.100000,855.000000,855.000000,0.000000,1.000000,14.461538,12.000000,False
Skylar Thompson,BAL,QB,passingYards,UNCERTAIN,uncertain fallback because no verified depth source was available,False,False,0.000000,,,,53.000000,,53.000000,847.000000,847.000000,0.000000,0.000000,,16.000000,False
Case Keenum,CHI,QB,passingYards,BACKUP,Ourlads depth chart,False,False,0.000000,,,,37.400000,,37.400000,846.000000,846.000000,0.000000,1.000000,,16.000000,False
Dillon Gabriel,CLE,QB,passingYards,UNCERTAIN,uncertain fallback because no verified depth source was available,True,False,0.000000,LOW_SAMPLE,SHORTENED_PRIOR_SEASON,UNKNOWN,51.300000,114.802778,51.300000,820.000000,820.000000,0.000000,0.000000,7.272727,16.000000,False
Drew Lock,SEA,QB,passingYards,BACKUP,Ourlads depth chart,True,False,0.000000,DEVELOPING,SHORTENED_PRIOR_SEASON|RECENT_TEAM_CHANGE,UNKNOWN,35.500000,86.132230,35.500000,755.000000,755.000000,0.000000,1.000000,4.650000,16.000000,False
Marcus Mariota,WAS,QB,passingYards,BACKUP,Ourlads depth chart,True,False,0.000000,RETURNING_FROM_INJURY_OR_SHORTENED,SHORTENED_PRIOR_SEASON,UNKNOWN,30.500000,167.195869,30.500000,671.000000,671.000000,0.000000,1.000000,10.000000,16.000000,False
Carson Wentz,MIN,QB,passingYards,BACKUP,Ourlads depth chart,True,False,0.000000,RETURNING_FROM_INJURY_OR_SHORTENED,SHORTENED_PRIOR_SEASON|RECENT_TEAM_CHANGE,UNKNOWN,29.200000,143.011400,29.200000,600.000000,600.000000,0.000000,1.000000,4.120000,16.000000,False
Cooper Rush,ATL,QB,passingYards,DEVELOPMENTAL,Ourlads depth chart,True,False,0.000000,DEVELOPING,SHORTENED_PRIOR_SEASON|ROLE_DROP|RECENT_TEAM_CHANGE,UNKNOWN,18.400000,101.472173,18.400000,437.000000,437.000000,0.000000,1.000000,6.215714,16.000000,False
Tommy DeVito,NE,QB,passingYards,BACKUP,Ourlads depth chart,False,False,0.000000,,,,18.700000,,18.700000,299.000000,299.000000,0.000000,0.000000,,16.000000,False
Justin Fields,KC,QB,passingYards,BACKUP,Ourlads depth chart,True,False,0.000000,RETURNING_FROM_INJURY_OR_SHORTENED,SHORTENED_PRIOR_SEASON|RECENT_TEAM_CHANGE,UNKNOWN,18.000000,155.784000,18.000000,287.000000,287.000000,0.000000,0.000000,11.927273,16.000000,False
Kyle McCord,MIA,QB,passingYards,BACKUP,Ourlads depth chart,False,False,0.000000,,,,18.000000,,18.000000,287.000000,287.000000,0.000000,0.000000,,16.000000,False
Mac Jones,SF,QB,passingYards,BACKUP,Ourlads depth chart,True,False,0.000000,RETURNING_FROM_INJURY_OR_SHORTENED,SHORTENED_PRIOR_SEASON|RECENT_TEAM_CHANGE,UNKNOWN,17.800000,194.624816,17.800000,286.000000,286.000000,0.000000,0.000000,12.072727,16.000000,False
Andy Dalton,PHI,QB,passingYards,BACKUP,Ourlads depth chart,True,False,0.000000,DECLINING,LATE_CAREER|SHORTENED_PRIOR_SEASON,UNKNOWN,17.600000,117.647394,17.600000,282.000000,282.000000,0.000000,0.000000,4.650000,16.000000,False
Jarrett Stidham,DEN,QB,passingYards,BACKUP,Ourlads depth chart,True,False,0.000000,LOW_SAMPLE,SHORTENED_PRIOR_SEASON,UNKNOWN,17.600000,103.137333,17.600000,282.000000,282.000000,0.000000,0.000000,3.955882,16.000000,False
Tua Tagovailoa,ATL,QB,passingYards,BACKUP,Ourlads depth chart,True,False,0.000000,ESTABLISHED,,UNKNOWN,17.400000,225.233930,17.400000,278.000000,278.000000,0.000000,0.000000,14.094444,16.000000,False
Mason Rudolph,PIT,QB,passingYards,BACKUP,Ourlads depth chart,True,False,0.000000,DEVELOPING,SHORTENED_PRIOR_SEASON|RECENT_TEAM_CHANGE,UNKNOWN,17.100000,113.045410,17.100000,274.000000,274.000000,0.000000,0.000000,5.439655,16.000000,False
Anthony Richardson Sr.,IND,QB,passingYards,BACKUP,Ourlads depth chart,True,False,0.000000,DEVELOPING,SHORTENED_PRIOR_SEASON|ROLE_DROP,UNKNOWN,17.000000,84.458922,17.000000,271.000000,271.000000,0.000000,0.000000,5.000000,16.000000,False
Kenny Pickett,CAR,QB,passingYards,BACKUP,Ourlads depth chart,True,False,0.000000,DEVELOPING,SHORTENED_PRIOR_SEASON|RECENT_TEAM_CHANGE,UNKNOWN,16.800000,76.349949,16.800000,269.000000,269.000000,0.000000,0.000000,6.051429,16.000000,False
Fernando Mendoza,LV,QB,passingYards,BACKUP,Ourlads depth chart,False,False,0.000000,,,,16.800000,,16.800000,268.000000,268.000000,0.000000,0.000000,,16.000000,False
Spencer Rattler,NO,QB,passingYards,BACKUP,Ourlads depth chart,True,False,0.000000,RETURNING_FROM_INJURY_OR_SHORTENED,SHORTENED_PRIOR_SEASON,UNKNOWN,16.700000,166.755976,16.700000,267.000000,267.000000,0.000000,0.000000,6.676190,16.000000,False
Gardner Minshew II,ARI,QB,passingYards,BACKUP,Ourlads depth chart,True,False,0.000000,ESTABLISHED,SHORTENED_PRIOR_SEASON|ROLE_DROP|RECENT_TEAM_CHANGE,UNKNOWN,16.200000,94.916540,16.200000,260.000000,260.000000,0.000000,0.000000,6.857143,16.000000,False
Davis Mills,HOU,QB,passingYards,BACKUP,Ourlads depth chart,True,False,0.000000,RETURNING_FROM_INJURY_OR_SHORTENED,SHORTENED_PRIOR_SEASON,UNKNOWN,15.300000,100.785090,15.300000,245.000000,245.000000,0.000000,0.000000,4.972222,16.000000,False
Stetson Bennett IV,LAR,QB,passingYards,BACKUP,Ourlads depth chart,False,False,0.000000,,,,15.100000,,15.100000,242.000000,242.000000,0.000000,0.000000,,16.000000,False
Tyler Huntley,BAL,QB,passingYards,BACKUP,Ourlads depth chart,True,False,0.000000,DEVELOPING,SHORTENED_PRIOR_SEASON|RECENT_TEAM_CHANGE,UNKNOWN,14.800000,111.153249,14.800000,238.000000,238.000000,0.000000,0.000000,5.000000,16.000000,False
Shedeur Sanders,CLE,QB,passingYards,BACKUP,Ourlads depth chart,True,False,0.000000,LOW_SAMPLE,SHORTENED_PRIOR_SEASON,UNKNOWN,14.400000,211.076923,14.400000,230.000000,230.000000,0.000000,0.000000,12.200000,16.000000,False
Nick Mullens,JAX,QB,passingYards,BACKUP,Ourlads depth chart,True,False,0.000000,DEVELOPING,SHORTENED_PRIOR_SEASON|RECENT_TEAM_CHANGE,UNKNOWN,13.600000,76.420900,13.600000,217.000000,217.000000,0.000000,0.000000,4.558000,16.000000,False
Kyle Allen,BUF,QB,passingYards,BACKUP,Ourlads depth chart,True,False,0.000000,LOW_SAMPLE,SHORTENED_PRIOR_SEASON|RECENT_TEAM_CHANGE,UNKNOWN,13.200000,86.747529,13.200000,212.000000,212.000000,0.000000,0.000000,3.842857,16.000000,False
Tyrod Taylor,GB,QB,passingYards,BACKUP,Ourlads depth chart,True,False,0.000000,RETURNING_FROM_INJURY_OR_SHORTENED,LATE_CAREER|SHORTENED_PRIOR_SEASON,UNKNOWN,13.100000,120.235497,13.100000,210.000000,210.000000,0.000000,0.000000,5.240000,16.000000,False
Joshua Dobbs,DET,QB,passingYards,BACKUP,Ourlads depth chart,True,False,0.000000,DEVELOPING,SHORTENED_PRIOR_SEASON|RECENT_TEAM_CHANGE,UNKNOWN,12.800000,93.407987,12.800000,205.000000,205.000000,0.000000,0.000000,4.846774,16.000000,False
Joe Flacco,CIN,QB,passingYards,BACKUP,Ourlads depth chart,True,False,0.000000,DECLINING,LATE_CAREER|SHORTENED_PRIOR_SEASON|RECENT_TEAM_CHANGE,UNKNOWN,12.500000,203.654452,12.500000,201.000000,201.000000,0.000000,0.000000,11.945946,16.000000,False
Sam Howell,DAL,QB,passingYards,BACKUP,Ourlads depth chart,False,False,0.000000,,,,12.500000,,12.500000,200.000000,200.000000,0.000000,0.000000,,16.000000,False
Brett Rypien,TB,QB,passingYards,BACKUP,Ourlads depth chart,False,False,0.000000,,,,12.200000,,12.200000,195.000000,195.000000,0.000000,0.000000,,16.000000,False
Trey Lance,LAC,QB,passingYards,BACKUP,Ourlads depth chart,True,False,0.000000,RETURNING_FROM_INJURY_OR_SHORTENED,SHORTENED_PRIOR_SEASON|RECENT_TEAM_CHANGE,UNKNOWN,12.400000,89.226485,12.400000,195.000000,195.000000,0.000000,0.000000,4.600000,15.700000,False
Cade Klubnik,NYJ,QB,passingYards,BACKUP,Ourlads depth chart,False,False,0.000000,,,,12.000000,,12.000000,192.000000,192.000000,0.000000,0.000000,,16.000000,False
Mitchell Trubisky,TEN,QB,passingYards,BACKUP,Ourlads depth chart,True,False,0.000000,RETURNING_FROM_INJURY_OR_SHORTENED,SHORTENED_PRIOR_SEASON,UNKNOWN,11.800000,82.935183,11.800000,189.000000,189.000000,0.000000,0.000000,5.498276,16.000000,False
Behren Morton,NE,QB,passingYards,DEVELOPMENTAL,Ourlads depth chart,False,False,0.000000,,,,4.900000,,4.900000,78.000000,78.000000,0.000000,0.000000,,16.000000,False
Jalen Milroe,SEA,QB,passingYards,DEVELOPMENTAL,Ourlads depth chart,True,False,0.000000,LOW_SAMPLE,SHORTENED_PRIOR_SEASON,UNKNOWN,4.900000,109.003623,4.900000,78.000000,78.000000,0.000000,0.000000,4.600000,16.000000,False
Garrett Nussmeier,KC,QB,passingYards,DEVELOPMENTAL,Ourlads depth chart,False,False,0.000000,,,,4.700000,,4.700000,75.000000,75.000000,0.000000,0.000000,,16.000000,False
Kurtis Rourke,SF,QB,passingYards,DEVELOPMENTAL,Ourlads depth chart,False,False,0.000000,,,,4.700000,,4.700000,75.000000,75.000000,0.000000,0.000000,,16.000000,False
Max Brosmer,MIN,QB,passingYards,DEVELOPMENTAL,Ourlads depth chart,True,False,0.000000,LOW_SAMPLE,SHORTENED_PRIOR_SEASON,UNKNOWN,4.600000,105.003086,4.600000,74.000000,74.000000,0.000000,0.000000,5.736842,16.000000,False
Sam Ehlinger,DEN,QB,passingYards,DEVELOPMENTAL,Ourlads depth chart,False,False,0.000000,,,,4.600000,,4.600000,74.000000,74.000000,0.000000,0.000000,,16.000000,False
Tanner McKee,PHI,QB,passingYards,DEVELOPMENTAL,Ourlads depth chart,True,False,0.000000,LOW_SAMPLE,SHORTENED_PRIOR_SEASON,UNKNOWN,4.600000,116.908807,4.600000,74.000000,74.000000,0.000000,0.000000,4.431373,16.000000,False
Will Howard,PIT,QB,passingYards,DEVELOPMENTAL,Ourlads depth chart,False,False,0.000000,,,,4.500000,,4.500000,72.000000,72.000000,0.000000,0.000000,,16.000000,False
Riley Leonard,IND,QB,passingYards,DEVELOPMENTAL,Ourlads depth chart,True,False,0.000000,LOW_SAMPLE,SHORTENED_PRIOR_SEASON,UNKNOWN,4.400000,116.883333,4.400000,71.000000,71.000000,0.000000,0.000000,5.000000,16.000000,False
Haynes King,CAR,QB,passingYards,DEVELOPMENTAL,Ourlads depth chart,False,False,0.000000,,,,4.400000,,4.400000,70.000000,70.000000,0.000000,0.000000,,16.000000,False
Zach Wilson,NO,QB,passingYards,DEVELOPMENTAL,Ourlads depth chart,True,False,0.000000,DEVELOPING,SHORTENED_PRIOR_SEASON|ROLE_DROP|RECENT_TEAM_CHANGE,UNKNOWN,4.400000,83.924179,4.400000,70.000000,70.000000,0.000000,0.000000,6.042017,16.000000,False
Aidan O'Connell,LV,QB,passingYards,DEVELOPMENTAL,Ourlads depth chart,True,False,0.000000,DEVELOPING,SHORTENED_PRIOR_SEASON,UNKNOWN,4.400000,128.221429,4.400000,69.000000,69.000000,0.000000,0.000000,4.936364,15.700000,False
Carson Beck,ARI,QB,passingYards,DEVELOPMENTAL,Ourlads depth chart,False,False,0.000000,,,,4.200000,,4.200000,68.000000,68.000000,0.000000,0.000000,,16.000000,False
Brady Cook,MIA,QB,passingYards,DEVELOPMENTAL,Ourlads depth chart,True,False,0.000000,LOW_SAMPLE,SHORTENED_PRIOR_SEASON,UNKNOWN,4.100000,129.843333,4.100000,66.000000,66.000000,0.000000,0.000000,5.000000,16.000000,False
Bhayshul Tuten,JAX,RB,scrimmageYards,STARTER,current regular-season usage + depth-chart evidence,True,False,0.000000,LOW_SAMPLE,,UNKNOWN,,24.895238,,1668.000000,1668.000000,0.000000,2.000000,13.222222,16.000000,False
Ashton Jeanty,LV,RB,scrimmageYards,STARTER,current regular-season usage + depth-chart evidence,True,False,0.000000,LOW_SAMPLE,,UNKNOWN,,79.819127,,1628.000000,1628.000000,0.000000,2.000000,16.379310,16.000000,False
Chuba Hubbard,CAR,RB,scrimmageYards,STARTER,current regular-season usage + depth-chart evidence,True,False,0.000000,ROLE_CHANGED,ROLE_DROP,UNKNOWN,,54.991548,,1604.000000,1604.000000,0.000000,2.000000,15.238983,16.000000,False
Cam Skattebo,NYG,RB,scrimmageYards,STARTER,current regular-season usage + depth-chart evidence,True,False,0.000000,LOW_SAMPLE,SHORTENED_PRIOR_SEASON,UNKNOWN,,39.369048,,1565.000000,1565.000000,0.000000,2.000000,9.800000,16.000000,False
Jeremiyah Love,ARI,RB,scrimmageYards,STARTER,current regular-season usage + depth-chart evidence,False,False,0.000000,,,,,,,1538.000000,1538.000000,0.000000,2.000000,,16.000000,False
Aaron Jones Sr.,MIN,RB,scrimmageYards,STARTER,current regular-season usage + depth-chart evidence,True,False,0.000000,DECLINING,LATE_CAREER|SHORTENED_PRIOR_SEASON|ROLE_DROP,UNKNOWN,,60.882485,,1490.000000,1490.000000,0.000000,2.000000,13.269231,16.000000,False
David Montgomery,HOU,RB,scrimmageYards,STARTER,current regular-season usage + depth-chart evidence,True,False,0.000000,DECLINING,LATE_CAREER,UNKNOWN,,55.467897,,1457.000000,1457.000000,0.000000,2.000000,15.092105,16.000000,False
J'Mari Taylor,JAX,RB,scrimmageYards,STARTER,Ourlads depth chart,False,False,0.000000,,,,,,,1382.000000,1382.000000,0.000000,0.000000,,16.000000,False
Jadarian Price,SEA,RB,scrimmageYards,STARTER,Ourlads depth chart,False,False,0.000000,,,,,,,1360.000000,1360.000000,0.000000,1.000000,,16.000000,False
Rhamondre Stevenson,NE,RB,scrimmageYards,STARTER,current regular-season usage + depth-chart evidence,True,False,0.000000,ROLE_CHANGED,LATE_CAREER|ROLE_DROP,UNKNOWN,,61.111437,,1356.000000,1356.000000,0.000000,2.000000,13.773585,16.000000,False
Jacardia Wright,SEA,RB,scrimmageYards,STARTER,Ourlads depth chart,True,False,0.000000,LOW_SAMPLE,SHORTENED_PRIOR_SEASON,UNKNOWN,,7.793651,,1344.000000,1344.000000,0.000000,0.000000,7.461538,16.000000,False
Jaydn Ott,KC,RB,scrimmageYards,STARTER,Ourlads depth chart,False,False,0.000000,,,,,,,1344.000000,1344.000000,0.000000,0.000000,,16.000000,False
Sincere McCormick,SF,RB,scrimmageYards,STARTER,Ourlads depth chart,False,False,0.000000,,,,,,,1335.000000,1335.000000,0.000000,0.000000,,16.000000,False
Brock Lampe,BUF,RB,scrimmageYards,STARTER,Ourlads depth chart,False,False,0.000000,,,,,,,1333.000000,1333.000000,0.000000,0.000000,,16.000000,False
Quinshon Judkins,CLE,RB,scrimmageYards,STARTER,current regular-season usage + depth-chart evidence,True,False,0.000000,LOW_SAMPLE,,UNKNOWN,,77.361991,,1331.000000,1331.000000,0.000000,2.000000,14.692308,16.000000,False
Omarion Hampton,LAC,RB,scrimmageYards,STARTER,current regular-season usage + depth-chart evidence,True,False,0.000000,LOW_SAMPLE,SHORTENED_PRIOR_SEASON,UNKNOWN,,62.051724,,1330.000000,1330.000000,0.000000,2.000000,12.428571,16.000000,False
Cody Schrader,DEN,RB,scrimmageYards,STARTER,Ourlads depth chart,False,False,0.000000,,,,,,,1317.000000,1317.000000,0.000000,0.000000,,16.000000,False
Salvon Ahmed,CHI,RB,scrimmageYards,STARTER,Ourlads depth chart,False,False,0.000000,,,,,,,1312.000000,1312.000000,0.000000,0.000000,,16.000000,False
Jordan Waters,LAR,RB,scrimmageYards,STARTER,Ourlads depth chart,False,False,0.000000,,,,,,,1310.000000,1310.000000,0.000000,0.000000,,16.000000,False
Jabari Small,DET,RB,scrimmageYards,STARTER,Ourlads depth chart,False,False,0.000000,,,,,,,1293.000000,1293.000000,0.000000,0.000000,,16.000000,False
Cash Jones,ATL,RB,scrimmageYards,STARTER,Ourlads depth chart,False,False,0.000000,,,,,,,1292.000000,1292.000000,0.000000,0.000000,,16.000000,False
Dameon Pierce,PHI,RB,scrimmageYards,STARTER,Ourlads depth chart,True,False,0.000000,ESTABLISHED,SHORTENED_PRIOR_SEASON|ROLE_DROP|RECENT_TEAM_CHANGE,UNKNOWN,,16.424006,,1288.000000,1288.000000,0.000000,0.000000,7.893902,16.000000,False
Evan Hull,ARI,RB,scrimmageYards,STARTER,Ourlads depth chart,True,False,0.000000,RETURNING_FROM_INJURY_OR_SHORTENED,SHORTENED_PRIOR_SEASON|RECENT_TEAM_CHANGE,UNKNOWN,,7.812154,,1288.000000,1288.000000,0.000000,0.000000,6.280702,16.000000,False
Lew Nichols,PIT,RB,scrimmageYards,STARTER,Ourlads depth chart,True,False,0.000000,LOW_SAMPLE,SHORTENED_PRIOR_SEASON,UNKNOWN,,6.841270,,1287.000000,1287.000000,0.000000,0.000000,7.461538,16.000000,False
Jonathan Ward,BAL,RB,scrimmageYards,STARTER,Ourlads depth chart,False,False,0.000000,,,,,,,1286.000000,1286.000000,0.000000,0.000000,,16.000000,False
J.K. Dobbins,DEN,RB,scrimmageYards,STARTER,current regular-season usage + depth-chart evidence,True,False,0.000000,RETURNING_FROM_INJURY_OR_SHORTENED,SHORTENED_PRIOR_SEASON|ROLE_DROP|RECENT_TEAM_CHANGE,UNKNOWN,,68.788507,,1285.000000,1285.000000,0.000000,2.000000,10.966667,16.000000,False
Jawhar Jordan,HOU,RB,scrimmageYards,STARTER,Ourlads depth chart,True,False,0.000000,LOW_SAMPLE,SHORTENED_PRIOR_SEASON,UNKNOWN,,28.513889,,1284.000000,1284.000000,0.000000,0.000000,10.000000,16.000000,False
Kendall Milton,CIN,RB,scrimmageYards,STARTER,Ourlads depth chart,True,False,0.000000,LOW_SAMPLE,SHORTENED_PRIOR_SEASON,UNKNOWN,,6.936508,,1277.000000,1277.000000,0.000000,0.000000,7.461538,16.000000,False
Davon Booth,IND,RB,scrimmageYards,STARTER,Ourlads depth chart,False,False,0.000000,,,,,,,1268.000000,1268.000000,0.000000,0.000000,,16.000000,False
Jarquez Hunter,MIA,RB,scrimmageYards,STARTER,Ourlads depth chart,False,False,0.000000,,,,,,,1268.000000,1268.000000,0.000000,0.000000,,16.000000,False
Lan Larison,NE,RB,scrimmageYards,STARTER,Ourlads depth chart,False,False,0.000000,,,,,,,1263.000000,1263.000000,0.000000,0.000000,,16.000000,False
Israel Abanikanda,DAL,RB,scrimmageYards,STARTER,Ourlads depth chart,False,False,0.000000,,,,,,,1261.000000,1261.000000,0.000000,0.000000,,16.000000,False
Ahmani Marshall,CAR,RB,scrimmageYards,STARTER,Ourlads depth chart,False,False,0.000000,,,,,,,1260.000000,1260.000000,0.000000,0.000000,,16.000000,False
Roman Hemby,LV,RB,scrimmageYards,STARTER,Ourlads depth chart,False,False,0.000000,,,,,,,1255.000000,1255.000000,0.000000,0.000000,,16.000000,False
Pierre Strong Jr.,GB,RB,scrimmageYards,STARTER,Ourlads depth chart,False,False,0.000000,,,,,,,1250.000000,1250.000000,0.000000,0.000000,,16.000000,False
Zamir White,NO,RB,scrimmageYards,STARTER,Ourlads depth chart,True,False,0.000000,ESTABLISHED,SHORTENED_PRIOR_SEASON,UNKNOWN,,20.761645,,1248.000000,1248.000000,0.000000,0.000000,8.647368,16.000000,False
Jacory Croskey-Merritt,WAS,RB,scrimmageYards,STARTER,current regular-season usage + depth-chart evidence,True,False,0.000000,LOW_SAMPLE,,UNKNOWN,,68.797297,,1245.000000,1245.000000,0.000000,2.000000,16.172414,16.000000,False
Eric Gray,CLE,RB,scrimmageYards,STARTER,Ourlads depth chart,True,False,0.000000,DEVELOPING,SHORTENED_PRIOR_SEASON|ROLE_DROP,UNKNOWN,,3.444839,,1244.000000,1244.000000,0.000000,0.000000,6.817568,16.000000,False
Jaylen Wright,MIA,RB,scrimmageYards,STARTER,Ourlads depth chart,True,False,0.000000,RETURNING_FROM_INJURY_OR_SHORTENED,SHORTENED_PRIOR_SEASON,UNKNOWN,,27.894965,,1244.000000,1244.000000,0.000000,0.000000,11.086275,15.700000,False
Josh Williams,TB,RB,scrimmageYards,STARTER,Ourlads depth chart,True,False,0.000000,LOW_SAMPLE,SHORTENED_PRIOR_SEASON,UNKNOWN,,5.833333,,1241.000000,1241.000000,0.000000,0.000000,7.142857,16.000000,False
Grant Finley,NYG,RB,scrimmageYards,STARTER,Ourlads depth chart,False,False,0.000000,,,,,,,1239.000000,1239.000000,0.000000,0.000000,,16.000000,False
Robert Henry Jr.,WAS,RB,scrimmageYards,STARTER,Ourlads depth chart,False,False,0.000000,,,,,,,1234.000000,1234.000000,0.000000,0.000000,,16.000000,False
Al-Jay Henderson,NYJ,RB,scrimmageYards,STARTER,Ourlads depth chart,False,False,0.000000,,,,,,,1212.000000,1212.000000,0.000000,0.000000,,16.000000,False
TreVeyon Henderson,NE,RB,scrimmageYards,STARTER,Ourlads depth chart,True,False,0.000000,LOW_SAMPLE,,UNKNOWN,,75.797297,,1212.000000,1212.000000,0.000000,1.000000,16.172414,16.000000,False
Kalel Mullings,TEN,RB,scrimmageYards,STARTER,Ourlads depth chart,True,False,0.000000,LOW_SAMPLE,SHORTENED_PRIOR_SEASON,UNKNOWN,,6.277778,,1193.000000,1193.000000,0.000000,0.000000,7.000000,16.000000,False
MarShawn Lloyd,GB,RB,scrimmageYards,STARTER,current regular-season usage + depth-chart evidence,False,False,0.000000,,,,,,,1143.000000,1143.000000,0.000000,2.000000,,16.000000,False
Kyle Monangai,CHI,RB,scrimmageYards,ROTATIONAL,Ourlads depth chart,True,False,0.000000,LOW_SAMPLE,,UNKNOWN,,54.310811,,847.000000,847.000000,0.000000,2.000000,16.172414,16.000000,False
RJ Harvey,DEN,RB,scrimmageYards,CO-STARTER / COMMITTEE,Ourlads depth chart,True,False,0.000000,LOW_SAMPLE,,UNKNOWN,,69.418919,,805.000000,805.000000,0.000000,2.000000,16.172414,16.000000,False
Zay Flowers,BAL,RB,scrimmageYards,BACKUP,backup fallback because no verified depth source was available,False,False,0.000000,,,,,,,776.000000,776.000000,0.000000,2.000000,,15.700000,False
Rachaad White,WAS,RB,scrimmageYards,CO-STARTER / COMMITTEE,Ourlads depth chart,True,False,0.000000,ESTABLISHED,,UNKNOWN,,58.347913,,716.000000,716.000000,0.000000,2.000000,16.124590,16.000000,False
Kaelon Black,SF,RB,scrimmageYards,ROTATIONAL,Ourlads depth chart,False,False,0.000000,,,,,,,690.000000,690.000000,0.000000,1.000000,,16.000000,False
Braelon Allen,NYJ,RB,scrimmageYards,CO-STARTER / COMMITTEE,Ourlads depth chart,True,False,0.000000,RETURNING_FROM_INJURY_OR_SHORTENED,SHORTENED_PRIOR_SEASON|ROLE_DROP,UNKNOWN,,25.885083,,678.000000,678.000000,0.000000,2.000000,10.957576,16.000000,False
Emmett Johnson,KC,RB,scrimmageYards,ROTATIONAL,Ourlads depth chart,False,False,0.000000,,,,,,,676.000000,676.000000,0.000000,2.000000,,16.000000,False
Mike Washington Jr.,LV,RB,scrimmageYards,ROTATIONAL,Ourlads depth chart,False,False,0.000000,,,,,,,672.000000,672.000000,0.000000,2.000000,,16.000000,False
Brian Robinson Jr.,ATL,RB,scrimmageYards,ROTATIONAL,Ourlads depth chart,True,False,0.000000,ROLE_CHANGED,ROLE_DROP|RECENT_TEAM_CHANGE,UNKNOWN,,34.298451,,648.000000,648.000000,0.000000,2.000000,15.013793,16.000000,False
Blake Corum,LAR,RB,scrimmageYards,ROTATIONAL,Ourlads depth chart,True,False,0.000000,ASCENDING,,UNKNOWN,,43.075257,,638.000000,638.000000,0.000000,1.000000,15.941176,16.000000,False
Nico Collins,HOU,RB,scrimmageYards,UNCERTAIN,uncertain fallback because no verified depth source was available,False,False,0.000000,,,,,,,630.000000,630.000000,0.000000,1.000000,,16.000000,False
Ollie Gordon II,MIA,RB,scrimmageYards,ROTATIONAL,Ourlads depth chart,True,False,0.000000,LOW_SAMPLE,,UNKNOWN,,20.315117,,626.000000,626.000000,0.000000,1.000000,14.517241,16.000000,False
Chris Rodriguez Jr.,JAX,RB,scrimmageYards,ROTATIONAL,Ourlads depth chart,True,False,0.000000,RETURNING_FROM_INJURY_OR_SHORTENED,SHORTENED_PRIOR_SEASON,UNKNOWN,,37.624876,,622.000000,622.000000,0.000000,1.000000,10.975000,16.000000,False
Samaje Perine,CIN,RB,scrimmageYards,ROTATIONAL,Ourlads depth chart,True,False,0.000000,ESTABLISHED,LATE_CAREER|RECENT_TEAM_CHANGE,UNKNOWN,,30.523894,,616.000000,616.000000,0.000000,1.000000,15.132787,16.000000,False
Keaton Mitchell,LAC,RB,scrimmageYards,ROTATIONAL,Ourlads depth chart,True,False,0.000000,DEVELOPING,,UNKNOWN,,28.377940,,611.000000,611.000000,0.000000,1.000000,9.933333,15.700000,False
Najee Harris,NYG,RB,scrimmageYards,ROTATIONAL,Ourlads depth chart,True,False,0.000000,DECLINING,LATE_CAREER|SHORTENED_PRIOR_SEASON|ROLE_DROP|RECENT_TEAM_CHANGE,UNKNOWN,,35.322989,,607.000000,607.000000,0.000000,1.000000,9.226531,16.000000,False
Raheim Sanders,CLE,RB,scrimmageYards,ROTATIONAL,Ourlads depth chart,True,False,0.000000,LOW_SAMPLE,SHORTENED_PRIOR_SEASON,UNKNOWN,,10.694444,,606.000000,606.000000,0.000000,1.000000,7.000000,16.000000,False
Woody Marks,HOU,RB,scrimmageYards,ROTATIONAL,Ourlads depth chart,True,False,0.000000,LOW_SAMPLE,,UNKNOWN,,71.763889,,593.000000,593.000000,0.000000,2.000000,15.571429,16.000000,False
De'Von Achane,MIA,RB,scrimmageYards,UNCERTAIN,uncertain fallback because no verified depth source was available,True,False,0.000000,ASCENDING,ESTABLISHED_STAR_EVIDENCE,UNKNOWN,,109.454730,,582.000000,582.000000,0.000000,1.000000,15.432143,16.000000,False
Alvin Kamara,NO,RB,scrimmageYards,ROTATIONAL,Ourlads depth chart,True,False,0.000000,DECLINING,LATE_CAREER|SHORTENED_PRIOR_SEASON,UNKNOWN,,66.812477,,581.000000,581.000000,0.000000,1.000000,13.112000,16.000000,False
Sione Vaki,DET,RB,scrimmageYards,ROTATIONAL,Ourlads depth chart,True,False,0.000000,DEVELOPING,SHORTENED_PRIOR_SEASON,UNKNOWN,,4.063957,,580.000000,580.000000,0.000000,2.000000,8.206897,16.000000,False
Jordan Mason,MIN,RB,scrimmageYards,UNCERTAIN,uncertain fallback because no verified depth source was available,True,False,0.000000,ESTABLISHED,RECENT_TEAM_CHANGE,UNKNOWN,,55.245934,,577.000000,577.000000,0.000000,1.000000,15.057143,16.000000,False
Jonathon Brooks,CAR,RB,scrimmageYards,UNCERTAIN,uncertain fallback because no verified depth source was available,False,False,0.000000,,,,,,,569.000000,569.000000,0.000000,1.000000,,16.000000,False
Velus Jones Jr.,SEA,RB,scrimmageYards,ROTATIONAL,Ourlads depth chart,True,False,0.000000,DEVELOPING,SHORTENED_PRIOR_SEASON|RECENT_TEAM_CHANGE,UNKNOWN,,3.675052,,568.000000,568.000000,0.000000,0.000000,6.312500,16.000000,False
Frank Gore Jr.,BUF,RB,scrimmageYards,ROTATIONAL,Ourlads depth chart,False,False,0.000000,,,,,,,564.000000,564.000000,0.000000,0.000000,,16.000000,False
Justice Hill,BAL,RB,scrimmageYards,ROTATIONAL,Ourlads depth chart,True,False,0.000000,DECLINING,LATE_CAREER|SHORTENED_PRIOR_SEASON,UNKNOWN,,27.285118,,562.000000,562.000000,0.000000,1.000000,12.309434,16.000000,False
Adam Prentice,DEN,RB,scrimmageYards,ROTATIONAL,Ourlads depth chart,True,False,0.000000,ESTABLISHED,LATE_CAREER|RECENT_TEAM_CHANGE,UNKNOWN,,4.697303,,557.000000,557.000000,0.000000,0.000000,10.225000,16.000000,False
DeeJay Dallas,MIN,RB,scrimmageYards,ROTATIONAL,Ourlads depth chart,True,False,0.000000,RETURNING_FROM_INJURY_OR_SHORTENED,SHORTENED_PRIOR_SEASON|RECENT_TEAM_CHANGE,UNKNOWN,,4.241757,,552.000000,552.000000,0.000000,0.000000,11.344000,16.000000,False
Devin Neal,MIN,RB,scrimmageYards,ROTATIONAL,Ourlads depth chart,True,False,0.000000,LOW_SAMPLE,SHORTENED_PRIOR_SEASON,UNKNOWN,,27.425287,,552.000000,552.000000,0.000000,0.000000,10.142857,16.000000,False
Khalil Herbert,ATL,RB,scrimmageYards,ROTATIONAL,Ourlads depth chart,False,False,0.000000,,,,,,,546.000000,546.000000,0.000000,0.000000,,16.000000,False
Carson Steele,PHI,RB,scrimmageYards,ROTATIONAL,Ourlads depth chart,False,False,0.000000,,,,,,,545.000000,545.000000,0.000000,0.000000,,16.000000,False
Tank Bigsby,PHI,RB,scrimmageYards,ROTATIONAL,Ourlads depth chart,True,False,0.000000,ROLE_CHANGED,ROLE_DROP|RECENT_TEAM_CHANGE,UNKNOWN,,27.314886,,545.000000,545.000000,0.000000,0.000000,14.142857,16.000000,False
Kentrel Bullock,CIN,RB,scrimmageYards,ROTATIONAL,Ourlads depth chart,False,False,0.000000,,,,,,,540.000000,540.000000,0.000000,0.000000,,16.000000,False
Seth McGowan,IND,RB,scrimmageYards,ROTATIONAL,Ourlads depth chart,False,False,0.000000,,,,,,,536.000000,536.000000,0.000000,0.000000,,16.000000,False
Tyler Goodson,DAL,RB,scrimmageYards,ROTATIONAL,Ourlads depth chart,True,False,0.000000,ESTABLISHED,SHORTENED_PRIOR_SEASON|ROLE_DROP,UNKNOWN,,8.787966,,533.000000,533.000000,0.000000,0.000000,9.857143,16.000000,False
AJ Dillon,CAR,RB,scrimmageYards,ROTATIONAL,Ourlads depth chart,True,False,0.000000,DECLINING,LATE_CAREER|SHORTENED_PRIOR_SEASON|ROLE_DROP|RECENT_TEAM_CHANGE,UNKNOWN,,18.777331,,532.000000,532.000000,0.000000,0.000000,9.112299,16.000000,False
Deebo Samuel Sr.,SF,RB,scrimmageYards,BACKUP,backup fallback because no verified depth source was available,False,False,0.000000,,,,,,,532.000000,532.000000,0.000000,2.000000,,16.000000,False
Amar Johnson,LAC,RB,scrimmageYards,ROTATIONAL,Ourlads depth chart,True,False,0.000000,LOW_SAMPLE,SHORTENED_PRIOR_SEASON,UNKNOWN,,7.222222,,530.000000,530.000000,0.000000,0.000000,7.461538,16.000000,False
Owen Wright,LV,RB,scrimmageYards,ROTATIONAL,Ourlads depth chart,True,False,0.000000,LOW_SAMPLE,SHORTENED_PRIOR_SEASON,UNKNOWN,,5.606061,,530.000000,530.000000,0.000000,0.000000,7.142857,16.000000,False
Kaleb Johnson,GB,RB,scrimmageYards,ROTATIONAL,Ourlads depth chart,True,False,0.000000,LOW_SAMPLE,SHORTENED_PRIOR_SEASON,UNKNOWN,,18.777778,,528.000000,528.000000,0.000000,0.000000,10.545455,16.000000,False
Phil Mafah,NYG,RB,scrimmageYards,ROTATIONAL,Ourlads depth chart,True,False,0.000000,LOW_SAMPLE,SHORTENED_PRIOR_SEASON,UNKNOWN,,8.222222,,524.000000,524.000000,0.000000,0.000000,7.461538,16.000000,False
Craig Reynolds,WAS,RB,scrimmageYards,ROTATIONAL,Ourlads depth chart,True,False,0.000000,DECLINING,LATE_CAREER|SHORTENED_PRIOR_SEASON,UNKNOWN,,10.262583,,522.000000,522.000000,0.000000,0.000000,8.587838,16.000000,False
Rico Dowdle,PIT,RB,scrimmageYards,ROTATIONAL,Ourlads depth chart,True,False,0.000000,ESTABLISHED,LATE_CAREER|RECENT_TEAM_CHANGE,UNKNOWN,,74.283117,,511.000000,511.000000,0.000000,1.000000,16.441803,15.000000,False
Tyjae Spears,TEN,RB,scrimmageYards,ROTATIONAL,Ourlads depth chart,True,False,0.000000,DEVELOPING,,UNKNOWN,,45.592964,,507.000000,507.000000,0.000000,1.000000,13.677778,15.700000,False
Alec Ingold,LAC,RB,scrimmageYards,UNCERTAIN,uncertain fallback because no verified depth source was available,True,False,0.000000,DECLINING,LATE_CAREER|SHORTENED_PRIOR_SEASON,UNKNOWN,,7.052137,,498.000000,498.000000,0.000000,1.000000,9.428571,16.000000,False
Kenny Gainwell,TB,RB,scrimmageYards,ROTATIONAL,Ourlads depth chart,True,False,0.000000,ESTABLISHED,RECENT_TEAM_CHANGE,UNKNOWN,,45.519476,,498.000000,498.000000,0.000000,1.000000,16.491935,16.000000,False
Brady Russell,SEA,RB,scrimmageYards,UNCERTAIN,uncertain fallback because no verified depth source was available,True,False,0.000000,RETURNING_FROM_INJURY_OR_SHORTENED,LATE_CAREER|SHORTENED_PRIOR_SEASON,UNKNOWN,,1.197222,,488.000000,488.000000,0.000000,1.000000,8.466667,16.000000,False
Ronnie Rivers,LAR,RB,scrimmageYards,UNCERTAIN,uncertain fallback because no verified depth source was available,True,False,0.000000,DEVELOPING,SHORTENED_PRIOR_SEASON,UNKNOWN,,16.136452,,488.000000,488.000000,0.000000,1.000000,8.468182,16.000000,False
Ben VanSumeren,KC,RB,scrimmageYards,UNCERTAIN,uncertain fallback because no verified depth source was available,False,False,0.000000,,,,,,,485.000000,485.000000,0.000000,0.000000,,16.000000,False
Luther Burden III,CHI,RB,scrimmageYards,BACKUP,backup fallback because no verified depth source was available,False,False,0.000000,,,,,,,475.000000,475.000000,0.000000,2.000000,,16.000000,False
Justin Jackson,DET,RB,scrimmageYards,UNCERTAIN,uncertain fallback because no verified depth source was available,False,False,0.000000,,,,,,,466.000000,466.000000,0.000000,0.000000,,16.000000,False
James Conner,ARI,RB,scrimmageYards,UNCERTAIN,uncertain fallback because no verified depth source was available,True,False,0.000000,DECLINING,LATE_CAREER|SHORTENED_PRIOR_SEASON|ROLE_DROP,UNKNOWN,,44.776321,,465.000000,465.000000,0.000000,0.000000,8.563636,16.000000,False
Max Hurleman,PIT,RB,scrimmageYards,UNCERTAIN,uncertain fallback because no verified depth source was available,False,False,0.000000,,,,,,,464.000000,464.000000,0.000000,0.000000,,16.000000,False
Hunter Luepke,DAL,RB,scrimmageYards,UNCERTAIN,uncertain fallback because no verified depth source was available,True,False,0.000000,ASCENDING,ROLE_DROP,UNKNOWN,,11.110690,,454.000000,454.000000,0.000000,0.000000,12.104000,16.000000,False
Josh Jacobs,GB,RB,scrimmageYards,UNCERTAIN,uncertain fallback because no verified depth source was available,True,False,0.000000,DECLINING,LATE_CAREER,UNKNOWN,,81.001964,,450.000000,450.000000,0.000000,0.000000,15.447368,16.000000,False
Ty Chandler,NO,RB,scrimmageYards,UNCERTAIN,uncertain fallback because no verified depth source was available,True,False,0.000000,RETURNING_FROM_INJURY_OR_SHORTENED,LATE_CAREER|SHORTENED_PRIOR_SEASON|ROLE_DROP,UNKNOWN,,19.402683,,450.000000,450.000000,0.000000,0.000000,10.210000,16.000000,False
Michael Burton,CLE,RB,scrimmageYards,UNCERTAIN,uncertain fallback because no verified depth source was available,False,False,0.000000,,,,,,,449.000000,449.000000,0.000000,0.000000,,16.000000,False
Andrew Beck,NYJ,RB,scrimmageYards,UNCERTAIN,uncertain fallback because no verified depth source was available,True,False,0.000000,RETURNING_FROM_INJURY_OR_SHORTENED,LATE_CAREER|SHORTENED_PRIOR_SEASON|RECENT_TEAM_CHANGE,UNKNOWN,,3.478270,,437.000000,437.000000,0.000000,0.000000,8.087838,16.000000,False
Tyler Warren,IND,RB,scrimmageYards,BACKUP,backup fallback because no verified depth source was available,False,False,0.000000,,,,,,,307.000000,307.000000,0.000000,2.000000,,16.000000,False
Corey Kiner,NE,RB,scrimmageYards,BACKUP,Ourlads depth chart,True,False,0.000000,LOW_SAMPLE,SHORTENED_PRIOR_SEASON,UNKNOWN,,9.027778,,177.000000,177.000000,0.000000,0.000000,7.000000,16.000000,False
LeQuint Allen Jr.,JAX,RB,scrimmageYards,BACKUP,Ourlads depth chart,True,False,0.000000,LOW_SAMPLE,,UNKNOWN,,18.573871,,167.000000,167.000000,0.000000,0.000000,13.857143,15.700000,False
Ray Davis,BUF,RB,scrimmageYards,BACKUP,Ourlads depth chart,True,False,0.000000,ROLE_CHANGED,ROLE_DROP,UNKNOWN,,23.052859,,164.000000,164.000000,0.000000,0.000000,15.695652,16.000000,False
Sean Tucker,TB,RB,scrimmageYards,BACKUP,Ourlads depth chart,True,False,0.000000,ASCENDING,,UNKNOWN,,22.856897,,153.000000,153.000000,0.000000,0.000000,13.944898,16.000000,False
Julius Chestnut,TEN,RB,scrimmageYards,BACKUP,Ourlads depth chart,True,False,0.000000,ESTABLISHED,,UNKNOWN,,6.952118,,147.000000,147.000000,0.000000,0.000000,12.096341,16.000000,False
DJ Moore,BUF,WR,receivingYards,STARTER,current regular-season usage + depth-chart evidence,True,False,0.000000,ESTABLISHED,,UNKNOWN,63.700000,50.947360,63.700000,1167.000000,1167.000000,0.000000,2.000000,16.619048,15.700000,False
Matthew Golden,GB,WR,receivingYards,STARTER,current regular-season usage + depth-chart evidence,True,False,0.000000,LOW_SAMPLE,,UNKNOWN,52.000000,22.562834,52.000000,1028.000000,1028.000000,0.000000,2.000000,12.153846,16.000000,False
Dalton Kincaid,BUF,WR,receivingYards,STARTER,current regular-season usage,False,False,0.000000,,,,51.300000,,51.300000,989.000000,989.000000,0.000000,2.000000,,16.000000,False
Trey McBride,ARI,WR,receivingYards,STARTER,current regular-season usage,False,False,0.000000,,,,51.100000,,51.100000,988.000000,988.000000,0.000000,2.000000,,16.000000,False
Emeka Egbuka,TB,WR,receivingYards,STARTER,current regular-season usage + depth-chart evidence,True,False,0.000000,LOW_SAMPLE,,UNKNOWN,53.100000,48.894895,53.100000,974.000000,974.000000,0.000000,2.000000,16.172414,16.000000,False
Travis Kelce,KC,WR,receivingYards,STARTER,current regular-season usage,False,False,0.000000,,,,49.700000,,49.700000,924.000000,924.000000,0.000000,2.000000,,16.000000,False
Pat Bryant,DEN,WR,receivingYards,STARTER,current regular-season usage + depth-chart evidence,True,False,0.000000,LOW_SAMPLE,SHORTENED_PRIOR_SEASON,UNKNOWN,51.600000,23.761708,51.600000,912.000000,912.000000,0.000000,2.000000,11.560000,16.000000,False
Harold Fannin Jr.,CLE,WR,receivingYards,STARTER,current regular-season usage,False,False,0.000000,,,,52.400000,,52.400000,911.000000,911.000000,0.000000,2.000000,,16.000000,False
Kenyon Sadiq,NYJ,WR,receivingYards,STARTER,current regular-season usage,False,False,0.000000,,,,49.300000,,49.300000,901.000000,901.000000,0.000000,2.000000,,15.700000,False
George Kittle,SF,WR,receivingYards,STARTER,current regular-season usage,False,False,0.000000,,,,48.200000,,48.200000,866.000000,866.000000,0.000000,2.000000,,16.000000,False
Michael Mayer,LV,WR,receivingYards,STARTER,current regular-season usage,False,False,0.000000,,,,50.000000,,50.000000,865.000000,865.000000,0.000000,2.000000,,16.000000,False
Juwan Johnson,NO,WR,receivingYards,STARTER,current regular-season usage,False,False,0.000000,,,,46.300000,,46.300000,848.000000,848.000000,0.000000,2.000000,,16.000000,False
Denzel Boston,CLE,WR,receivingYards,STARTER,current regular-season usage + depth-chart evidence,False,False,0.000000,,,,45.100000,,45.100000,822.000000,822.000000,0.000000,2.000000,,16.000000,False
Chris Moore,BAL,WR,receivingYards,STARTER,current regular-season usage + depth-chart evidence,True,False,0.000000,DECLINING,LATE_CAREER|SHORTENED_PRIOR_SEASON|ROLE_DROP|RECENT_TEAM_CHANGE,UNKNOWN,47.700000,20.718685,47.700000,807.000000,807.000000,0.000000,2.000000,11.192369,15.700000,False
Chris Bell,MIA,WR,receivingYards,STARTER,current regular-season usage + depth-chart evidence,False,False,0.000000,,,,44.100000,,44.100000,784.000000,784.000000,0.000000,2.000000,,15.700000,False
Tre' Harris,LAC,WR,receivingYards,STARTER,current regular-season usage + depth-chart evidence,True,False,0.000000,LOW_SAMPLE,,UNKNOWN,42.000000,19.555556,42.000000,769.000000,769.000000,0.000000,2.000000,14.285714,16.000000,False
Tetairoa McMillan,CAR,WR,receivingYards,STARTER,current regular-season usage + depth-chart evidence,True,False,0.000000,LOW_SAMPLE,,UNKNOWN,41.800000,50.948949,41.800000,760.000000,760.000000,0.000000,2.000000,16.172414,16.000000,False
Roman Wilson,PIT,WR,receivingYards,STARTER,current regular-season usage + depth-chart evidence,True,False,0.000000,LOW_SAMPLE,SHORTENED_PRIOR_SEASON,UNKNOWN,41.900000,11.379310,41.900000,756.000000,756.000000,0.000000,2.000000,8.428571,16.000000,False
Carnell Tate,TEN,WR,receivingYards,STARTER,current regular-season usage + depth-chart evidence,False,False,0.000000,,,,40.500000,,40.500000,743.000000,743.000000,0.000000,2.000000,,16.000000,False
Stefon Diggs,WAS,WR,receivingYards,STARTER,current regular-season usage + depth-chart evidence,True,False,0.000000,ESTABLISHED,LATE_CAREER|RECENT_TEAM_CHANGE,UNKNOWN,40.700000,60.907234,40.700000,740.000000,740.000000,0.000000,2.000000,14.455556,16.000000,False
Cooper Kupp,SEA,WR,receivingYards,STARTER,current regular-season usage + depth-chart evidence,True,False,0.000000,DECLINING,LATE_CAREER|RECENT_TEAM_CHANGE,UNKNOWN,40.400000,41.608385,40.400000,728.000000,728.000000,0.000000,2.000000,14.384615,16.000000,False
Rashod Bateman,BAL,WR,receivingYards,STARTER,Ourlads depth chart,True,False,0.000000,ESTABLISHED,SHORTENED_PRIOR_SEASON,UNKNOWN,41.100000,29.037296,41.100000,695.000000,695.000000,0.000000,1.000000,14.371429,16.000000,False
DeMario Douglas,NE,WR,receivingYards,STARTER,current regular-season usage + depth-chart evidence,True,False,0.000000,ROLE_CHANGED,ROLE_DROP,UNKNOWN,39.400000,27.497660,39.400000,689.000000,689.000000,0.000000,2.000000,14.934483,16.000000,False
Caleb Douglas,MIA,WR,receivingYards,STARTER,Ourlads depth chart,False,False,0.000000,,,,37.500000,,37.500000,683.000000,683.000000,0.000000,1.000000,,15.700000,False
Chris Godwin Jr.,TB,WR,receivingYards,STARTER,current regular-season usage + depth-chart evidence,True,False,0.000000,ESTABLISHED,SHORTENED_PRIOR_SEASON|ROLE_DROP,UNKNOWN,38.600000,50.445986,38.600000,683.000000,683.000000,0.000000,2.000000,9.973333,16.000000,False
Isaac TeSlaa,DET,WR,receivingYards,STARTER,Ourlads depth chart,True,False,0.000000,LOW_SAMPLE,,UNKNOWN,35.000000,18.205882,35.000000,626.000000,626.000000,0.000000,1.000000,13.076923,16.000000,False
Antonio Williams,WAS,WR,receivingYards,STARTER,current regular-season usage + depth-chart evidence,False,False,0.000000,,,,32.000000,,32.000000,591.000000,591.000000,0.000000,2.000000,,16.000000,False
Ted Hurst III,TB,WR,receivingYards,STARTER,current regular-season usage + depth-chart evidence,False,False,0.000000,,,,31.800000,,31.800000,585.000000,585.000000,0.000000,2.000000,,16.000000,False
Brock Bowers,LV,WR,receivingYards,UNCERTAIN,uncertain fallback because no verified depth source was available,False,False,0.000000,,,,28.300000,,28.300000,569.000000,569.000000,0.000000,1.000000,,16.000000,False
Jaylin Noel,HOU,WR,receivingYards,STARTER,current regular-season usage + depth-chart evidence,True,False,0.000000,LOW_SAMPLE,,UNKNOWN,30.300000,11.459459,30.300000,555.000000,555.000000,0.000000,2.000000,13.275862,16.000000,False
KC Concepcion,CLE,WR,receivingYards,STARTER,Ourlads depth chart,False,False,0.000000,,,,31.600000,,31.600000,549.000000,549.000000,0.000000,1.000000,,16.000000,False
Bryce Lance,NO,WR,receivingYards,STARTER,Ourlads depth chart,False,False,0.000000,,,,31.600000,,31.600000,548.000000,548.000000,0.000000,1.000000,,16.000000,False
Tim Jones,JAX,WR,receivingYards,STARTER,Ourlads depth chart,True,False,0.000000,RETURNING_FROM_INJURY_OR_SHORTENED,SHORTENED_PRIOR_SEASON,UNKNOWN,32.800000,7.471853,32.800000,524.000000,524.000000,0.000000,0.000000,7.000000,16.000000,False
Skyy Moore,GB,WR,receivingYards,STARTER,Ourlads depth chart,True,False,0.000000,ESTABLISHED,RECENT_TEAM_CHANGE,UNKNOWN,30.700000,6.379714,30.700000,523.000000,523.000000,0.000000,1.000000,11.080000,16.000000,False
Makai Lemon,PHI,WR,receivingYards,STARTER,Ourlads depth chart,False,False,0.000000,,,,30.800000,,30.800000,522.000000,522.000000,0.000000,1.000000,,16.000000,False
Dohnte Meyers,CIN,WR,receivingYards,STARTER,Ourlads depth chart,False,False,0.000000,,,,29.600000,,29.600000,521.000000,521.000000,0.000000,2.000000,,16.000000,False
Jacob Cowing,SF,WR,receivingYards,STARTER,Ourlads depth chart,False,False,0.000000,,,,32.600000,,32.600000,521.000000,521.000000,0.000000,0.000000,,16.000000,False
Trent Sherfield,BUF,WR,receivingYards,STARTER,Ourlads depth chart,True,False,0.000000,RETURNING_FROM_INJURY_OR_SHORTENED,SHORTENED_PRIOR_SEASON|RECENT_TEAM_CHANGE,UNKNOWN,32.500000,6.775426,32.500000,521.000000,521.000000,0.000000,0.000000,8.945000,16.000000,False
Wesley Grimes,SF,WR,receivingYards,STARTER,Ourlads depth chart,False,False,0.000000,,,,32.600000,,32.600000,521.000000,521.000000,0.000000,0.000000,,16.000000,False
Tyquan Thornton,KC,WR,receivingYards,STARTER,Ourlads depth chart,True,False,0.000000,RETURNING_FROM_INJURY_OR_SHORTENED,SHORTENED_PRIOR_SEASON|RECENT_TEAM_CHANGE,UNKNOWN,30.900000,18.894642,30.900000,516.000000,516.000000,0.000000,1.000000,8.033784,16.000000,False
Michael Bandy,DEN,WR,receivingYards,STARTER,Ourlads depth chart,True,False,0.000000,RETURNING_FROM_INJURY_OR_SHORTENED,SHORTENED_PRIOR_SEASON,UNKNOWN,32.100000,6.958523,32.100000,514.000000,514.000000,0.000000,0.000000,6.352941,16.000000,False
JP Richardson,CHI,WR,receivingYards,STARTER,Ourlads depth chart,False,False,0.000000,,,,32.000000,,32.000000,512.000000,512.000000,0.000000,0.000000,,16.000000,False
Alex Bachman,LAR,WR,receivingYards,STARTER,Ourlads depth chart,True,False,0.000000,DEVELOPING,SHORTENED_PRIOR_SEASON,UNKNOWN,32.000000,4.883868,32.000000,511.000000,511.000000,0.000000,0.000000,8.504202,16.000000,False
Michael Briscoe,MIN,WR,receivingYards,STARTER,Ourlads depth chart,False,False,0.000000,,,,31.900000,,31.900000,510.000000,510.000000,0.000000,0.000000,,16.000000,False
Andrew Armstrong,KC,WR,receivingYards,STARTER,Ourlads depth chart,False,False,0.000000,,,,31.800000,,31.800000,509.000000,509.000000,0.000000,0.000000,,16.000000,False
Kyle Dixon,NE,WR,receivingYards,STARTER,Ourlads depth chart,False,False,0.000000,,,,31.700000,,31.700000,508.000000,508.000000,0.000000,0.000000,,16.000000,False
Isaiah Williams,NYJ,WR,receivingYards,STARTER,Ourlads depth chart,True,False,0.000000,ASCENDING,RECENT_TEAM_CHANGE,UNKNOWN,30.300000,12.143005,30.300000,506.000000,506.000000,0.000000,1.000000,12.347899,16.000000,False
Lucky Jackson,DET,WR,receivingYards,STARTER,Ourlads depth chart,False,False,0.000000,,,,31.600000,,31.600000,505.000000,505.000000,0.000000,0.000000,,16.000000,False
Brandon Smith,PIT,WR,receivingYards,STARTER,Ourlads depth chart,False,False,0.000000,,,,31.400000,,31.400000,502.000000,502.000000,0.000000,0.000000,,16.000000,False
Malachi Fields,NYG,WR,receivingYards,STARTER,current regular-season usage + depth-chart evidence,False,False,0.000000,,,,28.600000,,28.600000,502.000000,502.000000,0.000000,2.000000,,16.000000,False
Tyler Johnson,NYJ,WR,receivingYards,STARTER,Ourlads depth chart,False,False,0.000000,,,,31.300000,,31.300000,502.000000,502.000000,0.000000,0.000000,,16.000000,False
Xavier Guillory,BAL,WR,receivingYards,STARTER,Ourlads depth chart,False,False,0.000000,,,,31.400000,,31.400000,502.000000,502.000000,0.000000,0.000000,,16.000000,False
Jalen Reagor,MIA,WR,receivingYards,STARTER,Ourlads depth chart,False,False,0.000000,,,,31.200000,,31.200000,500.000000,500.000000,0.000000,0.000000,,16.000000,False
Noah Thomas,CIN,WR,receivingYards,STARTER,Ourlads depth chart,False,False,0.000000,,,,31.200000,,31.200000,498.000000,498.000000,0.000000,0.000000,,16.000000,False
Xavier Gipson,PHI,WR,receivingYards,STARTER,Ourlads depth chart,True,False,0.000000,DEVELOPING,SHORTENED_PRIOR_SEASON|ROLE_DROP|RECENT_TEAM_CHANGE,UNKNOWN,31.000000,3.773728,31.000000,496.000000,496.000000,0.000000,0.000000,10.269231,16.000000,False
Eli Pancol,IND,WR,receivingYards,STARTER,Ourlads depth chart,False,False,0.000000,,,,30.900000,,30.900000,495.000000,495.000000,0.000000,0.000000,,16.000000,False
Laquon Treadwell,IND,WR,receivingYards,STARTER,Ourlads depth chart,True,False,0.000000,LOW_SAMPLE,LATE_CAREER|SHORTENED_PRIOR_SEASON|RECENT_TEAM_CHANGE,UNKNOWN,30.900000,5.365262,30.900000,495.000000,495.000000,0.000000,0.000000,6.403361,16.000000,False
Anthony Smith,DAL,WR,receivingYards,STARTER,Ourlads depth chart,False,False,0.000000,,,,30.800000,,30.800000,492.000000,492.000000,0.000000,0.000000,,16.000000,False
Casey Washington,CAR,WR,receivingYards,STARTER,Ourlads depth chart,True,False,0.000000,RETURNING_FROM_INJURY_OR_SHORTENED,SHORTENED_PRIOR_SEASON,UNKNOWN,30.700000,16.047346,30.700000,492.000000,492.000000,0.000000,0.000000,8.831579,16.000000,False
Isaiah Neyor,GB,WR,receivingYards,STARTER,Ourlads depth chart,False,False,0.000000,,,,30.700000,,30.700000,491.000000,491.000000,0.000000,0.000000,,16.000000,False
Antwane Wells Jr.,ATL,WR,receivingYards,STARTER,Ourlads depth chart,False,False,0.000000,,,,30.600000,,30.600000,490.000000,490.000000,0.000000,0.000000,,16.000000,False
Deven Thompkins,LV,WR,receivingYards,STARTER,Ourlads depth chart,True,False,0.000000,RETURNING_FROM_INJURY_OR_SHORTENED,SHORTENED_PRIOR_SEASON|RECENT_TEAM_CHANGE,UNKNOWN,30.600000,4.984862,30.600000,490.000000,490.000000,0.000000,0.000000,8.495122,16.000000,False
Jahan Dotson,ATL,WR,receivingYards,STARTER,Ourlads depth chart,True,False,0.000000,ESTABLISHED,,UNKNOWN,29.500000,21.640666,29.500000,490.000000,490.000000,0.000000,1.000000,15.000000,16.000000,False
Theo Wease Jr.,LAC,WR,receivingYards,STARTER,Ourlads depth chart,True,False,0.000000,LOW_SAMPLE,SHORTENED_PRIOR_SEASON,UNKNOWN,30.600000,13.173913,30.600000,490.000000,490.000000,0.000000,0.000000,7.000000,16.000000,False
Emmanuel Henderson Jr.,SEA,WR,receivingYards,STARTER,Ourlads depth chart,False,False,0.000000,,,,30.500000,,30.500000,488.000000,488.000000,0.000000,0.000000,,16.000000,False
Trey Palmer,NO,WR,receivingYards,STARTER,Ourlads depth chart,False,False,0.000000,,,,30.500000,,30.500000,487.000000,487.000000,0.000000,0.000000,,16.000000,False
Bub Means,CLE,WR,receivingYards,STARTER,Ourlads depth chart,False,False,0.000000,,,,30.400000,,30.400000,486.000000,486.000000,0.000000,0.000000,,16.000000,False
Garrett Greene,TB,WR,receivingYards,STARTER,Ourlads depth chart,False,False,0.000000,,,,30.300000,,30.300000,485.000000,485.000000,0.000000,0.000000,,16.000000,False
Jalin Hyatt,NYG,WR,receivingYards,STARTER,Ourlads depth chart,True,False,0.000000,DEVELOPING,SHORTENED_PRIOR_SEASON|ROLE_DROP,UNKNOWN,30.300000,8.136372,30.300000,484.000000,484.000000,0.000000,0.000000,8.176829,16.000000,False
Dyami Brown,WAS,WR,receivingYards,STARTER,Ourlads depth chart,True,False,0.000000,RETURNING_FROM_INJURY_OR_SHORTENED,SHORTENED_PRIOR_SEASON|RECENT_TEAM_CHANGE,UNKNOWN,30.100000,19.008503,30.100000,482.000000,482.000000,0.000000,0.000000,13.438889,16.000000,False
Jaden Bradley,WAS,WR,receivingYards,STARTER,Ourlads depth chart,False,False,0.000000,,,,30.100000,,30.100000,482.000000,482.000000,0.000000,0.000000,,16.000000,False
Harrison Wallace III,ARI,WR,receivingYards,STARTER,Ourlads depth chart,False,False,0.000000,,,,29.700000,,29.700000,475.000000,475.000000,0.000000,0.000000,,16.000000,False
Calvin Ridley,TEN,WR,receivingYards,STARTER,Ourlads depth chart,True,False,0.000000,DECLINING,LATE_CAREER|SHORTENED_PRIOR_SEASON|ROLE_DROP,UNKNOWN,29.100000,41.059920,29.100000,466.000000,466.000000,0.000000,0.000000,11.160377,16.000000,False
Lewis Bond,HOU,WR,receivingYards,STARTER,Ourlads depth chart,False,False,0.000000,,,,29.100000,,29.100000,466.000000,466.000000,0.000000,0.000000,,16.000000,False
Xavier Restrepo,TEN,WR,receivingYards,STARTER,Ourlads depth chart,True,False,0.000000,LOW_SAMPLE,SHORTENED_PRIOR_SEASON,UNKNOWN,29.100000,9.318182,29.100000,466.000000,466.000000,0.000000,0.000000,7.142857,16.000000,False
Konata Mumpfield,LAR,WR,receivingYards,ROTATIONAL,Ourlads depth chart,True,False,0.000000,LOW_SAMPLE,SHORTENED_PRIOR_SEASON,UNKNOWN,22.800000,7.466667,22.800000,457.000000,457.000000,0.000000,1.000000,8.909091,16.000000,False
Josh Cameron,JAX,WR,receivingYards,CO-STARTER / COMMITTEE,Ourlads depth chart,False,False,0.000000,,,,26.300000,,26.300000,452.000000,452.000000,0.000000,2.000000,,16.000000,False
Cody White,LV,WR,receivingYards,STARTER,Ourlads depth chart,True,False,0.000000,LOW_SAMPLE,SHORTENED_PRIOR_SEASON,UNKNOWN,28.000000,10.125789,28.000000,451.000000,451.000000,0.000000,1.000000,7.037433,16.000000,False
Tyler Higbee,LAR,WR,receivingYards,UNCERTAIN,uncertain fallback because no verified depth source was available,False,False,0.000000,,,,23.800000,,23.800000,443.000000,443.000000,0.000000,1.000000,,16.000000,False
Brycen Tremayne,CAR,WR,receivingYards,ROTATIONAL,Ourlads depth chart,True,False,0.000000,ASCENDING,RECENT_TEAM_CHANGE,UNKNOWN,20.200000,7.823765,20.200000,406.000000,406.000000,0.000000,1.000000,9.413793,16.000000,False
Jordan Watkins,SF,WR,receivingYards,ROTATIONAL,Ourlads depth chart,True,False,0.000000,LOW_SAMPLE,SHORTENED_PRIOR_SEASON,UNKNOWN,18.600000,8.636364,18.600000,357.000000,357.000000,0.000000,1.000000,7.142857,16.000000,False
Tory Horton,SEA,WR,receivingYards,ROTATIONAL,Ourlads depth chart,True,False,0.000000,LOW_SAMPLE,SHORTENED_PRIOR_SEASON,UNKNOWN,16.600000,20.254870,16.600000,313.000000,313.000000,0.000000,1.000000,9.200000,16.000000,False
Joshua Palmer,BUF,WR,receivingYards,ROTATIONAL,Ourlads depth chart,False,False,0.000000,,,,16.000000,,16.000000,289.000000,289.000000,0.000000,1.000000,,16.000000,False
Kyle Williams,NE,WR,receivingYards,ROTATIONAL,Ourlads depth chart,True,False,0.000000,LOW_SAMPLE,,UNKNOWN,15.600000,10.029412,15.600000,284.000000,284.000000,0.000000,1.000000,11.230769,16.000000,False
Ben Skowronek,PIT,WR,receivingYards,ROTATIONAL,Ourlads depth chart,True,False,0.000000,ESTABLISHED,,UNKNOWN,14.400000,5.828783,14.400000,254.000000,254.000000,0.000000,1.000000,12.142000,16.000000,False
Troy Franklin,DEN,WR,receivingYards,ROTATIONAL,Ourlads depth chart,True,False,0.000000,ASCENDING,,UNKNOWN,14.500000,38.185006,14.500000,253.000000,253.000000,0.000000,1.000000,16.207843,16.000000,False
J. Michael Sturdivant,GB,WR,receivingYards,ROTATIONAL,Ourlads depth chart,False,False,0.000000,,,,14.100000,,14.100000,247.000000,247.000000,0.000000,1.000000,,16.000000,False
John Metchie III,CAR,WR,receivingYards,ROTATIONAL,Ourlads depth chart,True,False,0.000000,RETURNING_FROM_INJURY_OR_SHORTENED,SHORTENED_PRIOR_SEASON|RECENT_TEAM_CHANGE,UNKNOWN,13.800000,24.524190,13.800000,239.000000,239.000000,0.000000,1.000000,12.772449,16.000000,False
LaJohntay Wester,BAL,WR,receivingYards,ROTATIONAL,Ourlads depth chart,True,False,0.000000,LOW_SAMPLE,,UNKNOWN,13.600000,4.823529,13.600000,233.000000,233.000000,0.000000,1.000000,11.230769,16.000000,False
Jared Wayne,HOU,WR,receivingYards,ROTATIONAL,Ourlads depth chart,True,False,0.000000,LOW_SAMPLE,SHORTENED_PRIOR_SEASON,UNKNOWN,13.300000,8.761905,13.300000,232.000000,232.000000,0.000000,1.000000,7.461538,16.000000,False
Ryan Miller,MIA,WR,receivingYards,ROTATIONAL,Ourlads depth chart,True,False,0.000000,DEVELOPING,SHORTENED_PRIOR_SEASON,UNKNOWN,13.600000,7.399753,13.600000,232.000000,232.000000,0.000000,1.000000,8.600000,16.000000,False
Austin Trammell,JAX,WR,receivingYards,ROTATIONAL,Ourlads depth chart,True,False,0.000000,DEVELOPING,SHORTENED_PRIOR_SEASON,UNKNOWN,14.100000,12.308294,14.100000,225.000000,225.000000,0.000000,0.000000,6.608824,16.000000,False
Lil'Jordan Humphrey,DEN,WR,receivingYards,ROTATIONAL,Ourlads depth chart,True,False,0.000000,RETURNING_FROM_INJURY_OR_SHORTENED,SHORTENED_PRIOR_SEASON,UNKNOWN,13.800000,18.733920,13.800000,221.000000,221.000000,0.000000,0.000000,10.036364,16.000000,False
Jahdae Walker,CHI,WR,receivingYards,ROTATIONAL,Ourlads depth chart,True,False,0.000000,LOW_SAMPLE,SHORTENED_PRIOR_SEASON,UNKNOWN,13.700000,9.653846,13.700000,220.000000,220.000000,0.000000,0.000000,7.333333,16.000000,False
Kaden Davis,CHI,WR,receivingYards,ROTATIONAL,Ourlads depth chart,True,False,0.000000,RETURNING_FROM_INJURY_OR_SHORTENED,SHORTENED_PRIOR_SEASON,UNKNOWN,13.700000,6.150000,13.700000,220.000000,220.000000,0.000000,0.000000,7.000000,16.000000,False
Treylon Burks,WAS,WR,receivingYards,ROTATIONAL,Ourlads depth chart,True,False,0.000000,RETURNING_FROM_INJURY_OR_SHORTENED,SHORTENED_PRIOR_SEASON|RECENT_TEAM_CHANGE,UNKNOWN,12.900000,12.954570,12.900000,220.000000,220.000000,0.000000,1.000000,7.385294,16.000000,False
Zavion Thomas,CHI,WR,receivingYards,ROTATIONAL,Ourlads depth chart,False,False,0.000000,,,,13.700000,,13.700000,220.000000,220.000000,0.000000,0.000000,,16.000000,False
Jalen Royals,KC,WR,receivingYards,ROTATIONAL,Ourlads depth chart,True,False,0.000000,LOW_SAMPLE,SHORTENED_PRIOR_SEASON,UNKNOWN,13.700000,6.181818,13.700000,219.000000,219.000000,0.000000,0.000000,7.142857,16.000000,False
KhaDarel Hodge,SF,WR,receivingYards,ROTATIONAL,Ourlads depth chart,True,False,0.000000,DECLINING,LATE_CAREER|SHORTENED_PRIOR_SEASON|ROLE_DROP,UNKNOWN,14.000000,6.527082,14.000000,219.000000,219.000000,0.000000,0.000000,9.186667,15.700000,False
Myles Price,MIN,WR,receivingYards,ROTATIONAL,Ourlads depth chart,True,False,0.000000,LOW_SAMPLE,,UNKNOWN,13.700000,4.555556,13.700000,219.000000,219.000000,0.000000,0.000000,12.571429,16.000000,False
Tai Felton,MIN,WR,receivingYards,ROTATIONAL,Ourlads depth chart,True,False,0.000000,LOW_SAMPLE,SHORTENED_PRIOR_SEASON,UNKNOWN,13.700000,13.473011,13.700000,219.000000,219.000000,0.000000,0.000000,11.000000,16.000000,False
Efton Chism III,NE,WR,receivingYards,ROTATIONAL,Ourlads depth chart,True,False,0.000000,LOW_SAMPLE,SHORTENED_PRIOR_SEASON,UNKNOWN,13.600000,8.535714,13.600000,218.000000,218.000000,0.000000,0.000000,8.000000,16.000000,False
Dominic Lovett,DET,WR,receivingYards,ROTATIONAL,Ourlads depth chart,True,False,0.000000,LOW_SAMPLE,SHORTENED_PRIOR_SEASON,UNKNOWN,13.500000,6.000000,13.500000,217.000000,217.000000,0.000000,0.000000,7.142857,16.000000,False
Elic Ayomanor,TEN,WR,receivingYards,ROTATIONAL,Ourlads depth chart,True,False,0.000000,LOW_SAMPLE,,UNKNOWN,12.200000,38.503086,12.200000,217.000000,217.000000,0.000000,2.000000,15.571429,16.000000,False
Tom Kennedy,DET,WR,receivingYards,ROTATIONAL,Ourlads depth chart,True,False,0.000000,RETURNING_FROM_INJURY_OR_SHORTENED,SHORTENED_PRIOR_SEASON,UNKNOWN,13.500000,4.962500,13.500000,217.000000,217.000000,0.000000,0.000000,6.457143,16.000000,False
Brandon Johnson,PIT,WR,receivingYards,ROTATIONAL,Ourlads depth chart,False,False,0.000000,,,,13.500000,,13.500000,215.000000,215.000000,0.000000,0.000000,,16.000000,False
Devontez Walker,BAL,WR,receivingYards,ROTATIONAL,Ourlads depth chart,True,False,0.000000,RETURNING_FROM_INJURY_OR_SHORTENED,SHORTENED_PRIOR_SEASON,UNKNOWN,13.500000,14.760000,13.500000,215.000000,215.000000,0.000000,0.000000,8.811594,16.000000,False
Gage Larvadain,BAL,WR,receivingYards,ROTATIONAL,Ourlads depth chart,True,False,0.000000,LOW_SAMPLE,SHORTENED_PRIOR_SEASON,UNKNOWN,13.500000,6.151515,13.500000,215.000000,215.000000,0.000000,0.000000,10.600000,16.000000,False
Sterling Shepard,NYJ,WR,receivingYards,ROTATIONAL,Ourlads depth chart,False,False,0.000000,,,,13.400000,,13.400000,215.000000,215.000000,0.000000,0.000000,,16.000000,False
Colbie Young,CIN,WR,receivingYards,ROTATIONAL,Ourlads depth chart,False,False,0.000000,,,,13.400000,,13.400000,214.000000,214.000000,0.000000,0.000000,,16.000000,False
Jalen Tolbert,MIA,WR,receivingYards,ROTATIONAL,Ourlads depth chart,True,False,0.000000,ESTABLISHED,SHORTENED_PRIOR_SEASON|ROLE_DROP,UNKNOWN,13.400000,21.288837,13.400000,214.000000,214.000000,0.000000,0.000000,12.534545,16.000000,False
Jordan Moore,CIN,WR,receivingYards,ROTATIONAL,Ourlads depth chart,False,False,0.000000,,,,13.400000,,13.400000,214.000000,214.000000,0.000000,0.000000,,16.000000,False
Britain Covey,PHI,WR,receivingYards,ROTATIONAL,Ourlads depth chart,True,False,0.000000,DEVELOPING,SHORTENED_PRIOR_SEASON,UNKNOWN,13.300000,5.462218,13.300000,213.000000,213.000000,0.000000,0.000000,7.350000,16.000000,False
KaVontae Turpin,DAL,WR,receivingYards,ROTATIONAL,Ourlads depth chart,True,False,0.000000,ESTABLISHED,,UNKNOWN,12.800000,22.568644,12.800000,213.000000,213.000000,0.000000,1.000000,14.800000,16.000000,False
Nick Westbrook-Ikhine,IND,WR,receivingYards,ROTATIONAL,Ourlads depth chart,True,False,0.000000,ESTABLISHED,SHORTENED_PRIOR_SEASON|ROLE_DROP|RECENT_TEAM_CHANGE,UNKNOWN,13.300000,18.079647,13.300000,212.000000,212.000000,0.000000,0.000000,12.769231,16.000000,False
Bo Melton,GB,WR,receivingYards,ROTATIONAL,Ourlads depth chart,True,False,0.000000,ESTABLISHED,SHORTENED_PRIOR_SEASON,UNKNOWN,13.200000,13.645949,13.200000,211.000000,211.000000,0.000000,0.000000,10.607143,16.000000,False
Jonathan Mingo,DAL,WR,receivingYards,ROTATIONAL,Ourlads depth chart,True,False,0.000000,DEVELOPING,SHORTENED_PRIOR_SEASON,UNKNOWN,13.200000,8.859710,13.200000,211.000000,211.000000,0.000000,0.000000,8.886957,16.000000,False
Chris Blair,ATL,WR,receivingYards,ROTATIONAL,Ourlads depth chart,True,False,0.000000,LOW_SAMPLE,SHORTENED_PRIOR_SEASON,UNKNOWN,13.100000,7.328905,13.100000,210.000000,210.000000,0.000000,0.000000,6.670588,16.000000,False
Derius Davis,LAC,WR,receivingYards,ROTATIONAL,Ourlads depth chart,True,False,0.000000,DEVELOPING,SHORTENED_PRIOR_SEASON|ROLE_DROP,UNKNOWN,13.100000,3.918192,13.100000,210.000000,210.000000,0.000000,0.000000,11.987273,16.000000,False
Marquez Valdes-Scantling,LAC,WR,receivingYards,ROTATIONAL,Ourlads depth chart,False,False,0.000000,,,,13.100000,,13.100000,210.000000,210.000000,0.000000,0.000000,,16.000000,False
Vinny Anthony II,ATL,WR,receivingYards,ROTATIONAL,Ourlads depth chart,False,False,0.000000,,,,13.100000,,13.100000,210.000000,210.000000,0.000000,0.000000,,16.000000,False
Cedric Tillman,NO,WR,receivingYards,ROTATIONAL,Ourlads depth chart,True,False,0.000000,DEVELOPING,SHORTENED_PRIOR_SEASON,UNKNOWN,13.100000,31.833612,13.100000,209.000000,209.000000,0.000000,0.000000,12.054545,16.000000,False
Hollywood Brown,PHI,WR,receivingYards,ROTATIONAL,Ourlads depth chart,False,False,0.000000,,,,13.300000,,13.300000,209.000000,209.000000,0.000000,0.000000,,15.700000,False
Montorie Foster Jr.,SEA,WR,receivingYards,ROTATIONAL,Ourlads depth chart,False,False,0.000000,,,,13.100000,,13.100000,209.000000,209.000000,0.000000,0.000000,,16.000000,False
Ashton Dulin,IND,WR,receivingYards,ROTATIONAL,Ourlads depth chart,True,False,0.000000,RETURNING_FROM_INJURY_OR_SHORTENED,SHORTENED_PRIOR_SEASON,UNKNOWN,13.300000,9.264957,13.300000,208.000000,208.000000,0.000000,0.000000,12.036036,15.700000,False
Braxton Berrios,NYG,WR,receivingYards,ROTATIONAL,Ourlads depth chart,True,False,0.000000,RETURNING_FROM_INJURY_OR_SHORTENED,SHORTENED_PRIOR_SEASON|RECENT_TEAM_CHANGE,UNKNOWN,13.000000,6.723801,13.000000,208.000000,208.000000,0.000000,0.000000,7.863158,16.000000,False
Charlie Jones,NYG,WR,receivingYards,ROTATIONAL,Ourlads depth chart,True,False,0.000000,DEVELOPING,,UNKNOWN,13.000000,2.709584,13.000000,208.000000,208.000000,0.000000,0.000000,10.509091,16.000000,False
Kameron Johnson,TB,WR,receivingYards,ROTATIONAL,Ourlads depth chart,True,False,0.000000,ASCENDING,,UNKNOWN,13.000000,4.275597,13.000000,208.000000,208.000000,0.000000,0.000000,10.807487,16.000000,False
Tez Johnson,TB,WR,receivingYards,ROTATIONAL,Ourlads depth chart,True,False,0.000000,LOW_SAMPLE,,UNKNOWN,12.500000,13.885714,12.500000,208.000000,208.000000,0.000000,1.000000,11.888889,16.000000,False
Devin Duvernay,ARI,WR,receivingYards,ROTATIONAL,Ourlads depth chart,True,False,0.000000,ESTABLISHED,RECENT_TEAM_CHANGE,UNKNOWN,12.700000,3.443639,12.700000,204.000000,204.000000,0.000000,0.000000,13.629091,16.000000,False
Chimere Dike,TEN,WR,receivingYards,ROTATIONAL,Ourlads depth chart,True,False,0.000000,LOW_SAMPLE,,UNKNOWN,12.500000,36.927113,12.500000,200.000000,200.000000,0.000000,0.000000,16.172414,16.000000,False
Josh Kelly,HOU,WR,receivingYards,ROTATIONAL,Ourlads depth chart,False,False,0.000000,,,,12.500000,,12.500000,200.000000,200.000000,0.000000,0.000000,,16.000000,False
Tylan Wallace,CLE,WR,receivingYards,ROTATIONAL,Ourlads depth chart,True,False,0.000000,ESTABLISHED,SHORTENED_PRIOR_SEASON|ROLE_DROP,UNKNOWN,13.000000,7.306078,13.000000,195.000000,195.000000,0.000000,0.000000,9.803659,15.000000,False
Isaiah Likely,NYG,TE,receivingYards,STARTER,current regular-season usage + depth-chart evidence,True,False,0.000000,RETURNING_FROM_INJURY_OR_SHORTENED,SHORTENED_PRIOR_SEASON,UNKNOWN,35.100000,27.182506,35.100000,653.000000,653.000000,0.000000,2.000000,13.315094,16.000000,False
Evan Engram,DEN,TE,receivingYards,STARTER,Ourlads depth chart,True,False,0.000000,ESTABLISHED,RECENT_TEAM_CHANGE,UNKNOWN,35.400000,37.105539,35.400000,609.000000,609.000000,0.000000,1.000000,14.261111,16.000000,False
Brenden Bates,JAX,TE,receivingYards,STARTER,Ourlads depth chart,False,False,0.000000,,,,37.300000,,37.300000,597.000000,597.000000,0.000000,0.000000,,16.000000,False
Dan Villari,LAR,TE,receivingYards,STARTER,Ourlads depth chart,False,False,0.000000,,,,36.400000,,36.400000,583.000000,583.000000,0.000000,0.000000,,16.000000,False
Colston Loveland,CHI,TE,receivingYards,STARTER,Ourlads depth chart,True,False,0.000000,LOW_SAMPLE,,UNKNOWN,34.100000,39.037037,34.100000,576.000000,576.000000,0.000000,1.000000,15.571429,16.000000,False
T.J. Hockenson,MIN,TE,receivingYards,STARTER,current regular-season usage + depth-chart evidence,True,False,0.000000,ESTABLISHED,,UNKNOWN,32.100000,38.881123,32.100000,561.000000,561.000000,0.000000,2.000000,13.846154,16.000000,False
Khalil Dinkins,SF,TE,receivingYards,STARTER,Ourlads depth chart,False,False,0.000000,,,,35.000000,,35.000000,560.000000,560.000000,0.000000,0.000000,,16.000000,False
Lucas Krull,DEN,TE,receivingYards,STARTER,Ourlads depth chart,True,False,0.000000,DEVELOPING,SHORTENED_PRIOR_SEASON|ROLE_DROP,UNKNOWN,34.500000,9.048403,34.500000,553.000000,553.000000,0.000000,0.000000,6.253226,16.000000,False
Tanner Conner,NE,TE,receivingYards,STARTER,Ourlads depth chart,False,False,0.000000,,,,34.600000,,34.600000,553.000000,553.000000,0.000000,0.000000,,16.000000,False
Stephen Carlson,CHI,TE,receivingYards,STARTER,Ourlads depth chart,False,False,0.000000,,,,34.400000,,34.400000,551.000000,551.000000,0.000000,0.000000,,16.000000,False
Cam Grandy,MIN,TE,receivingYards,STARTER,Ourlads depth chart,True,False,0.000000,LOW_SAMPLE,SHORTENED_PRIOR_SEASON,UNKNOWN,34.300000,6.786140,34.300000,548.000000,548.000000,0.000000,0.000000,6.235294,16.000000,False
Thomas Gordon,DET,TE,receivingYards,STARTER,Ourlads depth chart,False,False,0.000000,,,,33.900000,,33.900000,543.000000,543.000000,0.000000,0.000000,,16.000000,False
Josiah Deguara,PHI,TE,receivingYards,STARTER,Ourlads depth chart,False,False,0.000000,,,,33.800000,,33.800000,541.000000,541.000000,0.000000,0.000000,,16.000000,False
Lake McRee,PIT,TE,receivingYards,STARTER,Ourlads depth chart,False,False,0.000000,,,,33.700000,,33.700000,540.000000,540.000000,0.000000,0.000000,,16.000000,False
Ty Pezza,BAL,TE,receivingYards,STARTER,Ourlads depth chart,False,False,0.000000,,,,33.700000,,33.700000,540.000000,540.000000,0.000000,0.000000,,16.000000,False
Zaire Mitchell-Paden,HOU,TE,receivingYards,STARTER,Ourlads depth chart,True,False,0.000000,LOW_SAMPLE,SHORTENED_PRIOR_SEASON,UNKNOWN,33.700000,7.300395,33.700000,539.000000,539.000000,0.000000,0.000000,7.000000,16.000000,False
Tre Watson,MIA,TE,receivingYards,STARTER,Ourlads depth chart,False,False,0.000000,,,,33.600000,,33.600000,537.000000,537.000000,0.000000,0.000000,,16.000000,False
Drew Sample,CIN,TE,receivingYards,STARTER,Ourlads depth chart,True,False,0.000000,RETURNING_FROM_INJURY_OR_SHORTENED,SHORTENED_PRIOR_SEASON,UNKNOWN,32.000000,9.468135,32.000000,532.000000,532.000000,0.000000,1.000000,11.095918,16.000000,False
Pharaoh Brown,IND,TE,receivingYards,STARTER,Ourlads depth chart,True,False,0.000000,DECLINING,LATE_CAREER|SHORTENED_PRIOR_SEASON|RECENT_TEAM_CHANGE,UNKNOWN,33.300000,3.501413,33.300000,532.000000,532.000000,0.000000,0.000000,7.273684,16.000000,False
Michael Trigg,DAL,TE,receivingYards,STARTER,Ourlads depth chart,False,False,0.000000,,,,33.100000,,33.100000,529.000000,529.000000,0.000000,0.000000,,16.000000,False
Jack Velling,ATL,TE,receivingYards,STARTER,Ourlads depth chart,False,False,0.000000,,,,32.900000,,32.900000,527.000000,527.000000,0.000000,0.000000,,16.000000,False
Patrick Gurd,LV,TE,receivingYards,STARTER,Ourlads depth chart,False,False,0.000000,,,,32.900000,,32.900000,527.000000,527.000000,0.000000,0.000000,,16.000000,False
Charlie Kolar,LAC,TE,receivingYards,STARTER,Ourlads depth chart,True,False,0.000000,RETURNING_FROM_INJURY_OR_SHORTENED,SHORTENED_PRIOR_SEASON,UNKNOWN,32.900000,10.912613,32.900000,526.000000,526.000000,0.000000,0.000000,10.036364,16.000000,False
Evan Svoboda,LAC,TE,receivingYards,STARTER,Ourlads depth chart,False,False,0.000000,,,,32.900000,,32.900000,526.000000,526.000000,0.000000,0.000000,,16.000000,False
Stone Smartt,NO,TE,receivingYards,STARTER,Ourlads depth chart,True,False,0.000000,ESTABLISHED,SHORTENED_PRIOR_SEASON|ROLE_DROP|RECENT_TEAM_CHANGE,UNKNOWN,32.800000,12.556464,32.800000,524.000000,524.000000,0.000000,0.000000,7.861538,16.000000,False
John FitzPatrick,CLE,TE,receivingYards,STARTER,Ourlads depth chart,False,False,0.000000,,,,32.600000,,32.600000,522.000000,522.000000,0.000000,0.000000,,16.000000,False
CJ Dippre,TB,TE,receivingYards,STARTER,Ourlads depth chart,False,False,0.000000,,,,32.600000,,32.600000,521.000000,521.000000,0.000000,0.000000,,16.000000,False
Jack Westover,WAS,TE,receivingYards,STARTER,Ourlads depth chart,True,False,0.000000,LOW_SAMPLE,SHORTENED_PRIOR_SEASON,UNKNOWN,32.400000,6.287879,32.400000,518.000000,518.000000,0.000000,0.000000,7.000000,16.000000,False
Gunnar Helm,TEN,TE,receivingYards,STARTER,current regular-season usage + depth-chart evidence,True,False,0.000000,LOW_SAMPLE,,UNKNOWN,29.200000,18.762821,29.200000,510.000000,510.000000,0.000000,2.000000,13.857143,16.000000,False
Cody Hardy,NYJ,TE,receivingYards,STARTER,Ourlads depth chart,False,False,0.000000,,,,31.800000,,31.800000,509.000000,509.000000,0.000000,0.000000,,16.000000,False
Mason Taylor,NYJ,TE,receivingYards,STARTER,Ourlads depth chart,True,False,0.000000,LOW_SAMPLE,SHORTENED_PRIOR_SEASON,UNKNOWN,31.800000,32.161616,31.800000,509.000000,509.000000,0.000000,0.000000,13.960000,16.000000,False
Joel Wilson,TEN,TE,receivingYards,STARTER,Ourlads depth chart,False,False,0.000000,,,,31.300000,,31.300000,501.000000,501.000000,0.000000,0.000000,,16.000000,False
Teagan Quitoriano,ARI,TE,receivingYards,STARTER,Ourlads depth chart,True,False,0.000000,LOW_SAMPLE,SHORTENED_PRIOR_SEASON|RECENT_TEAM_CHANGE,UNKNOWN,29.700000,6.430191,29.700000,474.000000,474.000000,0.000000,0.000000,6.339100,16.000000,False
Drake Dabney,GB,TE,receivingYards,STARTER,Ourlads depth chart,True,False,0.000000,LOW_SAMPLE,SHORTENED_PRIOR_SEASON,UNKNOWN,29.000000,7.206349,29.000000,463.000000,463.000000,0.000000,0.000000,6.538462,16.000000,False
Jonnu Smith,GB,TE,receivingYards,CO-STARTER / COMMITTEE,Ourlads depth chart,True,False,0.000000,ROLE_CHANGED,ROLE_DROP|RECENT_TEAM_CHANGE,UNKNOWN,17.300000,20.947221,17.300000,342.000000,342.000000,0.000000,2.000000,16.047619,16.000000,False
David Njoku,LAC,TE,receivingYards,UNCERTAIN,uncertain fallback because no verified depth source was available,True,False,0.000000,ESTABLISHED,SHORTENED_PRIOR_SEASON|ROLE_DROP,UNKNOWN,14.500000,34.241192,14.500000,290.000000,290.000000,0.000000,1.000000,11.810000,16.000000,False
Noah Gray,KC,TE,receivingYards,ROTATIONAL,Ourlads depth chart,True,False,0.000000,ESTABLISHED,,UNKNOWN,14.400000,17.735670,14.400000,270.000000,270.000000,0.000000,1.000000,14.300000,16.000000,False
Cole Kmet,CHI,TE,receivingYards,ROTATIONAL,Ourlads depth chart,True,False,0.000000,ROLE_CHANGED,ROLE_DROP,UNKNOWN,14.100000,22.914469,14.100000,261.000000,261.000000,0.000000,1.000000,15.200000,16.000000,False
Oronde Gadsden,LAC,TE,receivingYards,ROTATIONAL,Ourlads depth chart,True,False,0.000000,LOW_SAMPLE,,UNKNOWN,13.300000,38.752381,13.300000,245.000000,245.000000,0.000000,1.000000,15.000000,16.000000,False
Matthew Hibner,BAL,TE,receivingYards,ROTATIONAL,rotational fallback because no verified depth source was available,False,False,0.000000,,,,12.800000,,12.800000,241.000000,241.000000,0.000000,2.000000,,16.000000,False
Luke Farrell,SF,TE,receivingYards,ROTATIONAL,Ourlads depth chart,True,False,0.000000,ESTABLISHED,SHORTENED_PRIOR_SEASON|RECENT_TEAM_CHANGE,UNKNOWN,12.700000,7.578155,12.700000,222.000000,222.000000,0.000000,1.000000,11.164894,16.000000,False
Eric Saubert,SEA,TE,receivingYards,ROTATIONAL,Ourlads depth chart,True,False,0.000000,DECLINING,LATE_CAREER|SHORTENED_PRIOR_SEASON|ROLE_DROP|RECENT_TEAM_CHANGE,UNKNOWN,12.200000,4.462615,12.200000,208.000000,208.000000,0.000000,1.000000,8.333333,16.000000,False
Nate Boerkircher,JAX,TE,receivingYards,ROTATIONAL,Ourlads depth chart,False,False,0.000000,,,,12.800000,,12.800000,204.000000,204.000000,0.000000,0.000000,,16.000000,False
Brevyn Spann-Ford,DAL,TE,receivingYards,ROTATIONAL,Ourlads depth chart,True,False,0.000000,DEVELOPING,,UNKNOWN,11.600000,6.682825,11.600000,199.000000,199.000000,0.000000,1.000000,12.316742,16.000000,False
Adam Trautman,DEN,TE,receivingYards,ROTATIONAL,Ourlads depth chart,True,False,0.000000,RETURNING_FROM_INJURY_OR_SHORTENED,SHORTENED_PRIOR_SEASON,UNKNOWN,11.600000,14.627734,11.600000,196.000000,196.000000,0.000000,1.000000,13.361111,16.000000,False
Daniel Bellinger,TEN,TE,receivingYards,ROTATIONAL,Ourlads depth chart,True,False,0.000000,RETURNING_FROM_INJURY_OR_SHORTENED,SHORTENED_PRIOR_SEASON,UNKNOWN,11.200000,16.707215,11.200000,196.000000,196.000000,0.000000,1.000000,12.650000,16.000000,False
John Bates,WAS,TE,receivingYards,ROTATIONAL,Ourlads depth chart,True,False,0.000000,RETURNING_FROM_INJURY_OR_SHORTENED,SHORTENED_PRIOR_SEASON,UNKNOWN,11.300000,9.867298,11.300000,193.000000,193.000000,0.000000,1.000000,12.342000,16.000000,False
Dawson Knox,BUF,TE,receivingYards,ROTATIONAL,Ourlads depth chart,True,False,0.000000,ESTABLISHED,,UNKNOWN,12.000000,22.985138,12.000000,192.000000,192.000000,0.000000,0.000000,13.923077,16.000000,False
Jack Stoll,SF,TE,receivingYards,ROTATIONAL,Ourlads depth chart,False,False,0.000000,,,,12.000000,,12.000000,192.000000,192.000000,0.000000,0.000000,,16.000000,False
Terrance Ferguson,LAR,TE,receivingYards,ROTATIONAL,Ourlads depth chart,True,False,0.000000,LOW_SAMPLE,SHORTENED_PRIOR_SEASON,UNKNOWN,12.500000,12.236559,12.500000,191.000000,191.000000,0.000000,0.000000,8.913043,15.300000,False
Gavin Bartholomew,MIN,TE,receivingYards,ROTATIONAL,Ourlads depth chart,False,False,0.000000,,,,11.700000,,11.700000,188.000000,188.000000,0.000000,0.000000,,16.000000,False
Qadir Ismail,CHI,TE,receivingYards,ROTATIONAL,Ourlads depth chart,False,False,0.000000,,,,11.800000,,11.800000,188.000000,188.000000,0.000000,0.000000,,16.000000,False
Brock Wright,DET,TE,receivingYards,ROTATIONAL,Ourlads depth chart,True,False,0.000000,RETURNING_FROM_INJURY_OR_SHORTENED,SHORTENED_PRIOR_SEASON,UNKNOWN,11.600000,12.181935,11.600000,186.000000,186.000000,0.000000,0.000000,10.215000,16.000000,False
Miles Kitselman,DET,TE,receivingYards,ROTATIONAL,Ourlads depth chart,False,False,0.000000,,,,11.600000,,11.600000,186.000000,186.000000,0.000000,0.000000,,16.000000,False
Hunter Long,ARI,TE,receivingYards,ROTATIONAL,Ourlads depth chart,True,False,0.000000,RETURNING_FROM_INJURY_OR_SHORTENED,SHORTENED_PRIOR_SEASON|RECENT_TEAM_CHANGE,UNKNOWN,11.600000,7.114125,11.600000,185.000000,185.000000,0.000000,0.000000,7.448387,16.000000,False
Johnny Mundt,PHI,TE,receivingYards,ROTATIONAL,Ourlads depth chart,True,False,0.000000,ESTABLISHED,SHORTENED_PRIOR_SEASON|RECENT_TEAM_CHANGE,UNKNOWN,11.600000,11.178563,11.600000,185.000000,185.000000,0.000000,0.000000,12.225000,16.000000,False
Zach Ertz,PHI,TE,receivingYards,ROTATIONAL,Ourlads depth chart,False,False,0.000000,,,,11.600000,,11.600000,185.000000,185.000000,0.000000,0.000000,,16.000000,False
Foster Moreau,HOU,TE,receivingYards,ROTATIONAL,Ourlads depth chart,True,False,0.000000,ESTABLISHED,SHORTENED_PRIOR_SEASON|ROLE_DROP,UNKNOWN,11.100000,13.545844,11.100000,184.000000,184.000000,0.000000,1.000000,9.950000,16.000000,False
Will Kacmarek,MIA,TE,receivingYards,ROTATIONAL,Ourlads depth chart,False,False,0.000000,,,,11.500000,,11.500000,184.000000,184.000000,0.000000,0.000000,,16.000000,False
Kenny Fletcher Jr.,IND,TE,receivingYards,ROTATIONAL,Ourlads depth chart,False,False,0.000000,,,,11.400000,,11.400000,182.000000,182.000000,0.000000,0.000000,,16.000000,False
Durham Smythe,BAL,TE,receivingYards,ROTATIONAL,Ourlads depth chart,True,False,0.000000,ESTABLISHED,SHORTENED_PRIOR_SEASON|RECENT_TEAM_CHANGE,UNKNOWN,11.500000,7.024984,11.500000,181.000000,181.000000,0.000000,0.000000,9.478261,15.700000,False
James Mitchell,DAL,TE,receivingYards,ROTATIONAL,Ourlads depth chart,True,False,0.000000,RETURNING_FROM_INJURY_OR_SHORTENED,SHORTENED_PRIOR_SEASON|RECENT_TEAM_CHANGE,UNKNOWN,11.300000,10.185606,11.300000,181.000000,181.000000,0.000000,0.000000,6.500000,16.000000,False
Charlie Woerner,ATL,TE,receivingYards,ROTATIONAL,Ourlads depth chart,True,False,0.000000,RETURNING_FROM_INJURY_OR_SHORTENED,SHORTENED_PRIOR_SEASON,UNKNOWN,11.300000,7.032883,11.300000,180.000000,180.000000,0.000000,0.000000,10.408537,16.000000,False
Chris Myarick,LV,TE,receivingYards,ROTATIONAL,Ourlads depth chart,False,False,0.000000,,,,11.300000,,11.300000,180.000000,180.000000,0.000000,0.000000,,16.000000,False
Blake Whiteheart,CLE,TE,receivingYards,ROTATIONAL,Ourlads depth chart,True,False,0.000000,DEVELOPING,SHORTENED_PRIOR_SEASON,UNKNOWN,11.200000,4.484942,11.200000,179.000000,179.000000,0.000000,0.000000,8.168067,16.000000,False
Mo Alie-Cox,IND,TE,receivingYards,ROTATIONAL,Ourlads depth chart,True,False,0.000000,RETURNING_FROM_INJURY_OR_SHORTENED,LATE_CAREER|SHORTENED_PRIOR_SEASON,UNKNOWN,11.400000,12.620720,11.400000,179.000000,179.000000,0.000000,0.000000,11.868367,15.700000,False
Payne Durham,TB,TE,receivingYards,ROTATIONAL,Ourlads depth chart,True,False,0.000000,DEVELOPING,SHORTENED_PRIOR_SEASON,UNKNOWN,11.100000,8.806781,11.100000,178.000000,178.000000,0.000000,0.000000,9.217647,16.000000,False
Theo Johnson,NYG,TE,receivingYards,ROTATIONAL,Ourlads depth chart,True,False,0.000000,ASCENDING,,UNKNOWN,11.100000,36.369215,11.100000,178.000000,178.000000,0.000000,0.000000,14.034056,16.000000,False
Eli Raridon,NE,TE,receivingYards,ROTATIONAL,Ourlads depth chart,False,False,0.000000,,,,10.900000,,10.900000,172.000000,172.000000,0.000000,1.000000,,15.700000,False
Jake Tonges,SF,TE,receivingYards,UNCERTAIN,uncertain fallback because no verified depth source was available,True,False,0.000000,RETURNING_FROM_INJURY_OR_SHORTENED,SHORTENED_PRIOR_SEASON,UNKNOWN,10.300000,13.736310,10.300000,165.000000,165.000000,0.000000,0.000000,8.866667,16.000000,False
Caleb Lohner,DEN,TE,receivingYards,UNCERTAIN,uncertain fallback because no verified depth source was available,False,False,0.000000,,,,10.200000,,10.200000,163.000000,163.000000,0.000000,0.000000,,16.000000,False
Julian Hill,NE,TE,receivingYards,UNCERTAIN,uncertain fallback because no verified depth source was available,True,False,0.000000,RETURNING_FROM_INJURY_OR_SHORTENED,SHORTENED_PRIOR_SEASON|ROLE_DROP,UNKNOWN,10.200000,8.828840,10.200000,163.000000,163.000000,0.000000,0.000000,10.941489,16.000000,False
Shawn Bowman,ARI,TE,receivingYards,ROTATIONAL,Ourlads depth chart,False,False,0.000000,,,,10.200000,,10.200000,162.000000,162.000000,0.000000,0.000000,,16.000000,False
John Michael Gyllenborg,KC,TE,receivingYards,UNCERTAIN,uncertain fallback because no verified depth source was available,False,False,0.000000,,,,10.100000,,10.100000,161.000000,161.000000,0.000000,0.000000,,16.000000,False
Cole Turner,MIA,TE,receivingYards,UNCERTAIN,uncertain fallback because no verified depth source was available,False,False,0.000000,,,,9.900000,,9.900000,158.000000,158.000000,0.000000,0.000000,,16.000000,False
Josh Oliver,MIN,TE,receivingYards,UNCERTAIN,uncertain fallback because no verified depth source was available,True,False,0.000000,ESTABLISHED,SHORTENED_PRIOR_SEASON,UNKNOWN,11.300000,16.145271,11.300000,157.000000,157.000000,0.000000,1.000000,12.113265,12.000000,False
Sean McKeon,IND,TE,receivingYards,UNCERTAIN,uncertain fallback because no verified depth source was available,False,False,0.000000,,,,9.800000,,9.800000,157.000000,157.000000,0.000000,0.000000,,16.000000,False
Princeton Fant,DAL,TE,receivingYards,UNCERTAIN,uncertain fallback because no verified depth source was available,True,False,0.000000,RETURNING_FROM_INJURY_OR_SHORTENED,SHORTENED_PRIOR_SEASON,UNKNOWN,9.700000,5.659091,9.700000,156.000000,156.000000,0.000000,0.000000,7.000000,16.000000,False
Carter Runyon,LV,TE,receivingYards,UNCERTAIN,uncertain fallback because no verified depth source was available,True,False,0.000000,LOW_SAMPLE,SHORTENED_PRIOR_SEASON,UNKNOWN,9.700000,6.691700,9.700000,155.000000,155.000000,0.000000,0.000000,7.000000,16.000000,False
Joe Royer,CLE,TE,receivingYards,UNCERTAIN,uncertain fallback because no verified depth source was available,False,False,0.000000,,,,9.600000,,9.600000,154.000000,154.000000,0.000000,0.000000,,16.000000,False
Moliki Matavao,NO,TE,receivingYards,UNCERTAIN,uncertain fallback because no verified depth source was available,True,False,0.000000,LOW_SAMPLE,SHORTENED_PRIOR_SEASON,UNKNOWN,9.600000,7.539683,9.600000,154.000000,154.000000,0.000000,0.000000,6.538462,16.000000,False
Jaren Kanak,TEN,TE,receivingYards,UNCERTAIN,uncertain fallback because no verified depth source was available,False,False,0.000000,,,,9.200000,,9.200000,147.000000,147.000000,0.000000,0.000000,,16.000000,False
Luke Musgrave,GB,TE,receivingYards,UNCERTAIN,uncertain fallback because no verified depth source was available,True,False,0.000000,RETURNING_FROM_INJURY_OR_SHORTENED,SHORTENED_PRIOR_SEASON,UNKNOWN,8.500000,16.616639,8.500000,136.000000,136.000000,0.000000,0.000000,10.630233,16.000000,False
Mitchell Evans,CAR,TE,receivingYards,DEVELOPMENTAL,Ourlads depth chart,True,False,0.000000,LOW_SAMPLE,,UNKNOWN,5.100000,9.392157,5.100000,118.000000,118.000000,0.000000,1.000000,10.769231,16.000000,False
Davis Allen,LAR,TE,receivingYards,DEVELOPMENTAL,Ourlads depth chart,True,False,0.000000,ASCENDING,ROLE_DROP,UNKNOWN,3.600000,11.589443,3.600000,76.000000,76.000000,0.000000,1.000000,10.404878,16.000000,False
Elijah Higgins,ARI,TE,receivingYards,DEVELOPMENTAL,Ourlads depth chart,True,False,0.000000,ASCENDING,,UNKNOWN,3.400000,16.747576,3.400000,74.000000,74.000000,0.000000,1.000000,14.736364,16.000000,False
Austin Hooper,ATL,TE,receivingYards,DEVELOPMENTAL,Ourlads depth chart,True,False,0.000000,RETURNING_FROM_INJURY_OR_SHORTENED,SHORTENED_PRIOR_SEASON,UNKNOWN,2.600000,21.443098,2.600000,53.000000,53.000000,0.000000,1.000000,14.656897,16.000000,False
Jake Briningstool,KC,TE,receivingYards,DEVELOPMENTAL,Ourlads depth chart,False,False,0.000000,,,,2.500000,,2.500000,49.000000,49.000000,0.000000,1.000000,,16.000000,False
Quintin Morris,JAX,TE,receivingYards,DEVELOPMENTAL,Ourlads depth chart,True,False,0.000000,ESTABLISHED,SHORTENED_PRIOR_SEASON|RECENT_TEAM_CHANGE,UNKNOWN,1.900000,6.037794,1.900000,31.000000,31.000000,0.000000,0.000000,8.887143,16.000000,False
Elijah Arroyo,SEA,TE,receivingYards,DEVELOPMENTAL,Ourlads depth chart,True,False,0.000000,LOW_SAMPLE,SHORTENED_PRIOR_SEASON,UNKNOWN,1.800000,15.074592,1.800000,29.000000,29.000000,0.000000,0.000000,12.040000,16.000000,False
Jackson Hawes,BUF,TE,receivingYards,DEVELOPMENTAL,Ourlads depth chart,True,False,0.000000,LOW_SAMPLE,SHORTENED_PRIOR_SEASON,UNKNOWN,1.800000,10.239669,1.800000,29.000000,29.000000,0.000000,0.000000,10.600000,16.000000,False
Keleki Latu,BUF,TE,receivingYards,DEVELOPMENTAL,Ourlads depth chart,True,False,0.000000,LOW_SAMPLE,SHORTENED_PRIOR_SEASON,UNKNOWN,1.800000,7.971014,1.800000,29.000000,29.000000,0.000000,0.000000,6.200000,16.000000,False
Nick Kallerup,SEA,TE,receivingYards,DEVELOPMENTAL,Ourlads depth chart,True,False,0.000000,LOW_SAMPLE,SHORTENED_PRIOR_SEASON,UNKNOWN,1.800000,6.287879,1.800000,29.000000,29.000000,0.000000,0.000000,7.000000,16.000000,False
Cade Stover,HOU,TE,receivingYards,DEVELOPMENTAL,Ourlads depth chart,True,False,0.000000,RETURNING_FROM_INJURY_OR_SHORTENED,SHORTENED_PRIOR_SEASON,UNKNOWN,1.700000,12.431006,1.700000,28.000000,28.000000,0.000000,0.000000,10.916667,16.000000,False
Jared Wiley,KC,TE,receivingYards,DEVELOPMENTAL,Ourlads depth chart,True,False,0.000000,LOW_SAMPLE,SHORTENED_PRIOR_SEASON,UNKNOWN,1.800000,6.958608,1.800000,28.000000,28.000000,0.000000,0.000000,6.729412,16.000000,False
Robert Tonyan,PIT,TE,receivingYards,DEVELOPMENTAL,Ourlads depth chart,True,False,0.000000,DECLINING,LATE_CAREER|SHORTENED_PRIOR_SEASON|ROLE_DROP|RECENT_TEAM_CHANGE,UNKNOWN,1.700000,3.442069,1.700000,28.000000,28.000000,0.000000,0.000000,6.208145,16.000000,False
Tyler Conklin,DET,TE,receivingYards,DEVELOPMENTAL,Ourlads depth chart,True,False,0.000000,ESTABLISHED,SHORTENED_PRIOR_SEASON|ROLE_DROP|RECENT_TEAM_CHANGE,UNKNOWN,1.700000,21.930531,1.700000,28.000000,28.000000,0.000000,0.000000,10.026471,16.000000,False
Bauer Sharp,TB,TE,receivingYards,DEVELOPMENTAL,Ourlads depth chart,False,False,0.000000,,,,1.700000,,1.700000,27.000000,27.000000,0.000000,0.000000,,16.000000,False
Carsen Ryan,CLE,TE,receivingYards,DEVELOPMENTAL,Ourlads depth chart,False,False,0.000000,,,,1.700000,,1.700000,27.000000,27.000000,0.000000,0.000000,,16.000000,False
Chris Manhertz,NYG,TE,receivingYards,DEVELOPMENTAL,Ourlads depth chart,True,False,0.000000,DECLINING,LATE_CAREER|SHORTENED_PRIOR_SEASON,UNKNOWN,1.700000,2.955660,1.700000,27.000000,27.000000,0.000000,0.000000,6.172581,16.000000,False
Erick All Jr.,CIN,TE,receivingYards,DEVELOPMENTAL,Ourlads depth chart,False,False,0.000000,,,,1.700000,,1.700000,27.000000,27.000000,0.000000,0.000000,,16.000000,False
Feleipe Franks,CAR,TE,receivingYards,DEVELOPMENTAL,Ourlads depth chart,True,False,0.000000,ESTABLISHED,SHORTENED_PRIOR_SEASON|RECENT_TEAM_CHANGE,UNKNOWN,1.700000,1.884253,1.700000,27.000000,27.000000,0.000000,0.000000,9.009488,16.000000,False
Ian Thomas,LV,TE,receivingYards,DEVELOPMENTAL,Ourlads depth chart,True,False,0.000000,RETURNING_FROM_INJURY_OR_SHORTENED,SHORTENED_PRIOR_SEASON|RECENT_TEAM_CHANGE,UNKNOWN,1.700000,7.701899,1.700000,27.000000,27.000000,0.000000,0.000000,6.968750,16.000000,False
Ja'Tavion Sanders,CAR,TE,receivingYards,DEVELOPMENTAL,Ourlads depth chart,True,False,0.000000,DEVELOPING,SHORTENED_PRIOR_SEASON|ROLE_DROP,UNKNOWN,1.700000,17.197953,1.700000,27.000000,27.000000,0.000000,0.000000,12.425339,16.000000,False
Jack Endries,CIN,TE,receivingYards,DEVELOPMENTAL,Ourlads depth chart,False,False,0.000000,,,,1.700000,,1.700000,27.000000,27.000000,0.000000,0.000000,,16.000000,False
Oscar Delp,NO,TE,receivingYards,DEVELOPMENTAL,Ourlads depth chart,False,False,0.000000,,,,1.700000,,1.700000,27.000000,27.000000,0.000000,0.000000,,16.000000,False
Seydou Traore,MIA,TE,receivingYards,DEVELOPMENTAL,Ourlads depth chart,False,False,0.000000,,,,1.700000,,1.700000,27.000000,27.000000,0.000000,0.000000,,16.000000,False
Tanner Hudson,CIN,TE,receivingYards,DEVELOPMENTAL,Ourlads depth chart,True,False,0.000000,RETURNING_FROM_INJURY_OR_SHORTENED,SHORTENED_PRIOR_SEASON|ROLE_DROP,UNKNOWN,1.700000,17.446902,1.700000,27.000000,27.000000,0.000000,0.000000,9.513953,16.000000,False
Thomas Fidone II,NYG,TE,receivingYards,DEVELOPMENTAL,Ourlads depth chart,True,False,0.000000,LOW_SAMPLE,SHORTENED_PRIOR_SEASON,UNKNOWN,1.700000,7.063492,1.700000,27.000000,27.000000,0.000000,0.000000,6.538462,16.000000,False
Treyton Welch,NO,TE,receivingYards,DEVELOPMENTAL,Ourlads depth chart,False,False,0.000000,,,,1.700000,,1.700000,27.000000,27.000000,0.000000,0.000000,,16.000000,False
Ben Sinnott,WAS,TE,receivingYards,DEVELOPMENTAL,Ourlads depth chart,True,False,0.000000,RETURNING_FROM_INJURY_OR_SHORTENED,SHORTENED_PRIOR_SEASON,UNKNOWN,1.700000,8.137713,1.700000,26.000000,26.000000,0.000000,0.000000,7.533333,15.700000,False
Jelani Woods,NYJ,TE,receivingYards,DEVELOPMENTAL,Ourlads depth chart,True,False,0.000000,LOW_SAMPLE,SHORTENED_PRIOR_SEASON,UNKNOWN,1.600000,7.041322,1.600000,26.000000,26.000000,0.000000,0.000000,7.142857,16.000000,False
Ko Kieft,TB,TE,receivingYards,DEVELOPMENTAL,Ourlads depth chart,True,False,0.000000,DEVELOPING,SHORTENED_PRIOR_SEASON,UNKNOWN,1.700000,3.362146,1.700000,26.000000,26.000000,0.000000,0.000000,5.500000,15.700000,False
